{"type":"FeatureCollection","crs":{"type":"name","properties":{"name":"urn:ogc:def:crs:OGC:1.3:CRS84"}},"features":[{"type":"Feature","properties":{"shapeName":"1er Arrondissement","shapeISO":"","shapeID":"10022922B83786714905046","shapeGroup":"MDG","shapeType":"ADM2"},"geometry":{"type":"Polygon","coordinates":[[[47.51641043500007,-18.894836949999956],[47.49234634800001,-18.888629565999906],[47.501723813000126,-18.919861936000018],[47.533507617,-18.917785320999883],[47.532395146000056,-18.90772482899996],[47.51641043500007,-18.894836949999956]]]}},{"type":"Feature","properties":{"shapeName":"2e Arrondissement","shapeISO":"","shapeID":"10022922B64856352127888","shapeGroup":"MDG","shapeType":"ADM2"},"geometry":{"type":"Polygon","coordinates":[[[47.53086423500014,-18.920051910999916],[47.53244761400015,-18.93555925000004],[47.53710073299993,-18.93332092299994],[47.527962157,-18.945563286999914],[47.53248060000004,-18.95548957299991],[47.57530081100015,-18.920458726999925],[47.55594928700003,-18.91055425099995],[47.53086423500014,-18.920051910999916]]]}},{"type":"Feature","properties":{"shapeName":"3e Arrondissement","shapeISO":"","shapeID":"10022922B59270450060951","shapeGroup":"MDG","shapeType":"ADM2"},"geometry":{"type":"Polygon","coordinates":[[[47.53342822500019,-18.913808993999965],[47.54784872200008,-18.91005756899989],[47.546866667000074,-18.900033336000035],[47.53423333300003,-18.8980166689999],[47.52823599200019,-18.88446145899991],[47.51364587900014,-18.87833537999984],[47.51040487300003,-18.886707759999865],[47.53342822500019,-18.913808993999965]]]}},{"type":"Feature","properties":{"shapeName":"4e Arrondissement","shapeISO":"","shapeID":"10022922B42847936410668","shapeGroup":"MDG","shapeType":"ADM2"},"geometry":{"type":"Polygon","coordinates":[[[47.49831729500016,-18.909847219999904],[47.49237712600012,-18.924237113999823],[47.50128875700017,-18.947965610999972],[47.52866652600011,-18.95418737],[47.52508727700018,-18.944567067999913],[47.53650512800016,-18.93665726999984],[47.53075933100018,-18.919505843999957],[47.511151484000095,-18.921558154999957],[47.49831729500016,-18.909847219999904]]]}},{"type":"Feature","properties":{"shapeName":"5e Arrondissement","shapeISO":"","shapeID":"10022922B36895306051586","shapeGroup":"MDG","shapeType":"ADM2"},"geometry":{"type":"Polygon","coordinates":[[[47.57369045400003,-18.917323546999853],[47.55392207100016,-18.870834791999982],[47.52740099900012,-18.84780254999987],[47.51153256300006,-18.85215705999991],[47.51128795500006,-18.875691501999825],[47.52727755199993,-18.8828102],[47.532745,-18.897159166999813],[47.54226666700015,-18.894716668999877],[47.54922019400004,-18.913371558999813],[47.57369045400003,-18.917323546999853]]]}},{"type":"Feature","properties":{"shapeName":"6e Arrondissement","shapeISO":"","shapeID":"10022922B53755400100934","shapeGroup":"MDG","shapeType":"ADM2"},"geometry":{"type":"Polygon","coordinates":[[[47.51641043500007,-18.894836949999956],[47.50409504300018,-18.842176729999892],[47.483159953000154,-18.83934962299992],[47.469825326000034,-18.87165793199989],[47.490338191000035,-18.891376168999955],[47.49591666600003,-18.886533336000014],[47.51641043500007,-18.894836949999956]]]}},{"type":"Feature","properties":{"shapeName":"Antananarivo Avaradrano","shapeISO":"","shapeID":"10022922B99940912082943","shapeGroup":"MDG","shapeType":"ADM2"},"geometry":{"type":"Polygon","coordinates":[[[47.54183970200012,-18.949836665999896],[47.550516667000124,-18.95853333699995],[47.5482952000001,-18.968075907000014],[47.58608333300003,-18.97751667],[47.59281833700004,-19.01982277499991],[47.620500000000106,-19.012166668999896],[47.62507318200011,-19.047717596999917],[47.618366668000135,-19.052366668999923],[47.63535,-19.057700002999866],[47.639616666000165,-19.067966669999976],[47.63467116100014,-19.12556841499992],[47.66581792600016,-19.1196526],[47.67424011300005,-19.139966764999826],[47.68985972400009,-19.14674493499996],[47.70693368500014,-19.124789280000016],[47.707400040000095,-19.09309369999994],[47.724438333000194,-19.070841211999948],[47.741991503,-19.06998450099985],[47.74519947500005,-19.054914474999862],[47.73455614000005,-19.020676104000017],[47.6932050490002,-19.005862610999827],[47.67781497600021,-19.008295895999822],[47.6859205400001,-18.988517236999883],[47.67439576400005,-18.95934308999989],[47.68150477600011,-18.88828891199995],[47.667864289000136,-18.886876986999937],[47.66459260499994,-18.8772132659999],[47.67341499700018,-18.86926017799982],[47.67001009600011,-18.85027991099986],[47.68446292200008,-18.839069699999925],[47.70276666600023,-18.793566669999905],[47.68822270600015,-18.790662737999867],[47.663444052000045,-18.746391647999985],[47.648683333000065,-18.738683337],[47.63293333300004,-18.74781666999985],[47.63054999900004,-18.729750003999982],[47.65259999900013,-18.717933336999977],[47.64457543800012,-18.709043356999928],[47.61407328700011,-18.717052912999975],[47.598475121000206,-18.688811570999974],[47.57316666600025,-18.69610000399996],[47.55743333300006,-18.723083336999935],[47.560406897000064,-18.73009943099987],[47.540834970000105,-18.738759092999885],[47.54958484400004,-18.751374148999957],[47.52368333300018,-18.77086666999992],[47.51851666599998,-18.785166669999967],[47.521566666000126,-18.808983336999972],[47.50446666599993,-18.853233335999903],[47.53228333299995,-18.850200003],[47.56078565500013,-18.879758110999944],[47.56028551300017,-18.894911002999947],[47.57254143300008,-18.908991456999956],[47.57495740200005,-18.927227360999893],[47.54183970200012,-18.949836665999896]]]}},{"type":"Feature","properties":{"shapeName":"Ambohidratrimo","shapeISO":"","shapeID":"10022922B52736847594449","shapeGroup":"MDG","shapeType":"ADM2"},"geometry":{"type":"Polygon","coordinates":[[[47.509505120000085,-18.84673577899997],[47.521083333000206,-18.80708333699988],[47.52015,-18.77915000299987],[47.54774999900019,-18.755900002999965],[47.540834970000105,-18.738759092999885],[47.560406897000064,-18.73009943099987],[47.57316666600025,-18.69610000399996],[47.598475121000206,-18.688811570999974],[47.62949999900019,-18.652900003999946],[47.65011666600009,-18.667033336999964],[47.65911363300012,-18.628538652999907],[47.62780014100025,-18.582910731999846],[47.6259490230002,-18.552736990000028],[47.61690173000011,-18.543368468999972],[47.61301733600004,-18.51940175300001],[47.59752106100012,-18.513841772999967],[47.61904357300011,-18.469164207999825],[47.604101238000226,-18.46439376699982],[47.59610144200019,-18.47115683399994],[47.582855702000245,-18.465257050999924],[47.57229503600024,-18.47003992099991],[47.56331450600004,-18.50840226899993],[47.55267608300011,-18.50647486299988],[47.5360804300002,-18.491340336999883],[47.5129423460001,-18.437919238999825],[47.48786497700007,-18.432673943999873],[47.462035303999926,-18.45058086800003],[47.41532537800015,-18.462060356999928],[47.412830646000145,-18.45135742799988],[47.39789658500024,-18.450099653999814],[47.395519585000216,-18.477418207000028],[47.37981621,-18.47737413399983],[47.349844564000136,-18.502721076999876],[47.35786763300024,-18.51743378699996],[47.33476666600012,-18.518850004],[47.331316666000134,-18.550000003999855],[47.29366069600019,-18.5861111399999],[47.30106783000019,-18.601571688000035],[47.28045027800016,-18.66055339399992],[47.27116122800021,-18.663780231000032],[47.25885013800013,-18.649724265999907],[47.25084566900017,-18.656554165999978],[47.241533633000074,-18.67542231699997],[47.24729612300007,-18.718397826999876],[47.23556605500016,-18.72880365000003],[47.19684502400008,-18.724957111999913],[47.17435590300016,-18.761276033999877],[47.18653030900009,-18.759949447],[47.198621081000056,-18.769287183999893],[47.249111624000136,-18.76780817199989],[47.28070273500015,-18.792338309999877],[47.31799632100012,-18.792725240999914],[47.318056567000156,-18.814695500999903],[47.34357029500012,-18.834506320999935],[47.34852954400003,-18.853312409999944],[47.32842567,-18.854807141999913],[47.32491147200005,-18.879330936999963],[47.34888198200008,-18.910520287999987],[47.35842161700003,-18.906273756999894],[47.40114153800005,-18.9172650079999],[47.41643131400019,-18.905008893999877],[47.429832292000185,-18.908708553999816],[47.43258333300014,-18.89365000299989],[47.44101302200016,-18.898147801999983],[47.470192438000026,-18.875688417999925],[47.47890487800004,-18.84142372799994],[47.509505120000085,-18.84673577899997]]]}},{"type":"Feature","properties":{"shapeName":"Ankazobe","shapeISO":"","shapeID":"10022922B97289291498871","shapeGroup":"MDG","shapeType":"ADM2"},"geometry":{"type":"Polygon","coordinates":[[[47.41195877799993,-18.448877092999908],[47.425768978000065,-18.425579985000013],[47.43041184900005,-18.397096762],[47.45275184900021,-18.365693741999962],[47.45084280600008,-18.341279243999963],[47.47155106700012,-18.32880456199996],[47.46746825300016,-18.29180532700002],[47.44071797200007,-18.28940983699988],[47.44533989200005,-18.282691222999972],[47.43694618800009,-18.273562025999922],[47.43824928499998,-18.237789798999984],[47.450548889000174,-18.244279435999943],[47.44658019000019,-18.226791616000014],[47.453493253999966,-18.21734511],[47.44200564800019,-18.186168955999904],[47.46985018000015,-18.180464575999906],[47.46465939100011,-18.167158919999906],[47.48326250600019,-18.158750685999905],[47.47438960400001,-18.146962316999918],[47.47802462299995,-18.137292495999816],[47.49377905700021,-18.1342898609999],[47.511366720000126,-18.11673441199997],[47.50092448100003,-18.094176954999966],[47.501843363000035,-18.069630486],[47.49082148200017,-18.070752001999892],[47.49083099800009,-18.05143272600003],[47.4805549890001,-18.0490265869999],[47.49903673200009,-18.037459123999895],[47.49611219500014,-18.02782769299995],[47.50606349800006,-18.02246464999996],[47.49913409400017,-18.01662184499986],[47.50207098300007,-18.000917761999915],[47.49497597700008,-17.99826761399993],[47.50094120200009,-17.983587526999884],[47.4893671320001,-17.971329966999974],[47.49561063300001,-17.95793712099993],[47.47527874500014,-17.920267899999885],[47.487402799,-17.907133696999836],[47.42798184300011,-17.89815717099998],[47.428201891000185,-17.88505123599998],[47.38815245000018,-17.871923060999904],[47.3667070410001,-17.85575006699986],[47.343763621000164,-17.816605412999934],[47.34941752400016,-17.778252769999824],[47.33675932300025,-17.783632343999955],[47.31870134700023,-17.774702339999976],[47.31608029200015,-17.763162731999955],[47.27305536800009,-17.74958023499994],[47.24817265500013,-17.750794648999886],[47.21440274300005,-17.766140459999974],[47.188470121000194,-17.754588619999936],[47.167088866000086,-17.769278330999896],[47.160584473000085,-17.791020784999944],[47.143810091000205,-17.799364523999827],[47.11186027700006,-17.783047674999978],[47.09656367300005,-17.78931946399996],[47.057463871999914,-17.82708030799995],[47.05071923100013,-17.87956553999993],[47.035654717000114,-17.875061076999827],[47.025025111000105,-17.850657394999928],[46.993118049000145,-17.817368266000017],[46.98100371700019,-17.837924944999827],[46.94583912099995,-17.833389322999892],[46.92451381800004,-17.839690209999958],[46.916275185000245,-17.83080351000001],[46.85543948900016,-17.814540614999885],[46.807036052000115,-17.843560282],[46.79677249200017,-17.82705310900002],[46.800636938000196,-17.746546991999878],[46.79411759200008,-17.73018260999993],[46.770822204000126,-17.710046536999982],[46.720143761000145,-17.7134268449999],[46.66299040700011,-17.73930150099983],[46.653829546,-17.7356987739999],[46.63473344100015,-17.75456638299994],[46.60831848400011,-17.743387547999873],[46.59337505000019,-17.751802837000014],[46.54333903100007,-17.74918795499991],[46.53720585800005,-17.728842049999855],[46.52797278100019,-17.73469694299996],[46.520428819000244,-17.758877971999823],[46.50532081199992,-17.763229400999876],[46.52017944700003,-17.779713972000025],[46.49948040100014,-17.787359653999886],[46.49839314700006,-17.82121905899993],[46.520326180000154,-17.829058519999933],[46.5445593820001,-17.858964917000037],[46.56907098400012,-17.925129934999916],[46.60617856600015,-17.97584046199995],[46.61709813300013,-18.022901983],[46.62641528700004,-18.027040205],[46.639222932999985,-18.054343672000016],[46.635082806000185,-18.097658023999884],[46.64831878200005,-18.1057864469999],[46.64438815200009,-18.150741773999925],[46.65307617100012,-18.16657866399993],[46.657455753000136,-18.209841241999868],[46.70786331300013,-18.30543098099986],[46.75117727300017,-18.35701541399993],[46.754233309000085,-18.393583537999916],[46.79525591599992,-18.409338991999846],[46.80244179700003,-18.438455030999933],[46.81815815300013,-18.45708978],[46.822071955000126,-18.44484910499989],[46.84483904200016,-18.457547645000034],[46.88292757700009,-18.459552545999827],[46.910621552000066,-18.481447887999934],[46.91458574300009,-18.472792084999867],[46.92636563500025,-18.47187447099998],[46.93531873900008,-18.499515008999822],[46.95697630200016,-18.497678865999944],[46.976781040000105,-18.57081158299991],[47.00256119800014,-18.600966527999958],[47.01290751700009,-18.598464798],[47.021688699000094,-18.606012267999915],[47.04995034300009,-18.685884723999834],[47.07232744200019,-18.695433244999947],[47.096987362999926,-18.719970654999884],[47.11682109100019,-18.72827591499987],[47.13678627700011,-18.725519954999925],[47.139615524000135,-18.755104767999967],[47.171642860000134,-18.754119139999887],[47.170544422000205,-18.759652677999952],[47.19684502400008,-18.724957111999913],[47.23556605500016,-18.72880365000003],[47.24682066899999,-18.718527539000036],[47.241533633000074,-18.67542231699997],[47.25783157099994,-18.649756376999903],[47.275522758000136,-18.664686723999978],[47.28647040799996,-18.65724513999993],[47.281725946000165,-18.652787328999864],[47.30117038400016,-18.599283921999927],[47.29499780700007,-18.583567523999932],[47.32697154000016,-18.55218745099984],[47.33137999899992,-18.522450003999893],[47.35733353600017,-18.518051560999936],[47.34950410900012,-18.503688640999826],[47.37916574100012,-18.47811174000003],[47.395519585000216,-18.477418207000028],[47.39674614800015,-18.452448139999888],[47.41195877799993,-18.448877092999908]]]}},{"type":"Feature","properties":{"shapeName":"Manjakandriana","shapeISO":"","shapeID":"10022922B50774823120221","shapeGroup":"MDG","shapeType":"ADM2"},"geometry":{"type":"Polygon","coordinates":[[[47.70882407599993,-19.114298292],[47.72042455500008,-19.11528549999997],[47.72115701000001,-19.14176053099993],[47.73110901700005,-19.152982285999826],[47.745731528000135,-19.14752340399997],[47.756659030000094,-19.15228886299991],[47.78559299900019,-19.139756732999956],[47.80232730000006,-19.157537936999915],[47.82468381700022,-19.157157681999877],[47.83295832700003,-19.16994302499984],[47.847213842000144,-19.16387650099989],[47.84857685399993,-19.173930801999916],[47.87331501900019,-19.179359423999927],[47.90141548100013,-19.17074659399998],[47.93011947700012,-19.175660303999848],[47.93493802600011,-19.16927294300001],[47.934099999000125,-19.15748000299982],[47.92115810900009,-19.152240558000017],[47.895505747000186,-19.11888665899994],[47.89442944100011,-19.10657365999998],[47.92155698799996,-19.057102657999906],[47.92655524200018,-19.011780386999817],[47.937879642000155,-19.000984685999924],[47.94289905200014,-18.97933344599994],[47.93624309299997,-18.933652983999878],[47.943057503000205,-18.91915704099995],[47.94567404300017,-18.844893502999867],[47.942968586,-18.831364279000013],[47.93158682500001,-18.82897022399999],[47.92693583900012,-18.763962034999906],[47.934832921,-18.714285475999873],[47.94422137700019,-18.699189361000037],[47.9367543140001,-18.692295249999916],[47.933132190000094,-18.66013350499992],[47.94528766099995,-18.629586963999884],[47.907058943000095,-18.613291132999905],[47.89018852300006,-18.632769012999916],[47.89834007700006,-18.641956762],[47.866470760000084,-18.640863995000018],[47.83301689100011,-18.615897529],[47.81524924700011,-18.62595512400003],[47.801502792000235,-18.609561084999825],[47.78970327899992,-18.60710427599986],[47.793678018000094,-18.598314617000028],[47.76716202500023,-18.57088209799997],[47.76572076400009,-18.545986852],[47.724457132000055,-18.485449062999862],[47.724540343000115,-18.46207006000003],[47.69350572900021,-18.48643912099999],[47.67576746600025,-18.487987208999925],[47.67103443500025,-18.498500298999886],[47.6255337770001,-18.46418160099995],[47.597200361000034,-18.51092746199987],[47.61107451400005,-18.516720901999975],[47.62738338999992,-18.556032837999965],[47.62839999900012,-18.584950004],[47.65899012199992,-18.62992053399995],[47.65011666600009,-18.667033336999964],[47.63084999899996,-18.657000004],[47.59842611200014,-18.690251221999915],[47.61265983599992,-18.716967918999956],[47.63178992400003,-18.70720187099988],[47.650849999000116,-18.713320004000025],[47.63054999900004,-18.729750003999982],[47.63159999900023,-18.745116670000016],[47.648683333000065,-18.738683337],[47.663444052000045,-18.746391647999985],[47.68923818200017,-18.792627840000023],[47.69994530100013,-18.790581528999894],[47.68446292200008,-18.839069699999925],[47.66780726900021,-18.855201055999885],[47.67377810400012,-18.868524073999936],[47.665420261000236,-18.875845184999946],[47.667864289000136,-18.886876986999937],[47.68150477600011,-18.88828891199995],[47.673527445000104,-18.962145348999854],[47.68562255800015,-18.984552692999955],[47.679015554000046,-19.009735531999922],[47.69841732200007,-19.007043525999848],[47.71042554500019,-19.018011005999938],[47.73314589000006,-19.01930097399992],[47.7429765830002,-19.051038244999972],[47.74078,-19.07028000299988],[47.72356650900019,-19.071648640999967],[47.7065384240002,-19.09527574299983],[47.70882407599993,-19.114298292]]]}},{"type":"Feature","properties":{"shapeName":"Anjozorobe","shapeISO":"","shapeID":"10022922B1306198900476","shapeGroup":"MDG","shapeType":"ADM2"},"geometry":{"type":"Polygon","coordinates":[[[47.62075186399994,-18.47114086499994],[47.628269999000224,-18.462270003999947],[47.66940316900008,-18.494982654999887],[47.67719169500003,-18.48647085999994],[47.69750875699992,-18.4847011249999],[47.72158136599995,-18.460865998999964],[47.72914513500007,-18.495674237999822],[47.765512823,-18.545473504999904],[47.76709382900009,-18.569870359999925],[47.79272225800008,-18.59594344200002],[47.7865532350001,-18.603897469999822],[47.81158793700024,-18.62359692699988],[47.829154346000166,-18.6145135889999],[47.839180499000065,-18.627009216000033],[47.85967914399998,-18.62941678699991],[47.866470760000084,-18.640863995000018],[47.88148755399999,-18.636636653999915],[47.89496238900017,-18.644623245999924],[47.891390641000044,-18.630323104999945],[47.90077,-18.613080002999936],[47.94466994200013,-18.62723815199996],[47.96954138900014,-18.626338344000033],[47.993044952,-18.532372315999908],[47.98560608600019,-18.5013042139999],[47.99441985699997,-18.494010106999895],[47.99428399700014,-18.46785576000002],[48.006612185000165,-18.462073913999916],[48.02350933400015,-18.395772942999884],[48.03667999900023,-18.383020003999945],[48.03573496299998,-18.355011045999902],[48.01970595000006,-18.335907645999896],[48.018796274000124,-18.28395847500002],[48.00203094799991,-18.275874119999912],[48.007155023000166,-18.180497599999967],[47.98955457000005,-18.158232754999858],[47.988883463000036,-18.122914559999913],[48.00151580900001,-18.102609087999895],[48.00390912100016,-18.055275233999907],[47.99137999900017,-18.043100003999882],[47.99666050800022,-18.012197787999924],[47.960506280000175,-17.98876063199998],[47.957346311000094,-17.930732449999937],[47.91357433700023,-17.924756038999874],[47.901711944000056,-17.905964181999877],[47.903567250000094,-17.89571234999994],[47.928600238000115,-17.882053166],[47.91323853000006,-17.861161623999976],[47.890093611000225,-17.841934136999896],[47.89442999900018,-17.863530003999927],[47.88154999900013,-17.874380003999875],[47.86369999900006,-17.87318000399989],[47.86267999900002,-17.855700003999914],[47.890394899000114,-17.837255908999907],[47.895333872000094,-17.8013596159999],[47.836418088000244,-17.750755995999896],[47.80744066000017,-17.76225899399998],[47.790917270000136,-17.750924629999815],[47.76123626000009,-17.778862844999935],[47.74373958800015,-17.77814303399998],[47.71574154600012,-17.759260016999917],[47.68839818700019,-17.76625406599993],[47.67752850800014,-17.760683075999964],[47.67393465200013,-17.809338394999884],[47.63287225100015,-17.85519947299997],[47.65439999900019,-17.88062000399998],[47.64900783100012,-17.90913064699987],[47.58284922800004,-17.91915180599989],[47.57955381300013,-17.896365646],[47.569708732000095,-17.896872396999925],[47.550407999000186,-17.92108546399993],[47.50713408500013,-17.941230190999875],[47.496155018000024,-17.90941141799982],[47.47408101300016,-17.916179535999902],[47.477664276999974,-17.9340630989999],[47.49417463400016,-17.95410501899994],[47.49042456000018,-17.966990491999923],[47.50007210500024,-17.985392225999874],[47.4929987270001,-17.994714759000033],[47.506327934000126,-18.0179577749999],[47.49516304500014,-18.031786926],[47.49935394000005,-18.03551002699993],[47.4805549890001,-18.0490265869999],[47.48888790800004,-18.050185209999825],[47.487271108000016,-18.07100639299989],[47.49880362199997,-18.067917975999876],[47.51074377000009,-18.11204386499992],[47.49197280700014,-18.136016600999938],[47.47802462299995,-18.137292495999816],[47.47438960400001,-18.146962316999918],[47.48240485100018,-18.154744906999838],[47.464340022000044,-18.168279190999954],[47.47098621400016,-18.175865585999986],[47.46479945200002,-18.18351177999989],[47.44145307900004,-18.18788133100003],[47.453493253999966,-18.21734511],[47.44717130100014,-18.22544793000003],[47.45210970300019,-18.24073884500001],[47.44807520000006,-18.244745005999903],[47.44245777500004,-18.235618792000025],[47.435564849000116,-18.246953354999846],[47.43694618800009,-18.273562025999922],[47.445321525000224,-18.28068697599997],[47.44096900500017,-18.28904809999989],[47.46285718200011,-18.290949382999884],[47.47337161600018,-18.302986516000033],[47.4679272570001,-18.303491582],[47.47419997900005,-18.324446581999894],[47.45165398699993,-18.339425969999922],[47.453852222000194,-18.362692150999862],[47.43004284300008,-18.398589486999867],[47.41367950699993,-18.45903186999982],[47.46137956200005,-18.45095045399995],[47.486470322999935,-18.433160457999975],[47.50942675300007,-18.43650702999986],[47.5360804300002,-18.491340336999883],[47.55970324900011,-18.50872470099995],[47.5769394780001,-18.467889897999896],[47.59610144200019,-18.47115683399994],[47.60649732600024,-18.463581459999943],[47.62075186399994,-18.47114086499994]]]}},{"type":"Feature","properties":{"shapeName":"Andramasina","shapeISO":"","shapeID":"10022922B11040894453097","shapeGroup":"MDG","shapeType":"ADM2"},"geometry":{"type":"Polygon","coordinates":[[[47.634762487000046,-19.12758388999987],[47.62651666600016,-19.145233337000036],[47.560600000000136,-19.12990000199983],[47.54565000000025,-19.131816669999978],[47.515870000000234,-19.15297000299995],[47.50566999900013,-19.193600002999858],[47.50884999900018,-19.216030002999958],[47.5282465090001,-19.226783351999927],[47.54296264300018,-19.248932295999964],[47.54563000000019,-19.263170002999914],[47.53595829900013,-19.28804682799995],[47.555630001000054,-19.30537000399994],[47.55031650500007,-19.328509892],[47.56755915699995,-19.34662034999991],[47.591129543000136,-19.395941383999855],[47.60772397800008,-19.383846364999897],[47.61619709200005,-19.406375961999913],[47.63592760800009,-19.41921788000002],[47.69142212500009,-19.42627280499994],[47.7057643600001,-19.421331387],[47.71370331099996,-19.443646191999903],[47.732450503,-19.442204463999985],[47.75783921400006,-19.47613373699994],[47.771638095000185,-19.480691068999818],[47.7663368960001,-19.470828089999884],[47.77627696800005,-19.465629568999816],[47.78594726600011,-19.503613148999875],[47.81922589300018,-19.52458758199998],[47.82450381400014,-19.54823413599985],[47.855040896000105,-19.55791702399995],[47.85836309200016,-19.534300432],[47.897471689000156,-19.520494045999953],[47.903261096000165,-19.508308271000033],[47.883240041000136,-19.467900813999904],[47.88139705900005,-19.439633681999908],[47.89551187700016,-19.427273926999817],[47.896438831000125,-19.411435765999954],[47.94202681200011,-19.383444378999855],[47.9367230000002,-19.374837681999963],[47.94674151300018,-19.363419578],[47.93901440700017,-19.298727650999865],[47.94273913600006,-19.269836264999924],[47.953849495000156,-19.259791603999986],[47.95574983500018,-19.23006939499993],[47.953582970000014,-19.220122932999857],[47.93201347499996,-19.21149731799983],[47.93386999900014,-19.176100002999988],[47.90141548100013,-19.17074659399998],[47.87899296100011,-19.179898189000028],[47.84857685399993,-19.173930801999916],[47.84920242800018,-19.164156201999845],[47.829077225000105,-19.168438814999888],[47.826818078000144,-19.15817582199992],[47.80550384900005,-19.15818890299994],[47.78741140300019,-19.13909121299986],[47.73336426700013,-19.153886027999818],[47.721339191000084,-19.143047704999844],[47.7228721040002,-19.120893359999968],[47.71632806600019,-19.114630886999976],[47.7102322880001,-19.113751536999985],[47.69199069000018,-19.146047428999964],[47.67371526200009,-19.139145656999915],[47.66546298700001,-19.11938158199996],[47.634762487000046,-19.12758388999987]]]}},{"type":"Feature","properties":{"shapeName":"Antananarivo Atsimondrano","shapeISO":"","shapeID":"10022922B82805843876956","shapeGroup":"MDG","shapeType":"ADM2"},"geometry":{"type":"Polygon","coordinates":[[[47.49075454600012,-18.89188225700002],[47.476326315000165,-18.876303538999935],[47.46611132800024,-18.876638628999956],[47.442642849000094,-18.89800305099982],[47.433974874000114,-18.891468907999922],[47.431288822000056,-18.908812444999967],[47.417383586000085,-18.90432647199998],[47.403014862000134,-18.925407281999924],[47.41561148200003,-18.947319777999837],[47.417559671,-18.980898599999932],[47.4359102570001,-18.99091952599997],[47.44098850700016,-19.05406115699998],[47.46061594600013,-19.07734286899995],[47.44902702500019,-19.10206455599996],[47.45736915700013,-19.123466032999943],[47.46731489999996,-19.129898456999967],[47.47943128600008,-19.11679987699995],[47.495109796000065,-19.1153437399999],[47.505216666000194,-19.13013333599997],[47.53129792500016,-19.139321749000032],[47.56506999900006,-19.130600002999927],[47.62651666600016,-19.145233337000036],[47.64016666599997,-19.07611666999992],[47.63237415600008,-19.05759952199992],[47.62058333200025,-19.056716668999854],[47.6218300340002,-19.01379881500003],[47.61086666600005,-19.011366669999973],[47.59650346300015,-19.022770065999964],[47.5852,-18.976900002000036],[47.54835,-18.968850002999943],[47.550516667000124,-18.95853333699995],[47.542316610000114,-18.951305304000016],[47.53329443400003,-18.955811568],[47.49964641000008,-18.94682422199986],[47.49075454600012,-18.89188225700002]]]}},{"type":"Feature","properties":{"shapeName":"Antsirabe I","shapeISO":"","shapeID":"10022922B38771191417556","shapeGroup":"MDG","shapeType":"ADM2"},"geometry":{"type":"Polygon","coordinates":[[[47.00603921700002,-19.810269683999877],[46.982796172000064,-19.83108495099998],[46.96343747900016,-19.874736000999974],[46.99297327100004,-19.902840319],[46.99990793300009,-19.93516662499985],[47.02566666700005,-19.933266668999863],[47.042516668000076,-19.952300000999855],[47.05424719000007,-19.940568912999822],[47.06971666700025,-19.946583336],[47.092584991000194,-19.901078360999975],[47.08955626400018,-19.891496873999984],[47.09903837400009,-19.884294263000015],[47.060741124,-19.83274140899988],[47.05203231100023,-19.838873229],[47.0327,-19.82608333499985],[47.01654232400017,-19.828005971999858],[47.00603921700002,-19.810269683999877]]]}},{"type":"Feature","properties":{"shapeName":"Betafo","shapeISO":"","shapeID":"10022922B74688195218658","shapeGroup":"MDG","shapeType":"ADM2"},"geometry":{"type":"Polygon","coordinates":[[[46.99982930600004,-19.646742856999936],[46.97331383000011,-19.638876230999927],[46.95111999900013,-19.64455000299995],[46.947636903000046,-19.63562878399989],[46.90473197600022,-19.639846071999955],[46.87969692200022,-19.595887474999813],[46.83878850600007,-19.571673342999873],[46.83003268700014,-19.589349907999974],[46.80516396500019,-19.59225901399998],[46.79096057300006,-19.570465560999878],[46.795042673000125,-19.552045451999902],[46.769795498000065,-19.543336079999847],[46.75659815499995,-19.514159921999976],[46.7275347540002,-19.527834017999908],[46.70830300500012,-19.517571646999897],[46.70447439700024,-19.521823472999984],[46.69882728699997,-19.512080501999947],[46.68459926300011,-19.51348062],[46.67846546700014,-19.50494194699985],[46.68003637199996,-19.52281279999994],[46.663425436000125,-19.536136006999982],[46.65814062200019,-19.561696566999956],[46.638910833000125,-19.56894508999983],[46.617870128000106,-19.562088736999897],[46.61909078500014,-19.58690261099997],[46.60116354000019,-19.574991242999943],[46.589708132000226,-19.587589891999926],[46.59443925600016,-19.61627761999989],[46.61576231100008,-19.62826677199996],[46.61832,-19.65277000200001],[46.6083,-19.653020002],[46.618849999000076,-19.66793000299998],[46.60814999899992,-19.67192000199998],[46.60188000000011,-19.68658000199997],[46.627738191000105,-19.716017995999948],[46.61870642899993,-19.736863301999847],[46.58689780300011,-19.73568302599989],[46.58547566999994,-19.723789538],[46.57421601900012,-19.73242356000003],[46.57031627000015,-19.70951829399985],[46.55689376700019,-19.727566798],[46.53108871100011,-19.708866277999903],[46.51628752900007,-19.70989280899994],[46.501139411999986,-19.73691196699997],[46.489761417000125,-19.71371267799998],[46.479683869000155,-19.710848953999914],[46.47027639400005,-19.715188204999947],[46.47698972000006,-19.722778667999933],[46.45282846400005,-19.75021640799997],[46.45247267900004,-19.77594463199995],[46.44079198999998,-19.785526186999846],[46.452133881000066,-19.806413027999895],[46.44210092200012,-19.80267233599983],[46.43138635800017,-19.814579287999948],[46.40288792700005,-19.80636976699998],[46.402893790000064,-19.829474656999878],[46.419844433000094,-19.839854531999833],[46.415402329000244,-19.84951378199986],[46.428541017000214,-19.858437920999904],[46.43162265799998,-19.876760001000036],[46.44618045600015,-19.882140577999962],[46.44280894300016,-19.906920762000027],[46.454405347999966,-19.910478609999984],[46.46141362500015,-19.924570384999924],[46.48395936400016,-19.930285059999903],[46.47179081100006,-19.967582105999895],[46.477673460000176,-19.98761882999986],[46.46841757500022,-19.993753061],[46.44124583800004,-19.986840127999926],[46.43410349900017,-19.994448357999886],[46.428544201000136,-19.986363891999872],[46.41172445199993,-19.989033156999824],[46.3894541840001,-19.978483535999942],[46.37449730600014,-19.998503951999908],[46.348555564000094,-19.99822938599982],[46.24260896900006,-20.023775564999937],[46.26059397,-20.030995543000017],[46.28618529200003,-20.06717036999987],[46.28002295100009,-20.07973646099998],[46.28498025000016,-20.089085903999887],[46.263665289000016,-20.087482414999897],[46.257781990999945,-20.093553991999897],[46.271659654000075,-20.100873248999847],[46.28097831000014,-20.130697243999975],[46.29111866500011,-20.131355288999885],[46.283864414999925,-20.15377933299993],[46.25147405500013,-20.151797064999982],[46.251902167000026,-20.18029255700003],[46.30131967000011,-20.226983712999868],[46.3289203380001,-20.226341883999964],[46.36885007200004,-20.24910200100004],[46.42796004100012,-20.22773165199993],[46.43865941000013,-20.214302161999967],[46.45842806500019,-20.242125497999837],[46.470208902000195,-20.24850349899998],[46.509822199000155,-20.24798526599983],[46.518225213000164,-20.265721131999953],[46.59434581800025,-20.265843883999878],[46.64773693100011,-20.248358093000036],[46.70832924300015,-20.26860245799986],[46.731958847000044,-20.269321074],[46.74417204300016,-20.261687040999846],[46.73015210400018,-20.235951685999908],[46.73946223400014,-20.223217817999853],[46.74038074300017,-20.239326389999974],[46.75660644499993,-20.245884325999896],[46.752647086000195,-20.258422205999977],[46.78449281699994,-20.277085336999903],[46.801980505000074,-20.277127354000015],[46.80233618500017,-20.26812393199998],[46.81998932000022,-20.276550133999933],[46.822276433000184,-20.263483827999835],[46.837598243000116,-20.24895402099986],[46.85052148900019,-20.264399784000034],[46.86560789800012,-20.266788954999924],[46.873996991000126,-20.235280454999952],[46.88756784600025,-20.237948306999897],[46.9118261000001,-20.192141908],[46.92650362300009,-20.18844518599991],[46.94820449600019,-20.161644798999873],[46.919926400000065,-20.12113131900003],[46.953649974000086,-20.10146048999985],[46.95825405900007,-20.086257162000038],[46.9413829180001,-20.06111086899989],[46.93261277100004,-19.99880906399983],[46.92249163900016,-19.985291732999883],[46.9422199990002,-19.931220002999908],[46.94237699900003,-19.89938886599998],[46.92887984800018,-19.874459787999967],[46.94639019000016,-19.86018687400002],[46.95066402500004,-19.85072071999997],[46.94180000000017,-19.829350002999945],[46.95759410000011,-19.815407570999923],[46.94366550000018,-19.775812861999952],[46.961806729000045,-19.761866191999843],[46.98470510300018,-19.711919362999822],[46.97739266000008,-19.691871552999828],[47.011379169000065,-19.665733235999937],[46.99982930600004,-19.646742856999936]]]}},{"type":"Feature","properties":{"shapeName":"Ambatolampy","shapeISO":"","shapeID":"10022922B90393204210047","shapeGroup":"MDG","shapeType":"ADM2"},"geometry":{"type":"Polygon","coordinates":[[[47.53129792500016,-19.139321749000032],[47.505216666000194,-19.13013333599997],[47.49590723200015,-19.116002865999917],[47.479630830000076,-19.116775191999864],[47.46840625400023,-19.128127559],[47.471221515000195,-19.13827767199996],[47.45657235800019,-19.143257553999888],[47.464264485000115,-19.202996755999834],[47.44391447000004,-19.205977966999853],[47.44366121699994,-19.250044919999823],[47.43204177000018,-19.256440665999833],[47.4182962700001,-19.243210732999955],[47.405577984000104,-19.248410159999935],[47.40885278800016,-19.257782652999936],[47.424770000000194,-19.260020002999966],[47.41907891400024,-19.273827597000036],[47.370429608000165,-19.28890164899991],[47.33936999900004,-19.285530002999906],[47.33543267300007,-19.270715466000013],[47.326928504000136,-19.277618839000013],[47.33038,-19.290770002999864],[47.29649456400017,-19.294414327999846],[47.2624426050001,-19.281146170999932],[47.2439308710002,-19.314935053],[47.24497793300014,-19.342635059999964],[47.233917333000136,-19.3716628009999],[47.218683068000075,-19.384723570999824],[47.22305339500008,-19.400758479],[47.23855363600018,-19.408319365999944],[47.30112686100023,-19.405182705999948],[47.33413976999992,-19.433099970999933],[47.369011307000164,-19.447846773999913],[47.40097798599999,-19.44378438399997],[47.427007817000174,-19.483745231999933],[47.42887958300014,-19.503059032999943],[47.44372591600006,-19.506709619999924],[47.44411889800011,-19.49667756599996],[47.44983231900005,-19.49711421300003],[47.459789777000026,-19.518765772999927],[47.47966365400015,-19.512762502999976],[47.49233466200013,-19.52135389800003],[47.5308593540002,-19.517123542999855],[47.54232843400001,-19.539701201999833],[47.57595363000007,-19.556075651999834],[47.5774516890001,-19.577467829999875],[47.588108096000155,-19.578275630999826],[47.595188444000144,-19.596940431999883],[47.54182735900025,-19.6450955709999],[47.53967775000012,-19.657716392999816],[47.549840800000084,-19.66966156799998],[47.579546459000085,-19.667777311999885],[47.59068298600022,-19.691254611000033],[47.62840860800003,-19.700440296999943],[47.66086959,-19.691011251999896],[47.686407103000136,-19.70140682599998],[47.72190768599995,-19.687966666999955],[47.744126060000156,-19.713965795999968],[47.76458464100011,-19.709582802999876],[47.773303417000136,-19.722107059999985],[47.78727684600017,-19.697165007999956],[47.80009524999991,-19.726443565999944],[47.835658755,-19.71845307699988],[47.84277432000016,-19.686983430999874],[47.83771479600006,-19.628026556999885],[47.85610345200007,-19.621798465999973],[47.86297460500009,-19.60804309399998],[47.86048161300005,-19.56261490899982],[47.825617716000124,-19.549496279999914],[47.817545205000215,-19.520914911000034],[47.787136325000176,-19.504527710999866],[47.7761713110001,-19.463470784999913],[47.76741068400008,-19.467021864],[47.77389655300021,-19.474586173999967],[47.76776088600013,-19.48111347699995],[47.75027931400018,-19.470969343000036],[47.73294490600017,-19.44269455999995],[47.71430739999994,-19.444007378999856],[47.70638146300007,-19.421694774999878],[47.6924248470001,-19.426386237999907],[47.664505394000116,-19.42518647199995],[47.646753283000066,-19.415502918999948],[47.63592760800009,-19.41921788000002],[47.617100981000135,-19.407174234999957],[47.608396431000244,-19.384677947999876],[47.59832614300012,-19.385153257999946],[47.59305537600022,-19.398638375999894],[47.586096035000025,-19.39009301099992],[47.55052738400019,-19.32633914099989],[47.55346689800007,-19.30055281299991],[47.53587004800016,-19.286712433999867],[47.54260000000011,-19.266250002999925],[47.53939782000003,-19.24254702199994],[47.50884999900018,-19.216030002999958],[47.50900967200016,-19.173587097],[47.515870000000234,-19.15297000299995],[47.53129792500016,-19.139321749000032]]]}},{"type":"Feature","properties":{"shapeName":"Antanifotsy","shapeISO":"","shapeID":"10022922B69082959012584","shapeGroup":"MDG","shapeType":"ADM2"},"geometry":{"type":"Polygon","coordinates":[[[47.22379582800016,-19.40198716799995],[47.21280625500009,-19.41957945899992],[47.173345465999944,-19.436870796999926],[47.17479396400006,-19.4569774389999],[47.189184353000144,-19.46715194299992],[47.194357703000094,-19.4913470489999],[47.204550881000046,-19.494468085999927],[47.200837513000124,-19.510017818999813],[47.21261056800017,-19.51076803399991],[47.19825636500008,-19.572901649999892],[47.200842156999954,-19.61273168799994],[47.19061377000003,-19.62650174799984],[47.19767417300005,-19.653776618999814],[47.18561490500002,-19.77303372399996],[47.245391083000015,-19.791628456000012],[47.265597244000105,-19.774379295000017],[47.28866999900015,-19.784020003000023],[47.361325111000156,-19.78218815499997],[47.391836436000176,-19.80531001199995],[47.40949491800018,-19.8289641099999],[47.40959546300007,-19.851750924999862],[47.42389741100021,-19.8672721719999],[47.42411481700009,-19.87863084799983],[47.44794422900014,-19.891630737999947],[47.444807212,-19.91969221],[47.47782382000014,-19.935744496999973],[47.47173878100017,-19.951326283999947],[47.48860953700023,-19.966219899999885],[47.44936647600014,-19.986641834999944],[47.46581584300003,-19.99926394099998],[47.46053195200011,-20.04519882099987],[47.4716123350002,-20.03825294],[47.49873066000015,-20.046795048999968],[47.50520823700009,-20.07818550600001],[47.515018997000084,-20.075767346999953],[47.51706083799996,-20.06036956600002],[47.54347178900025,-20.05313400299997],[47.60343570200001,-20.075842434000037],[47.62262613300004,-20.09752486299982],[47.67527444000012,-20.067958701],[47.69975905000007,-20.067815956],[47.711787829000116,-20.04572468899994],[47.74885201,-20.055494925999824],[47.76341355100004,-20.02833652999982],[47.73851539600008,-20.00389401099983],[47.69708275700003,-19.939494881999963],[47.7295445690001,-19.93840975199987],[47.7424517080002,-19.929173701999957],[47.76296880400008,-19.9051436339999],[47.769291621000036,-19.884581089999926],[47.763848178000046,-19.865391923999937],[47.77602961499991,-19.863763260999917],[47.79826999900018,-19.835480002999816],[47.843035515000224,-19.856329582],[47.850704403000236,-19.869295130999944],[47.884048922000034,-19.879450830999815],[47.89227700500004,-19.83146248599985],[47.86022523699995,-19.814106359],[47.865457380000066,-19.768711442999916],[47.88178713100018,-19.764684833999922],[47.88860333700018,-19.750758235000035],[47.84049498200005,-19.719512871999825],[47.80347263600015,-19.72619731200001],[47.79225224099997,-19.69678341399998],[47.774573370000155,-19.721644791000017],[47.76458464100011,-19.709582802999876],[47.744126060000156,-19.713965795999968],[47.72730628000011,-19.698955018999982],[47.72641609500005,-19.687504337999883],[47.68690441200016,-19.701267972999972],[47.66086959,-19.691011251999896],[47.62744864700011,-19.700345667999954],[47.58861679300003,-19.690460189999953],[47.57633641900003,-19.665220276999946],[47.55030151300008,-19.66986892299991],[47.538627137000105,-19.659841176999862],[47.541987334000055,-19.64481404099996],[47.59462191300008,-19.59608638299983],[47.590798174000156,-19.582341681],[47.57793085500015,-19.574907413999938],[47.57684085300019,-19.557534689999954],[47.54341524100016,-19.53993881699995],[47.5308593540002,-19.517123542999855],[47.49522833100019,-19.521717218],[47.47140534400023,-19.512589272999946],[47.45770485999992,-19.518039911000017],[47.45194931300006,-19.49762414500003],[47.44560636600005,-19.506071712999983],[47.425305138000056,-19.503033171999846],[47.427002033000235,-19.482786172999965],[47.397971975000075,-19.443737478],[47.37074514000017,-19.448934521999945],[47.333124006000105,-19.431566924999913],[47.301467948000095,-19.40533742899987],[47.24008369600011,-19.40840050899982],[47.22379582800016,-19.40198716799995]]]}},{"type":"Feature","properties":{"shapeName":"Faratsiho","shapeISO":"","shapeID":"10022922B80317071360034","shapeGroup":"MDG","shapeType":"ADM2"},"geometry":{"type":"Polygon","coordinates":[[[46.99982930600004,-19.646742856999936],[47.01287853600007,-19.623523952999847],[47.04003544000011,-19.608239718],[47.04356666600012,-19.536083336],[47.071878357999935,-19.516314484999896],[47.072900296000114,-19.494523494999896],[47.09280730800003,-19.477956151999933],[47.14433136200006,-19.47347270399996],[47.17040200100024,-19.458695302000024],[47.18108603100012,-19.43380003799996],[47.21377383000015,-19.418604970999922],[47.222903929000154,-19.39962437899993],[47.218144854000116,-19.38965233499988],[47.22423762800014,-19.37763879800002],[47.194954247000055,-19.37230832899985],[47.154294472000174,-19.349178649999942],[47.10044974500005,-19.34745715599996],[47.06882125300024,-19.320499788],[47.07257214800018,-19.300965160999908],[47.06164878700008,-19.297115318999886],[47.05967381800019,-19.285450916999935],[47.068279414000074,-19.239269568],[47.05154926100005,-19.230251090999957],[47.03791174100019,-19.207552818999943],[46.99531383700008,-19.194658598999865],[46.97676659500007,-19.203121452999937],[46.950563040000134,-19.190536916999918],[46.91475428100017,-19.213706490999925],[46.9127130120001,-19.231643645999895],[46.881630451000035,-19.226769529000023],[46.87363756800016,-19.234224403999917],[46.86043624700005,-19.219276353999987],[46.830204742000035,-19.217751663999877],[46.82432155300012,-19.2271480039999],[46.82890781700013,-19.23623853600003],[46.81369293300014,-19.247592325999847],[46.76764460599992,-19.262034256999982],[46.772671301000116,-19.269776442999955],[46.76089239400011,-19.29737577199984],[46.72148302699992,-19.309346832000017],[46.716534741000146,-19.32012790899995],[46.712265370000125,-19.31491432399997],[46.69620423500004,-19.31966761699988],[46.690037933000156,-19.310597245],[46.67256282600016,-19.31941951899995],[46.67191973800004,-19.332399676999955],[46.64928055300015,-19.34721896399998],[46.63921869100017,-19.345420553999872],[46.62466604400021,-19.356585846999963],[46.62328746500009,-19.366851754999914],[46.61353596500004,-19.363693651999938],[46.61121028100018,-19.383465097999988],[46.59920293300024,-19.399709268999857],[46.56212904400002,-19.412678006999897],[46.604718597000044,-19.45333324],[46.60352448800012,-19.463046830999815],[46.622158809000155,-19.474572934999856],[46.65573718399992,-19.461338679999983],[46.65591586700009,-19.467530600999908],[46.665807591000146,-19.46783577099984],[46.679216770999915,-19.493692706],[46.67318561700006,-19.503758779999828],[46.68459926300011,-19.51348062],[46.69980930500009,-19.512802098999884],[46.70553747800017,-19.52162249199995],[46.728721413000244,-19.527768834000028],[46.753272484000036,-19.511085034999837],[46.767882097000154,-19.540392820999955],[46.79575532200005,-19.55258629599996],[46.79051564300022,-19.565936297999826],[46.80398152100008,-19.59292287400001],[46.82804851400016,-19.588064679999945],[46.836936207000235,-19.572687984999902],[46.87969692200022,-19.595887474999813],[46.90290876100005,-19.64041564899992],[46.91767052500023,-19.634643655999923],[46.9280265540001,-19.641734305999876],[46.94549365600005,-19.63358431300003],[46.95145663399995,-19.642088825999906],[46.97610440000011,-19.63913618700002],[46.99982930600004,-19.646742856999936]]]}},{"type":"Feature","properties":{"shapeName":"Antsirabe II","shapeISO":"","shapeID":"10022922B65379850816186","shapeGroup":"MDG","shapeType":"ADM2"},"geometry":{"type":"Polygon","coordinates":[[[46.944263736000096,-20.16608531399993],[46.95788678400015,-20.184694689000025],[46.96034487400016,-20.208617366],[46.98338751700004,-20.20215657800003],[46.997633261000146,-20.22169279999997],[47.004513326000165,-20.18530744200001],[47.013233050999986,-20.195638298999825],[47.03217765100004,-20.194660683999928],[47.05451581100016,-20.162903555999833],[47.069247436999945,-20.170028945000013],[47.07972362300006,-20.159559857000033],[47.098167911000075,-20.157698008999887],[47.11090469800013,-20.166664306999962],[47.143786889999944,-20.159713263000015],[47.1864486300002,-20.162345539999933],[47.17943079100013,-20.111588282999833],[47.19491697500018,-20.08836472099989],[47.21864393000004,-20.072497311999825],[47.238118464000195,-20.07819227600004],[47.25049031900005,-20.06545181299998],[47.269087285000126,-20.073484504999897],[47.30930215000012,-20.0526392889999],[47.32955304900014,-20.054842441999938],[47.36087460400006,-20.044142914999895],[47.38875404000004,-20.065363257999934],[47.417404812000086,-20.066756239999904],[47.440581872000166,-20.083178280000027],[47.456770166999945,-20.07598449999989],[47.466310112000144,-20.02473957199993],[47.45930677100006,-20.01170164699994],[47.46630687900017,-20.00405558899996],[47.45162079600016,-19.984749022000017],[47.47914121200006,-19.975725594999915],[47.48623572100007,-19.96292009299998],[47.47245542600024,-19.95394302400001],[47.478035159000115,-19.939581156999907],[47.46744080700017,-19.924546825999926],[47.44133670900021,-19.915361592999886],[47.447786249000046,-19.891802422999945],[47.42411481700009,-19.87863084799983],[47.42479041700017,-19.868415773999914],[47.4108924800002,-19.85265806599989],[47.40949491800018,-19.8289641099999],[47.39469999900007,-19.80740000299994],[47.364338333000035,-19.782274358999814],[47.28423302300024,-19.784410887999854],[47.267179999,-19.774450002999913],[47.241670809000084,-19.791215394999938],[47.18591566300006,-19.774390794999988],[47.19110886300024,-19.666095465999888],[47.198017208000124,-19.650780010999938],[47.1903686230001,-19.629613173],[47.19451999900019,-19.612680003000037],[47.200100355000075,-19.613440920000016],[47.20040352500013,-19.55597458599982],[47.212607534000085,-19.511637619],[47.201880051000046,-19.511136239999985],[47.20473321400016,-19.49592191199997],[47.19402795700017,-19.490234023999903],[47.19238333300018,-19.46871667],[47.17493757500017,-19.459557859999904],[47.142647348000196,-19.47433891299994],[47.09037671100009,-19.47896804899989],[47.07404301399998,-19.493765434999887],[47.069398337,-19.519277795999926],[47.04356666600012,-19.536083336],[47.04001122300019,-19.608023216999925],[47.001248206000184,-19.63533350299997],[47.01078505100014,-19.667924961999915],[46.98068806700019,-19.690633662999915],[46.98640244600023,-19.71014737399986],[46.961806729000045,-19.761866191999843],[46.94366550000018,-19.775812861999952],[46.95774363800024,-19.814415317999874],[46.94163492900009,-19.831181302999937],[46.950159912000174,-19.851829210999938],[46.94612905900016,-19.861316682999984],[46.92982647900004,-19.87043873799996],[46.93200937000012,-19.888637099999983],[46.9426322920001,-19.899664515999973],[46.941828402000226,-19.9330867299999],[46.92249163900016,-19.985291732999883],[46.93261277100004,-19.99880906399983],[46.9413829180001,-20.06111086899989],[46.9575807760001,-20.089882272999944],[46.953649974000086,-20.10146048999985],[46.919926400000065,-20.12113131900003],[46.935583555000164,-20.147080203999963],[46.94518975800014,-20.150054753999882],[46.944263736000096,-20.16608531399993]],[[47.00603921700002,-19.810269683999877],[47.01973333300015,-19.82825000199989],[47.029352901000095,-19.825711775999935],[47.05050276500015,-19.83721199999985],[47.05969607900016,-19.832371393000017],[47.087698861000035,-19.859317377999844],[47.10096666599992,-19.888950002999934],[47.08584876400016,-19.89441422699997],[47.09160362400007,-19.902781794999953],[47.07139007600006,-19.945779816999845],[47.053470372000106,-19.941679648],[47.041754078000054,-19.952376463999883],[47.023734597999976,-19.93356497900004],[46.99926951600008,-19.93571047899991],[46.99286445900009,-19.903508373999955],[46.96378064300012,-19.876122915],[46.97750341,-19.83903017900002],[47.00603921700002,-19.810269683999877]]]}},{"type":"Feature","properties":{"shapeName":"Mandoto","shapeISO":"","shapeID":"10022922B69129581267436","shapeGroup":"MDG","shapeType":"ADM2"},"geometry":{"type":"Polygon","coordinates":[[[46.67721887099998,-19.50606883400002],[46.67273722600021,-19.503051588999938],[46.68023927200005,-19.492548031999945],[46.664429100000234,-19.467995679999945],[46.651104461000045,-19.461065760999873],[46.622158809000155,-19.474572934999856],[46.60352448800012,-19.463046830999815],[46.58693736500021,-19.43315683199984],[46.564078123000115,-19.413262985999893],[46.53230857400024,-19.39617067899991],[46.51729911700011,-19.399618755999825],[46.50856507300006,-19.385264228999972],[46.48099106,-19.38371412399988],[46.458399874000065,-19.401628667999944],[46.44914513300006,-19.382754482999985],[46.43157430800011,-19.370178289000023],[46.42496041200013,-19.37786503399991],[46.40403062100012,-19.374419070999977],[46.37769866000019,-19.400516142000015],[46.353059628000096,-19.39946108799984],[46.33676298799992,-19.419865226000013],[46.32530448299997,-19.421398557999964],[46.284086145000174,-19.41036048799998],[46.252268467000135,-19.42406033199984],[46.216842650000046,-19.420762435999904],[46.20385583300015,-19.428967193999938],[46.17993094000025,-19.40584765699998],[46.1573396500001,-19.40114743799984],[46.143833297000185,-19.41077798399988],[46.14516165500015,-19.427014411999835],[46.11942144600016,-19.444059337999988],[46.09301155600008,-19.425951549999922],[46.05684451300016,-19.42439249299997],[46.034539054000106,-19.416336280999985],[46.03069039000019,-19.407841465999923],[46.01355414200003,-19.413159317999828],[46.0056101990001,-19.405659358000037],[45.98027823900003,-19.426922079999827],[45.95077138999994,-19.41780308199992],[45.914701100000116,-19.45214746399995],[45.901298768,-19.44190449699994],[45.89269303900022,-19.417263700999968],[45.840431552000155,-19.45143266999986],[45.81312209400011,-19.454724597999927],[45.79990821100023,-19.440829674999918],[45.78280597500003,-19.459505266999884],[45.78126720000017,-19.470096202999912],[45.796599224999966,-19.49659553099991],[45.78217615500017,-19.539522398999964],[45.79597124400016,-19.56458987299999],[45.820254894000186,-19.565858591999984],[45.828777683000055,-19.57508024799995],[45.81803285500007,-19.606373893999887],[45.83545143500015,-19.64133245200003],[45.83201197000005,-19.661821212999826],[45.839897902000075,-19.676054967999903],[45.80309343400006,-19.718757294999932],[45.81209436100005,-19.753877237999916],[45.82959276500014,-19.77585892099995],[45.828244811,-19.786885585999983],[45.80368709500004,-19.81131496200004],[45.79906465700003,-19.85482842999994],[45.77755890200012,-19.864418012999977],[45.77174077700005,-19.880850898999938],[45.80843686500015,-19.91515587099991],[45.83094110600007,-19.919082987999843],[45.863402120000046,-19.898552630999973],[45.9015809600001,-19.923704867999902],[45.935129638000205,-19.93294781299994],[45.9798420150002,-19.924231830999986],[46.002058134000094,-19.930562024999915],[46.02035569800006,-19.953499119999947],[46.0538997860001,-19.948993032999965],[46.069516075000195,-19.97047556900003],[46.07220962500014,-19.998227694999855],[46.085538536000115,-20.024214985999947],[46.12013848700025,-20.030849663000026],[46.1386841690001,-20.045355003999816],[46.14259369800021,-20.083929027999886],[46.14948633100022,-20.08434322499994],[46.1778531220001,-20.04992515500004],[46.20208095300018,-20.04020167899995],[46.217076802000065,-20.00421196000002],[46.23912973499995,-20.023707737999814],[46.25077196600023,-20.024101303999885],[46.327028158000246,-20.002153215999954],[46.373570465000114,-19.99958365299989],[46.388285462000226,-19.978873021000027],[46.41172445199993,-19.989033156999824],[46.427596594000136,-19.985603048999963],[46.43234864400023,-19.995988166000018],[46.439882124,-19.987437260000036],[46.47087816800013,-19.991730361999885],[46.48219430400013,-19.985778398999912],[46.471987891000026,-19.96406705100003],[46.48482380400009,-19.930775062999942],[46.462748863000115,-19.926390069000036],[46.454405347999966,-19.910478609999984],[46.43994231200003,-19.904823110999928],[46.44688198200009,-19.884373361999963],[46.428001720000054,-19.87530551099985],[46.43281946500019,-19.85892650300002],[46.41561451700022,-19.85321923599986],[46.42156370300023,-19.843654393999827],[46.40083264000009,-19.826548940999828],[46.409041663000096,-19.81747118099986],[46.401836323000055,-19.809797154999956],[46.43593102800014,-19.815045781999913],[46.44197575100014,-19.80492781299995],[46.452548260000185,-19.805631217999974],[46.442631747000064,-19.790039286999956],[46.451669328000094,-19.77674908299997],[46.450438518000226,-19.7556675699999],[46.47479949300015,-19.727910114999986],[46.47027639400005,-19.715188204999947],[46.479683869000155,-19.710848953999914],[46.489761417000125,-19.71371267799998],[46.501139411999986,-19.73691196699997],[46.515761938000196,-19.710816034999937],[46.530528342000196,-19.70836499],[46.54641385500014,-19.723703932999854],[46.56373881600018,-19.728001374999963],[46.56760587600024,-19.708993338999846],[46.573175677,-19.732431720999898],[46.58247627999992,-19.7270987309999],[46.587313889000086,-19.736300052999866],[46.61585450599995,-19.740401083],[46.62924833500017,-19.72032674399992],[46.60188000000011,-19.68658000199997],[46.60814999899992,-19.67192000199998],[46.618849999000076,-19.66793000299998],[46.6083,-19.653020002],[46.61832,-19.65277000200001],[46.61576231100008,-19.62826677199996],[46.59500162300003,-19.617871290999858],[46.58958341300013,-19.589084543999945],[46.59943811000005,-19.575136304999887],[46.61843480700003,-19.587875413999825],[46.61981665300016,-19.561833689000025],[46.6412626660001,-19.568952015999855],[46.66037798000025,-19.55977657],[46.663334980000116,-19.534939733999863],[46.679832944,-19.522234087999948],[46.67721887099998,-19.50606883400002]]]}},{"type":"Feature","properties":{"shapeName":"Arivonimamo","shapeISO":"","shapeID":"10022922B99194691228489","shapeGroup":"MDG","shapeType":"ADM2"},"geometry":{"type":"Polygon","coordinates":[[[47.17432470200015,-18.762724040999956],[47.170788340000115,-18.753976732999888],[47.1422183250001,-18.757001566999975],[47.1372286520002,-18.727128857000025],[47.088942073000055,-18.717965575999813],[47.08623614300018,-18.72887715899998],[47.09984832000015,-18.740358879999974],[47.092969999000104,-18.748850002999916],[47.09185020000007,-18.782303296999828],[47.12377800999997,-18.80570117100001],[47.11019334500014,-18.811744585999918],[47.117716599000175,-18.841515506999883],[47.100000663999936,-18.86407916099995],[47.09999999900015,-18.894250002999968],[47.08684014500005,-18.89620667499986],[47.08370606900007,-18.90577343999996],[47.09056100000015,-18.93098521099995],[47.06542270500006,-18.95342541299982],[47.10139969299996,-18.97618692200001],[47.11465159900007,-19.02270264099991],[47.081562156000246,-19.05755821799994],[47.07309371600013,-19.045140849999882],[47.057419460000176,-19.041680368000016],[47.051030176000154,-19.119472550999944],[47.06777517800009,-19.122337036999966],[47.0821210420001,-19.15546341499993],[47.06336049700013,-19.16850073099988],[47.071149188,-19.181745775999843],[47.061932123000076,-19.195133396999893],[47.02835861200015,-19.20005536299982],[47.05154926100005,-19.230251090999957],[47.068279414000074,-19.239269568],[47.05967381800019,-19.285450916999935],[47.06164878700008,-19.297115318999886],[47.07257214800018,-19.300965160999908],[47.06765193500013,-19.315030682999918],[47.07824595300019,-19.329324772],[47.09876682200019,-19.34612288599999],[47.16534745500019,-19.351908420999848],[47.19307729100018,-19.37150724399993],[47.22411072000011,-19.377610536999896],[47.233917333000136,-19.3716628009999],[47.24497793300014,-19.342635059999964],[47.2437043660002,-19.316496692999976],[47.263750947000176,-19.278065533999836],[47.29934635100017,-19.29419211199985],[47.32617488300002,-19.29123054699994],[47.33470000000011,-19.268180002999827],[47.33936999900004,-19.285530002999906],[47.367287963000194,-19.288651952999942],[47.401139442000044,-19.283177218999924],[47.428199999000014,-19.269000002999917],[47.40540502000022,-19.2496957219999],[47.417213707000144,-19.24323797],[47.43103260000021,-19.256220807000034],[47.44322099800024,-19.25306935999987],[47.44252994500016,-19.209998393999967],[47.4638769980001,-19.200291943999957],[47.45722677200018,-19.14195202199994],[47.471687662000136,-19.136003333999895],[47.449539715000185,-19.10865545799993],[47.46101999900003,-19.076020003],[47.439116666000075,-19.05015000299983],[47.442519163000156,-19.028929817999824],[47.4337805990001,-19.013974469],[47.43470741999994,-18.993797863],[47.4189,-18.985066668999934],[47.41595182599991,-18.94646621899983],[47.403633284000136,-18.920025816999896],[47.35067772100007,-18.909154711999975],[47.327647677000016,-18.885377342000027],[47.32788608900006,-18.855212463999862],[47.34788550000002,-18.85652289599983],[47.34444561900011,-18.835114415999954],[47.318056567000156,-18.814695500999903],[47.31961744400007,-18.792296230000034],[47.28142428100017,-18.792642366999985],[47.251292467000155,-18.768795773999898],[47.17432470200015,-18.762724040999956]]]}},{"type":"Feature","properties":{"shapeName":"Miarinarivo","shapeISO":"","shapeID":"10022922B79563685419763","shapeGroup":"MDG","shapeType":"ADM2"},"geometry":{"type":"Polygon","coordinates":[[[47.02411304500015,-19.201547435],[47.05904257400016,-19.19806353499996],[47.06806695800009,-19.18462290499997],[47.06336049700013,-19.16850073099988],[47.0821210420001,-19.15546341499993],[47.06806314700003,-19.124161709999953],[47.049887062000096,-19.115820458999906],[47.05651912400009,-19.043839480999964],[47.077343564000046,-19.04637745399998],[47.081562156000246,-19.05755821799994],[47.09726126900006,-19.03425280199997],[47.11465805900008,-19.024305647999938],[47.10122795400008,-18.976372403999903],[47.06523981800012,-18.954583795999838],[47.09267999900004,-18.929300002999867],[47.083742642000175,-18.90548999699996],[47.10040277600018,-18.892647795999835],[47.100302555000155,-18.863496628999883],[47.117554650000216,-18.843030723999846],[47.11199811000017,-18.813229998999986],[47.12377800999997,-18.80570117100001],[47.092772393000075,-18.784358376999876],[47.092969999000104,-18.748850002999916],[47.09984832000015,-18.740358879999974],[47.085291416000075,-18.731404790999875],[47.02160437400016,-18.72911357999982],[46.982411183000124,-18.745250796999926],[46.93112967900004,-18.727995462999957],[46.91699788400007,-18.739299996999875],[46.875139876000105,-18.697596403999853],[46.86076630800011,-18.69263825399986],[46.84097016600015,-18.70544578099998],[46.82618675500004,-18.702740495999876],[46.78557676100013,-18.717314592999855],[46.73911562200004,-18.688147783000034],[46.7192244310001,-18.665500030000032],[46.672831086000144,-18.666037432999815],[46.6243944900001,-18.68049557099988],[46.56796098600012,-18.67967122199991],[46.54846921800009,-18.675132162999944],[46.53852360500008,-18.656854863999968],[46.503763708000065,-18.64855465199986],[46.53014100600012,-18.674167664999914],[46.53319837400011,-18.742288352999935],[46.52494165500025,-18.753016457999934],[46.53428322500008,-18.77747941999985],[46.54057419300011,-18.78417776899994],[46.5508220870002,-18.780455727999822],[46.563728560000015,-18.795617952999976],[46.56158036000011,-18.81855534399989],[46.56913027699994,-18.82613764799993],[46.558193883000115,-18.832330408999837],[46.56020589700017,-18.848443509999868],[46.54828004500018,-18.8577580889999],[46.557896865999965,-18.88770750099991],[46.54522856300014,-18.896675552999852],[46.53398172300018,-18.926745562999884],[46.51192686000013,-18.94573751400003],[46.52357946100017,-18.966882891999887],[46.5075576010002,-18.969897268999887],[46.490111027000125,-18.95240424699989],[46.48914824700023,-18.983834132999903],[46.50456375300007,-18.98759714299996],[46.510334337000074,-18.997646453999835],[46.54821911699992,-19.00020587499995],[46.5493845690001,-19.01254905799982],[46.564827531000105,-19.02900110399986],[46.57839385800003,-19.01998658399998],[46.642262099000106,-19.018611182999962],[46.66511724700024,-19.008818335999877],[46.681933439000204,-19.029621233999933],[46.732350889000145,-19.024532811999904],[46.75576650900007,-19.032922504999874],[46.776106202000165,-19.042253049999886],[46.770198340000036,-19.05122705599996],[46.79249021800007,-19.115022400999862],[46.80692300100009,-19.119327923999947],[46.82656877900024,-19.09848420499992],[46.851963697000144,-19.11270491199997],[46.8650803430001,-19.15030112499994],[46.88977258900013,-19.151374971999985],[46.89122649600006,-19.162237902999834],[46.916350000000136,-19.181980002999865],[46.92396598,-19.21022334699984],[46.950563040000134,-19.190536916999918],[46.97676659500007,-19.203121452999937],[46.99470350400014,-19.194284449],[47.02411304500015,-19.201547435]]]}},{"type":"Feature","properties":{"shapeName":"Soavinandriana","shapeISO":"","shapeID":"10022922B59328070281510","shapeGroup":"MDG","shapeType":"ADM2"},"geometry":{"type":"Polygon","coordinates":[[[46.92396598,-19.21022334699984],[46.916350000000136,-19.181980002999865],[46.891571805000126,-19.163092539999866],[46.89213063300019,-19.152480373999936],[46.863854882,-19.147826932999862],[46.851963697000144,-19.11270491199997],[46.82330518200013,-19.098300683999923],[46.81052402600005,-19.116087789999824],[46.79396999200014,-19.117387584999904],[46.77061364000008,-19.053640129999962],[46.77524950900005,-19.044370855999944],[46.76667963900013,-19.037593236999953],[46.73016600200009,-19.02459565399994],[46.684097558000076,-19.030379208999932],[46.66649954200011,-19.011830415999952],[46.650783742000044,-19.009739265999883],[46.63923107499994,-19.018928728999924],[46.629781880000166,-19.01354492099989],[46.59343487199999,-19.024133361999873],[46.556322672000135,-19.023855396999977],[46.546411913000156,-19.031523924999874],[46.55077,-19.060530001999894],[46.57332271600018,-19.066717359999814],[46.55443642200021,-19.106263575000014],[46.530428268000094,-19.107901412],[46.506150004000176,-19.086555363999935],[46.4554104460002,-19.08373205999993],[46.44435668500017,-19.099940594999964],[46.424171963,-19.101658753000038],[46.41426224000014,-19.12421652199987],[46.396485997999946,-19.132171559999847],[46.397850410000046,-19.147125448999816],[46.36769747400007,-19.159265995999874],[46.35555197000025,-19.194391203999942],[46.3390888830001,-19.190962158999923],[46.34355460100011,-19.21865591999989],[46.31490783900006,-19.230623527999967],[46.3245265820002,-19.235607540999865],[46.31964253500013,-19.24507841299993],[46.2907846060001,-19.250895425999943],[46.28956260600006,-19.2616337259999],[46.3193063130002,-19.274325773999863],[46.32028428500013,-19.284060123999893],[46.27079302100003,-19.304944139999975],[46.25879941500011,-19.322123206999834],[46.260802353000145,-19.342513830999962],[46.23138266300009,-19.351064536000024],[46.224360938000245,-19.365795689000038],[46.20974771900018,-19.370482582999955],[46.18499392900003,-19.358953001999907],[46.18505869100005,-19.373066891],[46.17507548800012,-19.377809834999937],[46.16349743800015,-19.40131321399997],[46.18145939700014,-19.40609778099997],[46.20474960500019,-19.42873107599985],[46.28556365100019,-19.410557159999826],[46.303287760000046,-19.412154245999886],[46.30819597600009,-19.421363144999873],[46.333302283000194,-19.41982208799982],[46.36022098800021,-19.396302496999965],[46.37503249400021,-19.4029742379999],[46.405736801000046,-19.373003180999888],[46.42136241200018,-19.37867540799988],[46.434627744000124,-19.370843767999816],[46.46317910700003,-19.40313059399989],[46.47082049600016,-19.389472578999914],[46.49102728800017,-19.383263383999974],[46.5589886140001,-19.4116357019999],[46.58997613399998,-19.405362749],[46.61121028100018,-19.383465097999988],[46.61087526200009,-19.36319178499997],[46.62125573600014,-19.366556139999886],[46.63683057300011,-19.347680469999887],[46.647641015000204,-19.34908667999997],[46.67536815400007,-19.32912452199986],[46.669496730000105,-19.320921528999975],[46.68708836000013,-19.309585312000024],[46.692404887000066,-19.318042159999948],[46.717236558000025,-19.32047140999987],[46.72845884099996,-19.306131252999876],[46.762704356000086,-19.29711779099989],[46.774182088000146,-19.273661754999978],[46.76817493900023,-19.261618673999976],[46.799906326000155,-19.24723203899987],[46.81347549800017,-19.249268777],[46.828421020000064,-19.233207285999868],[46.827370066000185,-19.21901683399983],[46.835395119000054,-19.223695485999883],[46.8404480490002,-19.21466723599991],[46.856100495000135,-19.217448162999972],[46.86991262000015,-19.231252913],[46.883387281000125,-19.22611360199994],[46.902411380000046,-19.235526435999816],[46.90930425200014,-19.22809483799989],[46.91383899100009,-19.23234456499989],[46.91475428100017,-19.213706490999925],[46.92396598,-19.21022334699984]]]}},{"type":"Feature","properties":{"shapeName":"Tsiroanomandidy","shapeISO":"","shapeID":"10022922B70813515121555","shapeGroup":"MDG","shapeType":"ADM2"},"geometry":{"type":"Polygon","coordinates":[[[46.16310839700003,-19.402026087999957],[46.17507548800012,-19.377809834999937],[46.18520155700014,-19.37403417999991],[46.18137582100013,-19.36417153899987],[46.188411667000196,-19.356612238999844],[46.2014,-19.36878000299987],[46.22104329999996,-19.366251636000015],[46.228869238000186,-19.352345138000032],[46.260802353000145,-19.342513830999962],[46.25879941500011,-19.322123206999834],[46.270071272999985,-19.305869347999874],[46.32132009200012,-19.283086895999816],[46.31787347000022,-19.273643587999914],[46.29282937500005,-19.26539062199987],[46.28814241000015,-19.254733485999964],[46.29640138400015,-19.24639417299983],[46.31510124100009,-19.247087069999964],[46.3222959310001,-19.239236206999976],[46.318453952000084,-19.228321616999835],[46.3428664450002,-19.220985783999936],[46.3390888830001,-19.190962158999923],[46.35484426400012,-19.19530829099989],[46.36769747400007,-19.159265995999874],[46.397850410000046,-19.147125448999816],[46.396485997999946,-19.132171559999847],[46.41426224000014,-19.12421652199987],[46.42300447500003,-19.102712218999898],[46.44435668500017,-19.099940594999964],[46.4436850630002,-19.089430519999894],[46.45267519800018,-19.084508496999888],[46.502849999000034,-19.085480002999873],[46.5333744080001,-19.109539811999923],[46.555380959000104,-19.10536985799996],[46.57426514600019,-19.065820155999916],[46.54870037700016,-19.05549209799989],[46.54573,-19.035700002],[46.556322672000135,-19.023855396999977],[46.54863097400016,-19.002435335999962],[46.53565656100022,-18.99549781999997],[46.52247705400015,-19.00117930799985],[46.48893570700022,-18.98496345399991],[46.48649768800021,-18.958268162999957],[46.494256696000036,-18.953397835000033],[46.5075576010002,-18.969897268999887],[46.52357946100017,-18.966882891999887],[46.50989741300015,-18.947324039000023],[46.53499611500007,-18.925527069999873],[46.5419684040001,-18.899136511],[46.55624779500005,-18.890852165999945],[46.549029519000214,-18.859596458999874],[46.56020589700017,-18.848443509999868],[46.55809857300005,-18.834698062999905],[46.5687818290001,-18.82855237799987],[46.56399510400007,-18.798279134999973],[46.55275166500013,-18.780723448999936],[46.53654060200006,-18.78157790699987],[46.525501486999985,-18.75249363599994],[46.53380001600016,-18.70752393299989],[46.52951473300004,-18.67136646899985],[46.500542821000124,-18.645872333999876],[46.48542789600015,-18.652626704],[46.430524140000045,-18.644662788],[46.42763450000007,-18.632148842999925],[46.38568858100018,-18.61320610199988],[46.38883941400019,-18.603432411999904],[46.368307034000054,-18.583542033999947],[46.36063143500013,-18.581175405999886],[46.35656414800013,-18.5927001149999],[46.35646197900013,-18.57678977499984],[46.36782984700011,-18.558342278],[46.39363631000009,-18.539580564],[46.385874630000046,-18.520671615999902],[46.34409008400007,-18.49769721799987],[46.332624256000145,-18.477807008999946],[46.296236141000236,-18.47259643800004],[46.28646785600017,-18.458471233999887],[46.24071223699997,-18.49565327499988],[46.20224520900007,-18.489941556999895],[46.19300471300005,-18.47090699099988],[46.19193,-18.425500002999968],[46.175812541000084,-18.45661943499988],[46.13294304599998,-18.492555521999975],[46.11481393000014,-18.487201859999857],[46.07255098600001,-18.497556520999865],[46.06195418200025,-18.485763843999905],[46.01955521400009,-18.47242182499997],[46.01445381300016,-18.481198443999972],[45.98245354900007,-18.46714461099998],[45.94874820300015,-18.465094047000036],[45.934241794000116,-18.472775600999853],[45.89982470299998,-18.46006795699992],[45.855715561000125,-18.41987606699996],[45.83929953799992,-18.422251764999885],[45.827393375999975,-18.403833873999815],[45.83397630299993,-18.384158799000033],[45.82907272500012,-18.367718935000028],[45.800828449000164,-18.350553084000012],[45.7889188220002,-18.36063646899987],[45.73484580600007,-18.361649961999888],[45.72951316600012,-18.32169282999996],[45.74618000000015,-18.287700002999884],[45.73426999900016,-18.276570002999847],[45.796482518000175,-18.232381151000027],[45.80014095100012,-18.17732770299989],[45.81585834800018,-18.157362138999872],[45.80176902300019,-18.14381749099988],[45.821953730000246,-18.14183478999996],[45.82620674500015,-18.126121719999958],[45.842837128999975,-18.116653075999977],[45.84476999900005,-18.093470003999926],[45.86874859199992,-18.084877348999953],[45.861699115000135,-18.068913344999885],[45.87555461800014,-18.055789179999977],[45.87437221800019,-18.039999046999924],[45.88756620900023,-18.016794884999968],[45.862560687000155,-18.007917632999977],[45.85638429900018,-17.998434601999975],[45.84527876600015,-17.999787945999856],[45.82902802300015,-18.01969561699991],[45.81413366399994,-18.02217628799997],[45.806908515000146,-18.014110813999935],[45.79126357600023,-18.043082709999965],[45.77334014600012,-18.044658525999978],[45.766760336000175,-18.0737793859999],[45.754907561000095,-18.065765860999875],[45.73463239,-18.078998237999883],[45.722461505000126,-18.072030033000033],[45.72399334900018,-18.080696219999936],[45.70094122300014,-18.07718052799993],[45.687945407000086,-18.086233148999952],[45.67747211300019,-18.077059972999905],[45.67404378000015,-18.08537579299997],[45.66292186500016,-18.084670986999924],[45.663474577000045,-18.097859527999844],[45.630208590000166,-18.10372238299982],[45.60711744699995,-18.139891311999918],[45.59206404200012,-18.212887544999944],[45.57383411700016,-18.218099388999974],[45.551999720000026,-18.237624097000037],[45.5487165990001,-18.24991716300002],[45.532874796000215,-18.25140669199999],[45.50907640300011,-18.235137474],[45.48566054200006,-18.2478428149999],[45.48611573499994,-18.26271745399987],[45.498432208000224,-18.268163549],[45.48889408100018,-18.30673946399986],[45.50757005700018,-18.315870826999912],[45.500366698999926,-18.327547301999857],[45.51261999900004,-18.343020001999946],[45.55597673199992,-18.377804634999904],[45.57820013800017,-18.36348653499988],[45.58818875200012,-18.373084091999942],[45.588696189000075,-18.403927817999943],[45.56324604800011,-18.429311482999935],[45.57943891100007,-18.437446697999974],[45.59264067600003,-18.460694169999954],[45.585133035000126,-18.476786577999974],[45.59793581900021,-18.518725656000015],[45.59137093900006,-18.550958276999836],[45.58089331600007,-18.559347193999827],[45.59908260900005,-18.557719526999904],[45.60545178000007,-18.571957528999974],[45.58921299600013,-18.58399632299995],[45.59088009700014,-18.598550115999956],[45.57565120500004,-18.60454626099994],[45.56852155300004,-18.62440771099989],[45.55263816600012,-18.621802523999975],[45.5410693390001,-18.633705773999964],[45.54352819200005,-18.64908836799998],[45.52971577000011,-18.6547359409999],[45.53104100600018,-18.665175024999883],[45.51488879800007,-18.66456651599998],[45.513392080000244,-18.67792281599992],[45.498178004000124,-18.682417654999938],[45.50779694699992,-18.686471403999974],[45.50372102700021,-18.69196300999988],[45.48527156,-18.7046847069999],[45.47577206800008,-18.70258425599991],[45.466458782000075,-18.715105254000036],[45.490908822000165,-18.810927153999955],[45.512652508000144,-18.834471133999955],[45.505345910000074,-18.881875477999813],[45.48310494500009,-18.89111946399987],[45.477294516000086,-18.91804070199987],[45.48468460400011,-18.931785466999884],[45.50047318900005,-18.929195697999944],[45.52684513700018,-18.963145956999938],[45.54794670000007,-18.974491689],[45.54460113600021,-19.020676786999957],[45.56270179100011,-19.03418684599984],[45.58873504000019,-19.038491244999932],[45.59053884299993,-19.07846266699994],[45.562805,-19.079427276999922],[45.55479497300013,-19.118904569999927],[45.59906320700003,-19.164776372999825],[45.552840499999945,-19.200608814999953],[45.54732098400018,-19.271194728999888],[45.56132999900012,-19.279980003],[45.610647101000154,-19.27567732999995],[45.657297605,-19.305791408999823],[45.669961802000046,-19.29217267799993],[45.682466923000106,-19.312733653999828],[45.71393170500011,-19.32140660499988],[45.77337783100012,-19.312232863999895],[45.78247385700007,-19.288338564999947],[45.783529839000096,-19.249033329999975],[45.801690854000185,-19.20564536099988],[45.80049456800015,-19.236999656999956],[45.81021033300016,-19.254398917999822],[45.813385447000144,-19.29542260099987],[45.82275040400003,-19.302153881000038],[45.82076704300016,-19.317256113999917],[45.83127395499997,-19.33568332699997],[45.821757394000144,-19.3459481189999],[45.82629483900013,-19.36658550299984],[45.81778433000022,-19.372702100999845],[45.82275354200016,-19.43643165200001],[45.80586061100013,-19.435693678999883],[45.80993333500015,-19.456609912999966],[45.844089079000184,-19.450788812999974],[45.88873996100017,-19.41710327499993],[45.91244600500016,-19.452954969999894],[45.921527820999984,-19.44104102299991],[45.93678004199995,-19.437460974999908],[45.94682006600004,-19.41911884199999],[45.96250839900006,-19.416803105999975],[45.98187681700017,-19.425676553999892],[46.001245485000084,-19.40598621999999],[46.01010922100022,-19.412518616999932],[46.02802242700017,-19.407683552999913],[46.062934657000085,-19.425443333999965],[46.09677319600007,-19.426913251999906],[46.106627356000104,-19.439681384999858],[46.12359288200014,-19.443706705999944],[46.14455848800003,-19.428190109999946],[46.143833297000185,-19.41077798399988],[46.16310839700003,-19.402026087999957]]]}},{"type":"Feature","properties":{"shapeName":"Fenoarivobe","shapeISO":"","shapeID":"10022922B23923498940873","shapeGroup":"MDG","shapeType":"ADM2"},"geometry":{"type":"Polygon","coordinates":[[[46.504584176000094,-17.767778602999954],[46.49630790300017,-17.76027067799987],[46.48600769500007,-17.76396286699992],[46.46197891900022,-17.741297376000034],[46.43724198300015,-17.767660501999956],[46.42377285500004,-17.76051952699993],[46.411701133000065,-17.77062526899988],[46.39682913900003,-17.767295904999912],[46.36635964500016,-17.804204662000018],[46.35391472300023,-17.803153501999816],[46.35405837200011,-17.831119492999846],[46.327016263000246,-17.83211020999994],[46.29904171400011,-17.821948653999925],[46.28214516200006,-17.83896192200001],[46.27129581500009,-17.83997945499982],[46.25804491000014,-17.861346433],[46.24917857600019,-17.854029002999937],[46.23586984500008,-17.862158458999943],[46.23433819500019,-17.875755478999906],[46.2085603930002,-17.844128222],[46.20437952700013,-17.85929987299994],[46.18831641800023,-17.86352121199991],[46.17508892400019,-17.87815537299997],[46.172187368000095,-17.91446551799993],[46.15180227900015,-17.943230729999925],[46.142171733,-17.931281367999873],[46.104668023000045,-17.923954455],[46.08890004100016,-17.93116186100002],[46.01599871400015,-17.92560176199987],[45.991404362000026,-17.903443679999953],[45.944597166000165,-17.884962653999935],[45.95222806400005,-17.899728127999936],[45.9457040650002,-17.90715542699985],[45.947935415000074,-17.924412851],[45.931325949000154,-17.94754175600002],[45.92881926599995,-17.97422413099997],[45.91812243100014,-17.974552418999963],[45.899282755000115,-17.995734003],[45.886985400000185,-17.99401274499985],[45.89288401400012,-18.01316498099993],[45.873985633000075,-18.038816675999954],[45.87512614600024,-18.057093466999902],[45.86217896100021,-18.0659269169999],[45.86816634000007,-18.09005424899982],[45.84476999900005,-18.093470003999926],[45.84477000000015,-18.112870003999888],[45.81889608400019,-18.13315582799987],[45.8238285060001,-18.139901996999924],[45.80230151500018,-18.14149690199997],[45.814061609000134,-18.15296356099998],[45.792345843000135,-18.211326747999863],[45.797583361999955,-18.232913000999872],[45.73426999900016,-18.276570002999847],[45.74320167900021,-18.286943672999826],[45.73013470299992,-18.31874636599997],[45.73484580600007,-18.361649961999888],[45.78983664600008,-18.36049611699997],[45.80527448400005,-18.35079559399992],[45.81152999900007,-18.362480002999973],[45.82960764900014,-18.36896006199987],[45.82824181900014,-18.408152512000015],[45.83744197600009,-18.42117312199997],[45.855715561000125,-18.41987606699996],[45.89782121600007,-18.45882903899991],[45.93298802300018,-18.472633288999987],[45.94744619600016,-18.46506638699998],[45.97987512599997,-18.466238471999873],[46.011223143000166,-18.480773711999916],[46.01767241500016,-18.47370511899993],[46.04344499100006,-18.477283962999934],[46.069415516000106,-18.49766286599987],[46.113970236000114,-18.486716278000017],[46.13164278500017,-18.491803445000016],[46.175812541000084,-18.45661943499988],[46.19193,-18.425500002999968],[46.19345201900012,-18.47494202199988],[46.199627430000135,-18.486332775999983],[46.223830290000194,-18.496946266],[46.249923466000155,-18.490766272999906],[46.28007855600015,-18.459395407999978],[46.291483343000095,-18.45865308099991],[46.296236141000236,-18.47259643800004],[46.332624256000145,-18.477807008999946],[46.33442961400016,-18.489191022999876],[46.38336213700006,-18.519869279999966],[46.38765353600013,-18.53358151799995],[46.39760942900011,-18.537020342],[46.36650958200005,-18.559659227999987],[46.354391498000155,-18.592313326999943],[46.36473301000012,-18.58052677199987],[46.3884750520001,-18.601243756999907],[46.38447979900019,-18.61134035399988],[46.42550837900012,-18.630446014999904],[46.430524140000045,-18.644662788],[46.51591157100023,-18.65102320599982],[46.53852360500008,-18.656854863999968],[46.54846921800009,-18.675132162999944],[46.56796098600012,-18.67967122199991],[46.62514251300007,-18.68045527700002],[46.67382208900017,-18.665814731999944],[46.7149581970001,-18.665009815999895],[46.77902363900006,-18.715868575999934],[46.832519941000044,-18.701687238999853],[46.844293129000164,-18.70572445700003],[46.857106561999956,-18.69295830899989],[46.878606867000144,-18.699509029999945],[46.91699788400007,-18.739299996999875],[46.929555396000126,-18.727657821999912],[46.987531731000104,-18.745659939999825],[47.00695761700018,-18.729850570999872],[47.083431538000184,-18.73236684899996],[47.09226122500024,-18.71178693799982],[47.04743590000015,-18.681320416999938],[47.02134886200014,-18.604430446999856],[46.99839334200004,-18.595504248999816],[46.976241861000176,-18.56964141399982],[46.95682403300009,-18.51529962999996],[46.95884162800013,-18.49967755899985],[46.936927707000166,-18.49905598899994],[46.92131968000007,-18.471551310999985],[46.913980563999985,-18.481839425999908],[46.906930049000096,-18.47984136599996],[46.88542609900003,-18.46046241199997],[46.87454181000015,-18.463114312000016],[46.860708248000094,-18.45285423899992],[46.84436333600024,-18.456404094999925],[46.82277519199994,-18.443528524999863],[46.81484410600012,-18.455702715999962],[46.79454060800009,-18.408300274999988],[46.751338355000144,-18.391157395999983],[46.75671100500006,-18.372341182999833],[46.75117727300017,-18.35701541399993],[46.70852755300001,-18.306564458999844],[46.657455753000136,-18.209841241999868],[46.65411893000015,-18.168626585999903],[46.64438815200009,-18.150741773999925],[46.64809443400014,-18.104952807999837],[46.63547093900007,-18.09994742500004],[46.63738021100011,-18.045295399999816],[46.61709813300013,-18.022901983],[46.60617856600015,-17.97584046199995],[46.56907098400012,-17.925129934999916],[46.545619786999964,-17.860185756999897],[46.522002450000116,-17.830980892999833],[46.49992405200015,-17.823062083999844],[46.498867968000184,-17.788109607999957],[46.50567535500005,-17.780165059999945],[46.52037352500008,-17.781515032000016],[46.504584176000094,-17.767778602999954]]]}},{"type":"Feature","properties":{"shapeName":"Fianarantsoa I","shapeISO":"","shapeID":"10022922B21478747844721","shapeGroup":"MDG","shapeType":"ADM2"},"geometry":{"type":"Polygon","coordinates":[[[47.0969333340002,-21.512716667999882],[47.0955,-21.503900002000023],[47.11601666700005,-21.50030000199996],[47.1247969260001,-21.485669016999964],[47.11298198100013,-21.46813184699988],[47.12484295999997,-21.475202106999916],[47.133696487000066,-21.47010452499984],[47.12784754000006,-21.457492035999906],[47.136877717000175,-21.433517247999873],[47.12660082600013,-21.4186224849999],[47.08712054300014,-21.394020729999966],[47.06660954900019,-21.41604309600001],[47.05245892299996,-21.419244537999873],[47.03550496200006,-21.462742267999886],[47.045002009000086,-21.466809063000028],[47.04622930700003,-21.496774836999975],[47.06481340800019,-21.491905072999828],[47.0969333340002,-21.512716667999882]]]}},{"type":"Feature","properties":{"shapeName":"Ambalavao","shapeISO":"","shapeID":"10022922B7475622417535","shapeGroup":"MDG","shapeType":"ADM2"},"geometry":{"type":"Polygon","coordinates":[[[46.718094191000034,-21.669734300000016],[46.69781527300012,-21.680291609999927],[46.665450000000135,-21.663470002999873],[46.656927693000114,-21.668214105],[46.641719890000104,-21.6477852029999],[46.642089845000044,-21.636459135],[46.57257968300007,-21.642960783999968],[46.55213352699997,-21.610447125999883],[46.543967092000116,-21.558629357999962],[46.49075387300019,-21.537515219999932],[46.48029831000008,-21.54322295299994],[46.48135313700004,-21.559215227999857],[46.456107774000145,-21.562482791999855],[46.421702750000065,-21.53054731499992],[46.427477763000184,-21.515721483999982],[46.416855940000175,-21.485819746999937],[46.377143838999984,-21.461217473999852],[46.279590896000116,-21.564494539999885],[46.264944152000055,-21.57089975899987],[46.23512559700015,-21.64759250299994],[46.20631880400009,-21.691456690999928],[46.19564097999995,-21.69296571199982],[46.195522951000044,-21.705586301999915],[46.173946086000115,-21.714765767999836],[46.16817100600014,-21.746223529999952],[46.15060244400007,-21.762611771999843],[46.2230786610001,-21.763005334000013],[46.238088303000154,-21.77855811299986],[46.239042479000034,-21.795034675999887],[46.25375660900016,-21.80306910499985],[46.262666217000174,-21.786333760999923],[46.287311314000135,-21.796122481999817],[46.30906945800007,-21.787783666999985],[46.327085976000035,-21.800253990999977],[46.31838905600006,-21.83078774699993],[46.32650160600019,-21.850761995999903],[46.348798495999915,-21.847641758],[46.34494090700025,-21.83815928499996],[46.35965128500004,-21.83238899700001],[46.36870944400016,-21.853161477999834],[46.378000719,-21.85124648399983],[46.371710453999924,-21.877745900000036],[46.39188026500017,-21.89278496199995],[46.391729461000125,-21.927931496999975],[46.4200626060001,-21.938963198999886],[46.42684733300024,-21.954700773999946],[46.436843942000166,-21.937153172999956],[46.44498109300014,-21.94046106799982],[46.43444909300018,-21.967038437999975],[46.445311170000195,-21.99727805799995],[46.42976164100014,-22.01897184799998],[46.42722364700012,-22.041088764999927],[46.437377527000194,-22.060708301000034],[46.456449786000235,-22.067821645999913],[46.463675171000034,-22.092119239],[46.47246963400016,-22.09086395499986],[46.478335656999946,-22.075843237999948],[46.50400061599993,-22.074619109999844],[46.51628034200007,-22.08604820499994],[46.51718375200005,-22.111801073999914],[46.5332065660001,-22.11267947999994],[46.53517610200015,-22.123306636999928],[46.54490365300006,-22.10478581699988],[46.582053391000045,-22.076442603999908],[46.59428567100014,-22.127459486999896],[46.70462,-22.141220001999898],[46.71388111400006,-22.170716512000013],[46.7318575920001,-22.1848065719999],[46.75971538300013,-22.17333092599995],[46.786021832000074,-22.186642855999878],[46.78780591100019,-22.220756390999895],[46.81301340500005,-22.169470120999904],[46.823296571000185,-22.1637347219999],[46.84556164700018,-22.16620932499984],[46.852044445000104,-22.177327125999852],[46.88245083900006,-22.194156442],[46.89233366600001,-22.19072682],[46.912068556000065,-22.20677333599997],[46.93320945800008,-22.197685582999895],[46.934358705999955,-22.18074076599993],[46.96893154700018,-22.15120247899995],[47.03291474700006,-22.167678002999935],[47.060838475000196,-22.139536926],[47.094863182000154,-22.136212038999872],[47.10853490700009,-22.117128582999896],[47.106990413000176,-22.09052371199988],[47.15568642500017,-22.083685327000012],[47.18246215800002,-22.03237314799992],[47.214367228000015,-22.063508328999887],[47.25697541200009,-22.076004952999938],[47.288283073000116,-22.007484872999896],[47.30525504299999,-22.00393547099992],[47.32141310400016,-21.985504018999904],[47.3226428860001,-21.965731030999905],[47.28040024600011,-21.925558903999956],[47.24312521600024,-21.90424212699986],[47.2607314940002,-21.892215604],[47.25547088000013,-21.87810909699988],[47.23195070400004,-21.87723791399992],[47.20411677300001,-21.858201848999954],[47.16483597800004,-21.860537010999906],[47.162786189000144,-21.854481215999954],[47.147835481000186,-21.860552791999964],[47.116179094000074,-21.844382996000036],[47.08046599400012,-21.804479689999937],[47.06851574600006,-21.80854232799993],[47.060643538000136,-21.79772175],[47.03715193700003,-21.797387006],[47.02760935200013,-21.78247398799988],[47.01651122600009,-21.78371147400003],[46.98894469100014,-21.747458272999893],[46.96156704200001,-21.733045248999815],[46.95156770000011,-21.71280661499992],[46.90059138200007,-21.700182336999887],[46.86644400200021,-21.72530965599998],[46.82574328200002,-21.705467788999954],[46.82238378500017,-21.693529831999854],[46.79858909600023,-21.691293205999898],[46.75749131000009,-21.659038239999916],[46.74434332499993,-21.659381262999943],[46.73705132600014,-21.680935330999887],[46.718094191000034,-21.669734300000016]]]}},{"type":"Feature","properties":{"shapeName":"Ambohimahasoa","shapeISO":"","shapeID":"10022922B34392392155891","shapeGroup":"MDG","shapeType":"ADM2"},"geometry":{"type":"Polygon","coordinates":[[[47.348729419000165,-20.96587849599996],[47.336907038000106,-20.954925768999942],[47.33233054600015,-20.95874960999987],[47.30592429600006,-20.904144686],[47.31005200300007,-20.894505383999842],[47.299886286000174,-20.8822546479999],[47.29439857200015,-20.850828617999923],[47.31409101800023,-20.84167153899989],[47.30939254500004,-20.82931175499988],[47.27570256499996,-20.792400239999893],[47.257895851000114,-20.78873458599992],[47.24431472500015,-20.797140679999984],[47.237384009000095,-20.81962497899997],[47.203835950000155,-20.82250916299995],[47.18818377200006,-20.81570876099994],[47.18216709500024,-20.83040411399992],[47.17054989999991,-20.830335379999838],[47.162513046000015,-20.85900505500001],[47.145851977000234,-20.872783268999854],[47.12824387400019,-20.874465429999873],[47.115770468,-20.865890345999844],[47.107104370000116,-20.88398188499997],[47.055948256000136,-20.88764389200003],[47.02411205100003,-20.919134218999886],[47.02221882400016,-20.924327520999896],[47.038774902000114,-20.932475350999823],[47.02613360099997,-20.94122951299994],[47.01889411300016,-20.96594566199991],[46.97730827300012,-20.980208123999887],[46.957285992999914,-20.966511037999908],[46.949297854000065,-20.96875542799995],[46.940859233000026,-20.997970746999897],[46.92488409500004,-21.015859404999958],[46.896986344000084,-21.015252414999907],[46.86614597600004,-20.98605894000002],[46.84217669800012,-21.005381234999845],[46.871133034000195,-21.031928547],[46.865760148000106,-21.071995149999907],[46.88702180200016,-21.102470801000038],[46.90972609300013,-21.100128906999885],[46.92822121,-21.12188122799995],[46.96825635000016,-21.114241329999857],[46.99245550800009,-21.13607681299999],[46.99299886200015,-21.14754868599988],[46.963896415000136,-21.148589218999916],[46.95506118199995,-21.176501351999946],[46.97108625000021,-21.186329448999913],[46.995679746000064,-21.175596852999888],[46.993704960000116,-21.19148950199991],[47.010901610000076,-21.192537866999942],[47.02304822300016,-21.210573790999945],[47.00352974799995,-21.220224196999936],[47.006792897000025,-21.23804221699993],[47.06505905300014,-21.253389713999866],[47.06365652000022,-21.264497400999915],[47.048384731000226,-21.270366341999875],[47.04322749300019,-21.2976550649999],[47.04817369500017,-21.311921129999973],[47.072811565000166,-21.321388463999938],[47.084516921000215,-21.304255205999937],[47.11338889700005,-21.293508533000022],[47.12191902100011,-21.265458073999923],[47.117694928000105,-21.255044820999842],[47.124720518000174,-21.24074895299998],[47.139352092000195,-21.233453438999845],[47.1772564420001,-21.234681846999877],[47.17176733900004,-21.271967264999887],[47.23449037800003,-21.256425176999926],[47.22752690800013,-21.26952264299996],[47.23625356800011,-21.284185284999978],[47.25631041000014,-21.274034265999944],[47.26395382599998,-21.280442636000032],[47.27552786000018,-21.25901985499985],[47.28914750900009,-21.253043254999966],[47.32508798000009,-21.270116854999912],[47.364887114000055,-21.224519432999955],[47.398772011000176,-21.234945565000032],[47.391648865000036,-21.21046747600002],[47.40504807700006,-21.202439804],[47.430420690000176,-21.16260117500002],[47.440146359000096,-21.165865057999895],[47.44967552900005,-21.15367588399988],[47.43645199000025,-21.12552551499988],[47.443282725000074,-21.0914052359999],[47.41987923500011,-21.08452848799999],[47.40690254500021,-21.066891914999815],[47.38935603300001,-21.066516643999933],[47.38250346800015,-21.07630556299995],[47.33678661900018,-21.052456107000012],[47.34606599800014,-21.027346437999938],[47.33174408100024,-21.00585149999995],[47.35559227400017,-20.981380669999908],[47.348729419000165,-20.96587849599996]]]}},{"type":"Feature","properties":{"shapeName":"Ikalamavony","shapeISO":"","shapeID":"10022922B85703559853082","shapeGroup":"MDG","shapeType":"ADM2"},"geometry":{"type":"Polygon","coordinates":[[[46.718094191000034,-21.669734300000016],[46.72503905400009,-21.65307046399988],[46.7101610200001,-21.583829768999976],[46.73522078200017,-21.549348102999943],[46.73719809500011,-21.518162084999858],[46.74394483000009,-21.510427869999944],[46.776959723000175,-21.525621843999886],[46.78898562100011,-21.522728158999826],[46.794697484000096,-21.469037002999983],[46.784199999000066,-21.46201666899998],[46.783331155000155,-21.430605939999964],[46.79858063000023,-21.38853596699994],[46.793460077000134,-21.35584439099995],[46.79858641400017,-21.30301614000001],[46.82942031600015,-21.31183030499983],[46.837229508000064,-21.305733358999873],[46.85860864900019,-21.307949828999938],[46.869765554000026,-21.28596142699996],[46.886200685000176,-21.27410862199997],[46.88392999900009,-21.258170001999872],[46.871708682000246,-21.25467397799997],[46.86285507200006,-21.23930330999991],[46.85090494600024,-21.239780645999872],[46.85064963300016,-21.21174115399998],[46.831090572000164,-21.167525939999905],[46.81028129600003,-21.169938064],[46.797969945000034,-21.151009103999854],[46.77764466600007,-21.170083896999813],[46.75902199800004,-21.129053637999846],[46.713781575999974,-21.111519172999863],[46.71151763299997,-21.093366997999965],[46.70316556500012,-21.08699451199982],[46.71200768200015,-21.048968974999866],[46.705618466000146,-21.048302132999936],[46.705385926000076,-21.028976467],[46.67987032100018,-20.983497778999833],[46.70100453300017,-20.969747161999862],[46.74291235200013,-20.98210005200002],[46.759220452000136,-20.97725709699995],[46.768043892000094,-20.96740263399994],[46.76217249500024,-20.92788891799995],[46.70430039000013,-20.869779099999903],[46.682142768000176,-20.86499788799989],[46.63312161199991,-20.82463139899994],[46.616329779000125,-20.798260529],[46.60970050200007,-20.76488530199987],[46.59227976300008,-20.76012033799998],[46.57915205300014,-20.746233177999898],[46.57326619300005,-20.70898941299987],[46.56210347099994,-20.691194044999975],[46.54202367900018,-20.70654691499982],[46.535421947000145,-20.690574435999963],[46.52263151800014,-20.695243449999907],[46.50963423300004,-20.726658529999952],[46.459416276000184,-20.760178290999875],[46.436070086000086,-20.764357444999973],[46.4236875630001,-20.77815388700003],[46.395650277000186,-20.758674135000035],[46.38077392400004,-20.758626986999957],[46.37604489400013,-20.728366441999867],[46.35352982500018,-20.732299667999882],[46.340290952000146,-20.757580494999956],[46.33058967700015,-20.753309906999846],[46.323341249000066,-20.77277773599991],[46.290468548000035,-20.79340244999986],[46.29157543400015,-20.822152684999935],[46.26271905600015,-20.835934358999907],[46.2722925970001,-20.865386219999948],[46.26719034500019,-20.882860184999913],[46.287352314000145,-20.91992206799989],[46.26909307000017,-20.931646738999916],[46.24271426600018,-20.928257117999863],[46.223309711000184,-20.946447977999867],[46.23096983300019,-20.957837394999956],[46.25037059900012,-20.94381888699985],[46.25561308600021,-20.951411166000014],[46.25477000200004,-20.987072115999922],[46.23779654200007,-20.99350591999996],[46.22766745499996,-21.01891417199994],[46.21689999900008,-21.02040000200003],[46.185604271000045,-20.996766137999884],[46.143807531000164,-20.992430759],[46.127852334000124,-20.97747599099995],[46.08853917499994,-20.98129372400001],[46.07860795900018,-20.992572373999906],[46.052284684000085,-20.99860358199993],[46.01187513000019,-20.970594811000012],[46.007835613,-20.954636039000036],[45.98336795000017,-20.950271700999963],[45.967305215000124,-20.96759972000001],[45.94610706700013,-20.960908646999883],[45.93424365300018,-20.97171078199989],[45.920040830000175,-20.96494234299996],[45.90405331500011,-20.999913688999982],[45.87829033400021,-21.011392050999973],[45.812880754999924,-21.031045130999928],[45.7900469600001,-21.01906867999992],[45.77585772600008,-21.023213577999854],[45.751099447000115,-21.07100467699985],[45.73327567700011,-21.078809465999825],[45.73532704600012,-21.10569555099994],[45.75186050200011,-21.132556116999922],[45.74461666200011,-21.166198076],[45.75476859400004,-21.19444853899995],[45.74953224800004,-21.238690570000017],[45.69957074100006,-21.264958030999935],[45.68455537400018,-21.264250178999987],[45.680276237000044,-21.273310894999952],[45.65560784400009,-21.269601748000014],[45.66064396200005,-21.286108243999934],[45.65204418500019,-21.290719382999896],[45.64295650800011,-21.279977967000036],[45.63370953500021,-21.285375981000016],[45.62219837500004,-21.29658993099997],[45.61826382000004,-21.316943814999888],[45.58439441900015,-21.319589760999975],[45.583287004000056,-21.36125094800002],[45.572365860000104,-21.373855860999868],[45.57528592900019,-21.389609521999944],[45.567647463000014,-21.39643290299989],[45.57142030300008,-21.406197455999916],[45.56283055000017,-21.43009617599995],[45.52563582499994,-21.461942283999974],[45.539836340000136,-21.49727035199993],[45.538865663000195,-21.51213303999998],[45.522675969000204,-21.504809434999856],[45.52246749500017,-21.52564488599984],[45.551407781000194,-21.622177710999892],[45.572747105000076,-21.616976813999884],[45.583768114000065,-21.6323554089999],[45.609499645000085,-21.624136321000037],[45.643403536000164,-21.674838990999945],[45.65370501800004,-21.679155268999864],[45.68763376000015,-21.675305537999918],[45.700753334000126,-21.69092533799983],[45.71459508900011,-21.681316948999836],[45.721617491000075,-21.69554116400002],[45.73918677900019,-21.70188311599992],[45.760540498000125,-21.736974534999945],[45.78250573800017,-21.744444734999945],[45.78802263100022,-21.759184832999892],[45.8132605350001,-21.749587609999935],[45.832224094000196,-21.75661996899987],[45.852427755,-21.75262046199998],[45.869629159000056,-21.734710988999893],[45.89271896600013,-21.73315672399997],[45.904491804999964,-21.709574113999906],[45.93209009300017,-21.713071608],[45.93703603200021,-21.689224117999856],[45.95999601700021,-21.696370325999965],[45.96626253200009,-21.717613458000017],[45.96179672400024,-21.734623815999953],[46.01403281100011,-21.725989752000032],[46.03007968100019,-21.741051527999957],[46.087452456,-21.731606960000022],[46.091828299000156,-21.743292339],[46.11239578800007,-21.756347199999936],[46.14944409100008,-21.761901217999934],[46.16817100600014,-21.746223529999952],[46.17420479800023,-21.71278371],[46.1866789340001,-21.71208786899996],[46.1976014720002,-21.691687123999884],[46.20828864400016,-21.690862121999942],[46.21716719699998,-21.678472229000022],[46.26086183500007,-21.596059131999937],[46.26517690700024,-21.568646471999955],[46.27693616000022,-21.56822893099985],[46.3386057730001,-21.494504591999885],[46.377143838999984,-21.461217473999852],[46.416855940000175,-21.485819746999937],[46.42666512600016,-21.51321275099997],[46.421702750000065,-21.53054731499992],[46.456107774000145,-21.562482791999855],[46.48004642200004,-21.55946555299988],[46.48029831000008,-21.54322295299994],[46.49075387300019,-21.537515219999932],[46.54316090200018,-21.557454184999983],[46.55213352699997,-21.610447125999883],[46.577819225000155,-21.644439530999932],[46.639615507000144,-21.63577826099987],[46.656927693000114,-21.668214105],[46.665450000000135,-21.663470002999873],[46.69682703900003,-21.680605707999973],[46.718094191000034,-21.669734300000016]]]}},{"type":"Feature","properties":{"shapeName":"Lalangina","shapeISO":"","shapeID":"10022922B72540367204165","shapeGroup":"MDG","shapeType":"ADM2"},"geometry":{"type":"Polygon","coordinates":[[[47.0969333340002,-21.512716667999882],[47.109373515000186,-21.529328079999857],[47.10204784200005,-21.538227556999914],[47.11048935200023,-21.544945926999958],[47.165246856000124,-21.535903582999822],[47.17945,-21.555550003],[47.20261852200014,-21.55567185999996],[47.205660941000076,-21.52505267199996],[47.211329297000134,-21.52459481199992],[47.29862204500006,-21.574775140999975],[47.34043333400018,-21.588516669],[47.343166666999934,-21.59818333499993],[47.35969023799993,-21.605195823999907],[47.40293333300025,-21.58225000199991],[47.4218994850001,-21.5174798729999],[47.40225345300013,-21.48195697899996],[47.40714555300025,-21.472025799999926],[47.42703026799995,-21.46555656199996],[47.42344908100006,-21.428997412],[47.43316944900016,-21.424506168999926],[47.42058947700025,-21.417370820999906],[47.423923399000046,-21.40239775899994],[47.41024847500012,-21.377199065000013],[47.40439101399994,-21.33504472599992],[47.38161187300017,-21.31877771300003],[47.40276404700006,-21.289875929],[47.39356713800004,-21.278234511999926],[47.37840943600014,-21.27643595899997],[47.37874958700013,-21.26981625799982],[47.401265653999985,-21.23880498899996],[47.366719533000094,-21.22243486799988],[47.32582962800018,-21.269710292999946],[47.28964152200018,-21.25286791900004],[47.277483335000056,-21.255366668000022],[47.26627816600012,-21.277546944999983],[47.25631041000014,-21.274034265999944],[47.237125790000164,-21.283425012999885],[47.224833198,-21.270056262999958],[47.233733,-21.262483556999825],[47.229968571000086,-21.25421767199998],[47.20467358000019,-21.265084900999852],[47.18415452000011,-21.263878075999912],[47.17853968100013,-21.273367677999943],[47.168670687000144,-21.270163259999833],[47.17144559700006,-21.249048078999976],[47.18019656700005,-21.241773984999952],[47.17260186400006,-21.231676120999964],[47.124720518000174,-21.24074895299998],[47.11338889700005,-21.293508533000022],[47.08226538400015,-21.304127646999973],[47.07325400700017,-21.322618691999935],[47.08236188200016,-21.331124780999858],[47.124006610000094,-21.32607182799984],[47.13849587000004,-21.35458924099993],[47.120133333000126,-21.373133334999864],[47.085516666000046,-21.381266668999842],[47.063500001000136,-21.37721666899995],[47.070641372000125,-21.398001539999825],[47.088470032000146,-21.394880143000023],[47.12781057400002,-21.419355116999952],[47.137677726999925,-21.43429300799994],[47.12797363400023,-21.459769774999984],[47.13139520700008,-21.473110208000037],[47.10970849100016,-21.469518979999975],[47.123086642000146,-21.48985389300003],[47.11601666700005,-21.50030000199996],[47.09615541300019,-21.49940716499998],[47.0969333340002,-21.512716667999882]]]}},{"type":"Feature","properties":{"shapeName":"Vohibato","shapeISO":"","shapeID":"10022922B39439372576611","shapeGroup":"MDG","shapeType":"ADM2"},"geometry":{"type":"Polygon","coordinates":[[[47.03541575100007,-21.463020415999893],[47.00903661200016,-21.472002133999922],[46.997951208000075,-21.497657727999922],[47.00603333300006,-21.506933334999815],[46.958866667000166,-21.54163333599996],[46.91196548299996,-21.528615063000018],[46.87524999900006,-21.538900001999934],[46.8473289650002,-21.536018492999915],[46.832067404000156,-21.54452624199996],[46.74268785600003,-21.511394929999938],[46.73561600000022,-21.54879026499998],[46.70827727200003,-21.57946841899991],[46.72043161900018,-21.60138857699991],[46.716615747000105,-21.62984058499984],[46.72503905400009,-21.65307046399988],[46.718094191000034,-21.669734300000016],[46.73705132600014,-21.680935330999887],[46.74311569700018,-21.661354449999976],[46.76040102200011,-21.66018751099989],[46.786656097000105,-21.67454879199994],[46.80068930900018,-21.692868609999948],[46.82055488300017,-21.69215161199986],[46.827523397000164,-21.706824611999878],[46.86342298900007,-21.72373581399995],[46.89694877100004,-21.700545578999936],[46.939230729000144,-21.70618455099992],[47.033650689999945,-21.79686808499997],[47.0821841610001,-21.805690809999874],[47.1146432650001,-21.84403976799996],[47.15101344600015,-21.86232056799986],[47.15818814599993,-21.854581794999945],[47.16726253700017,-21.860709869999823],[47.17967024200016,-21.854659848999916],[47.206923737000125,-21.858916720999957],[47.23195070400004,-21.87723791399992],[47.25912981500011,-21.88049398100003],[47.30016052400009,-21.835176179999962],[47.328352461000065,-21.837961255999915],[47.3361230930002,-21.81452038099991],[47.34620182200018,-21.81269966399998],[47.35762675000012,-21.77772390599995],[47.367155367000066,-21.77239676199997],[47.363592207000124,-21.750621487999865],[47.380427711000095,-21.744344837999847],[47.38756055100015,-21.73082584899987],[47.38087001800017,-21.716145302999962],[47.396636548000174,-21.688308241000016],[47.38742217100008,-21.668407454999908],[47.398457111000084,-21.644944605999967],[47.382243877000064,-21.617115872999932],[47.370910489000096,-21.618306832999963],[47.350861020000195,-21.597039476999953],[47.34013710200003,-21.597646003999955],[47.3379666670001,-21.587150001999987],[47.29732180099995,-21.57429918799994],[47.20637916600009,-21.522068861999912],[47.204072325000084,-21.553161381999814],[47.19822873700008,-21.555282499999976],[47.17945,-21.555550003],[47.16790653400005,-21.53609769699989],[47.11176536900018,-21.54526827799998],[47.102580132000014,-21.540676420999944],[47.10816666800025,-21.524516667999933],[47.0969333340002,-21.512716667999882],[47.08741666700013,-21.514000001999932],[47.06826879900018,-21.492258085999822],[47.04382240900003,-21.494738551999887],[47.045002009000086,-21.466809063000028],[47.03541575100007,-21.463020415999893]]]}},{"type":"Feature","properties":{"shapeName":"Isandra","shapeISO":"","shapeID":"10022922B29889196912325","shapeGroup":"MDG","shapeType":"ADM2"},"geometry":{"type":"Polygon","coordinates":[[[47.08486861800009,-21.398282294999888],[47.066692604000025,-21.392958386999908],[47.06354185400011,-21.377829789999964],[47.117083333999915,-21.37640000199997],[47.13680327700007,-21.35126720199986],[47.12496949200016,-21.326001083999927],[47.08345974600002,-21.330712132999906],[47.04707456400007,-21.3103765809999],[47.0442782990001,-21.280050616999915],[47.067413766000016,-21.2571696899999],[47.058868585000084,-21.247924497999918],[47.010492045000035,-21.240799100999936],[47.00043326600007,-21.223743244999866],[47.02304822300016,-21.210573790999945],[47.01387034900017,-21.19347808899994],[46.996344475000114,-21.19438202500004],[46.991177622000066,-21.17329457799991],[46.97108625000021,-21.186329448999913],[46.95506118199995,-21.176501351999946],[46.963896415000136,-21.148589218999916],[46.99548742700006,-21.144426010999894],[46.97312629000004,-21.11697958900004],[46.92315515000007,-21.121517827999924],[46.916427869000074,-21.102983122999888],[46.88798459100019,-21.10378376899996],[46.86644745400014,-21.074738692999972],[46.87113973800007,-21.03197617399985],[46.84273333400017,-21.005657608999968],[46.81146716500018,-20.993499],[46.795719498000096,-20.954967223999915],[46.77667704000015,-20.956030777999956],[46.75014728600013,-20.980911110999955],[46.702787533000105,-20.970066546999817],[46.68016360200022,-20.982315642999822],[46.70665724899999,-21.031286722999823],[46.70460266700019,-21.090414090999957],[46.713781575999974,-21.111519172999863],[46.75902199800004,-21.129053637999846],[46.77347524600009,-21.16749664299988],[46.788272474000166,-21.162976126999865],[46.79342842400007,-21.151527247999923],[46.80144299100016,-21.151963217999935],[46.80615668900009,-21.168977795999865],[46.83338209200025,-21.169299439999918],[46.85064963300016,-21.21174115399998],[46.8496302100001,-21.23818489899992],[46.882397445000095,-21.257689568999922],[46.88510533899995,-21.26833761099988],[46.85860864900019,-21.307949828999938],[46.79783800200005,-21.305125802999953],[46.79858063000023,-21.38853596699994],[46.78312999899998,-21.436750001999826],[46.784199999000066,-21.46201666899998],[46.79464313600005,-21.46625457],[46.790600000000154,-21.529533334999883],[46.83772940600005,-21.54564047499997],[46.84499457300012,-21.536370384999884],[46.87524999900006,-21.538900001999934],[46.90173333300015,-21.529166669999825],[46.958866667000166,-21.54163333599996],[47.003692600000136,-21.509729390999894],[46.9967833340001,-21.499066667999955],[47.00903661200016,-21.472002133999922],[47.03480172800016,-21.464019812],[47.05245892299996,-21.419244537999873],[47.08486861800009,-21.398282294999888]]]}},{"type":"Feature","properties":{"shapeName":"Ambatofinandrahana","shapeISO":"","shapeID":"10022922B11162683268422","shapeGroup":"MDG","shapeType":"ADM2"},"geometry":{"type":"Polygon","coordinates":[[[46.24017654700009,-20.02388132799996],[46.218500880000136,-20.003834053999924],[46.21091373600012,-20.030711828999983],[46.164903978000154,-20.06032172499988],[46.14714587300017,-20.08474906799995],[46.13750489999995,-20.07742678300002],[46.14045417500017,-20.047246720000032],[46.13265106500006,-20.037815109999826],[46.09605699000019,-20.03007151299994],[46.08244143900009,-20.019742159999964],[46.05686166000004,-19.95083106699991],[46.02035569800006,-19.953499119999947],[46.002058134000094,-19.930562024999915],[45.9798420150002,-19.924231830999986],[45.935129638000205,-19.93294781299994],[45.9015809600001,-19.923704867999902],[45.863402120000046,-19.898552630999973],[45.83094110600007,-19.919082987999843],[45.80843686500015,-19.91515587099991],[45.77152588900003,-19.881413267000028],[45.76009447600018,-19.893634244999816],[45.7654972750002,-19.913654857999973],[45.74570617900014,-19.947753540999827],[45.754483026999935,-19.97800606099986],[45.77142829800022,-19.997474453999985],[45.79136709500017,-20.00620005499985],[45.78306674499993,-20.014087020999966],[45.79473879800014,-20.03755676199995],[45.76966439800009,-20.051913153999863],[45.752773752,-20.042371497999966],[45.76910839800013,-20.08848660900003],[45.75891953000013,-20.11154438999995],[45.77357202200011,-20.13628334799995],[45.77366601900019,-20.15879380799987],[45.798295465000194,-20.202234603999898],[45.79807068700006,-20.22715903599999],[45.80834568300003,-20.246984935999933],[45.80449459000016,-20.268602421999958],[45.81292670900018,-20.27626508799989],[45.8105809110001,-20.306900359999986],[45.83476051300016,-20.33832440799989],[45.81731069000011,-20.389245073999916],[45.831249542000194,-20.417432861],[45.83105300000011,-20.457130442999926],[45.816165620999925,-20.477923399999952],[45.82272620200018,-20.498636519999934],[45.81178941000013,-20.519958197999813],[45.78995888900016,-20.525017648000016],[45.784465331000035,-20.53500085199994],[45.819720528000175,-20.562993723999966],[45.82833727200011,-20.6274849589999],[45.82298887800005,-20.643319988999963],[45.833613697000146,-20.659311267999954],[45.84176705900012,-20.713769081],[45.789596653000046,-20.723949955000023],[45.78195609800014,-20.74333753299993],[45.791661538000085,-20.75659644399991],[45.77672589600013,-20.769204586999933],[45.77463382300016,-20.825585731999865],[45.765345708000154,-20.84128153300003],[45.77923489600005,-20.87763761699989],[45.7674832080001,-20.89675839099982],[45.779607309000085,-20.921049225],[45.774682446000156,-20.95799804199993],[45.78413864700019,-20.961580028999833],[45.79267116999995,-20.981326455999863],[45.79471249300019,-20.992127999],[45.78485030900009,-21.002981739],[45.79217314200014,-21.020595006],[45.81611986100006,-21.030041358999824],[45.87488046800013,-21.01244334699993],[45.90405331500011,-20.999913688999982],[45.92267556100012,-20.963947276999875],[45.93697969100003,-20.970532782999953],[45.947960617000206,-20.961168316999874],[45.96048384300025,-20.968898690999822],[45.98188636500004,-20.95107795299998],[45.99355838000008,-20.950544964999835],[46.007835613,-20.954636039000036],[46.01187513000019,-20.970594811000012],[46.05524498200003,-20.99855654199996],[46.08853917499994,-20.98129372400001],[46.127852334000124,-20.97747599099995],[46.14938965900018,-20.994908324999983],[46.185604271000045,-20.996766137999884],[46.21689999900008,-21.02040000200003],[46.22766745499996,-21.01891417199994],[46.23779654200007,-20.99350591999996],[46.25477000200004,-20.987072115999922],[46.25561308600021,-20.951411166000014],[46.25037059900012,-20.94381888699985],[46.23096983300019,-20.957837394999956],[46.223309711000184,-20.946447977999867],[46.24271426600018,-20.928257117999863],[46.26909307000017,-20.931646738999916],[46.28706561800004,-20.917598413],[46.27042691400004,-20.893007798999918],[46.27047529500004,-20.853370883999958],[46.261415885000076,-20.84010130999991],[46.29157543400015,-20.822152684999935],[46.28952373400023,-20.794650522999916],[46.32548524200013,-20.771913563999817],[46.328756751000185,-20.756864900999915],[46.340290952000146,-20.757580494999956],[46.35220887700012,-20.73200835800003],[46.363451109999914,-20.72954715899988],[46.37604489400013,-20.728366441999867],[46.38077392400004,-20.758626986999957],[46.395650277000186,-20.758674135000035],[46.426217096000016,-20.776641788999882],[46.438058782000155,-20.762411514],[46.459416276000184,-20.760178290999875],[46.51261586400011,-20.724203479999858],[46.518649645000096,-20.697950034999963],[46.53220301800019,-20.69026943899985],[46.53963994300011,-20.691340628000034],[46.5444143310001,-20.706481863999954],[46.5634470870001,-20.6901153149999],[46.57915205300014,-20.746233177999898],[46.59227976300008,-20.76012033799998],[46.60970050200007,-20.76488530199987],[46.61370500300018,-20.79105913099994],[46.62984970900021,-20.820664880999857],[46.682142768000176,-20.86499788799989],[46.70430039000013,-20.869779099999903],[46.71850876800016,-20.89173053199994],[46.75498931400017,-20.91691473499992],[46.76878959200019,-20.965144684999814],[46.77667704000015,-20.956030777999956],[46.794709183000066,-20.954241596999907],[46.81428339300015,-20.99538012299996],[46.837890960000095,-21.004001754999933],[46.86875312300003,-20.97784891499998],[46.88475748100012,-20.993319467],[46.91321946500017,-21.00021455000001],[46.91904614300017,-20.985937844000034],[46.904157965000024,-20.969225009999832],[46.92336107600005,-20.951361007999935],[46.92492756700011,-20.919874794999885],[46.90228174199996,-20.877854172999946],[46.928148473000135,-20.82355130199994],[46.92545760900009,-20.813092512000026],[46.88280181900018,-20.781975161999924],[46.85583739100019,-20.73174198899983],[46.880443709000076,-20.725448025],[46.904531104000114,-20.702417739999873],[46.92027672900019,-20.707078400999933],[46.95033743100021,-20.677124857000024],[46.97668862900019,-20.67661936199994],[46.97691707700011,-20.653922103000014],[46.994381427000235,-20.64311443999992],[46.98772041199999,-20.628183812999907],[46.958825953000144,-20.611765306999814],[46.95543299800016,-20.60122164699999],[46.98382873700018,-20.552825706999954],[46.98748321000011,-20.518335753999963],[46.98439611200013,-20.490235500999916],[46.96550351500002,-20.461521860999937],[46.965791803000116,-20.448531866999815],[46.97576800500025,-20.42105625499994],[46.996805975000086,-20.414100039999937],[47.013917880000065,-20.41819717499982],[47.00036140700013,-20.361593815],[47.03657758600019,-20.342067123999925],[47.02106854400023,-20.30203213599998],[46.99785706400013,-20.27910914599994],[47.00696300900012,-20.265288737999867],[47.00918083900012,-20.237349302999974],[46.98243479600018,-20.20142249399987],[46.95970343900012,-20.207931312999904],[46.95873593500016,-20.186312348999934],[46.9470212330001,-20.168357845999935],[46.929097337000144,-20.176790734],[46.92792967000008,-20.18707504299988],[46.91241563400018,-20.19051467899982],[46.911630124000226,-20.200825125999813],[46.89462268400007,-20.212979835],[46.89708366300022,-20.227447690999895],[46.8732505170002,-20.235636199999817],[46.86470979000006,-20.267982251999968],[46.83466957700011,-20.25173845399985],[46.81709336699993,-20.278381992],[46.803529621000166,-20.267628874999957],[46.79873661000016,-20.269957566999892],[46.80686794800005,-20.276760988999968],[46.7810281080001,-20.276329912999927],[46.75305264700006,-20.26060719000003],[46.75555652400004,-20.248737369999958],[46.73864914100005,-20.235385520999955],[46.737622134000105,-20.222830813999906],[46.72854121300003,-20.237498057999858],[46.74345195199999,-20.263843027999883],[46.730488849000096,-20.26915871899996],[46.669409300000154,-20.259042932999932],[46.64773693100011,-20.248358093000036],[46.59434581800025,-20.265843883999878],[46.518225213000164,-20.265721131999953],[46.50550768300002,-20.24421606499999],[46.49752889800004,-20.250716658999863],[46.4556559880001,-20.240336684],[46.44094307100016,-20.213709552999887],[46.426065836000134,-20.22864443899988],[46.366047875000106,-20.247637469999916],[46.333110598000076,-20.227723102999846],[46.29894576500004,-20.224391923999917],[46.25191435200003,-20.18018474999991],[46.25208397600005,-20.150681688999953],[46.28038161000018,-20.154433901],[46.29145730100004,-20.145514225999875],[46.290236536000236,-20.130494613],[46.274512121999976,-20.121167376999892],[46.27403321700007,-20.10488136700002],[46.25752195300015,-20.09268725299995],[46.28507648500005,-20.08855629200002],[46.28030199900007,-20.07871304699995],[46.28684011300015,-20.07106248599996],[46.2587370170001,-20.029257318999896],[46.24017654700009,-20.02388132799996]]]}},{"type":"Feature","properties":{"shapeName":"Ambositra","shapeISO":"","shapeID":"10022922B13687813160362","shapeGroup":"MDG","shapeType":"ADM2"},"geometry":{"type":"Polygon","coordinates":[[[46.99830060700015,-20.224304717],[47.00977082300005,-20.24098935899991],[46.999968649000095,-20.281894143999978],[47.01965106500006,-20.299201863],[47.037857685000176,-20.344571266],[46.9996711660001,-20.362710330999903],[47.00719423999993,-20.379181247999895],[47.00327084000003,-20.3943898469999],[47.01211919900004,-20.40081577],[47.006791092000185,-20.409617784999966],[47.015461418000086,-20.41514574799993],[46.97649424500008,-20.418956677999972],[46.96526208300014,-20.45931220899996],[46.97966842800008,-20.475548863999848],[46.97767673600015,-20.48633437899997],[47.01144490500019,-20.47969968000001],[47.02478724400004,-20.506799717999968],[47.07571334000016,-20.51679538099995],[47.07221720100017,-20.52713378999988],[47.085337410000136,-20.545709382999917],[47.09112384600019,-20.57400796599984],[47.106227986999954,-20.561543050999944],[47.128257962000134,-20.563625167999817],[47.129529207000246,-20.59119793299982],[47.11557466700009,-20.608276033999857],[47.14241999899991,-20.635130002999915],[47.14226992900012,-20.66303289699988],[47.13170334400007,-20.672896613999853],[47.14771617800017,-20.67719847899997],[47.14353215,-20.69883811999989],[47.15846099200013,-20.714308598999878],[47.150853434000055,-20.739288928999883],[47.12999775999998,-20.747818878999908],[47.12740919300012,-20.759694051999872],[47.116718327,-20.757111917999907],[47.10690622000004,-20.770245266999893],[47.11147041300012,-20.80845461499996],[47.133999549000066,-20.807857528999932],[47.16904690600012,-20.834536678],[47.180516021000244,-20.832091673000036],[47.186313408,-20.816079072999855],[47.233435727000085,-20.821831194999902],[47.24486625000003,-20.796529903999897],[47.272487105999915,-20.79083517099997],[47.309973619000175,-20.83161980899996],[47.313149008000096,-20.843165382999928],[47.29401886900007,-20.85336746799993],[47.29913837900017,-20.879736276999893],[47.31003251800013,-20.89328814699985],[47.31073768700014,-20.92405660599985],[47.32447902300004,-20.93351632199989],[47.33184570300011,-20.954424427999925],[47.348729419000165,-20.96587849599996],[47.38560415100011,-20.95607712499998],[47.38686617600018,-20.943069391999927],[47.40456118500009,-20.949757694999903],[47.46293034300021,-20.948863919999837],[47.46660454700009,-20.889515248999885],[47.44019378100012,-20.84806112000001],[47.46068756799997,-20.818327071999875],[47.49119776200001,-20.796290701999908],[47.4902785280002,-20.765921064999873],[47.51728,-20.75802000199991],[47.517000211999914,-20.73419530699988],[47.54494257800013,-20.746131996999964],[47.63266332400019,-20.736913751999907],[47.644786000000124,-20.750866968999958],[47.63591810100007,-20.706017816999918],[47.64396685300011,-20.699053123999818],[47.665438694000045,-20.703892898999868],[47.661378193000075,-20.684199477],[47.669897330000026,-20.672003073999917],[47.653,-20.658850001999895],[47.66133752100012,-20.650303485999927],[47.67596664800021,-20.657627947999856],[47.67612280500009,-20.639772957999924],[47.639848326000106,-20.62104216900002],[47.623017436,-20.643830929999865],[47.636263670000176,-20.662868599999854],[47.625835058000064,-20.67696923999995],[47.616275193000035,-20.667399529999955],[47.611034172000075,-20.63201016299996],[47.61105178300022,-20.61472239999989],[47.626171904000046,-20.606906313999957],[47.62768128200008,-20.582203771999843],[47.65400831000005,-20.55723054599997],[47.650398912000185,-20.54751302399984],[47.65784216200018,-20.53364760099987],[47.64522865100025,-20.518189951999886],[47.659788457,-20.482839150999894],[47.64599392100013,-20.478372960999934],[47.65004321500015,-20.453818781999928],[47.639368476000016,-20.459840590999818],[47.61435694500011,-20.456213413],[47.597963791000154,-20.43627683799997],[47.58945025700007,-20.430405842999846],[47.58154087300005,-20.43761708400001],[47.57142790700016,-20.43456649199993],[47.547210682999946,-20.409470523999858],[47.544960058000186,-20.441881552999973],[47.55923157100017,-20.447010708999983],[47.561029673000064,-20.457626767999955],[47.53673129700013,-20.485152829999834],[47.54769262700006,-20.506312776999835],[47.54177277300016,-20.520020483],[47.49329369900016,-20.50504571099998],[47.47075967899997,-20.54086981499995],[47.40897999899994,-20.51287000299999],[47.396542073000035,-20.523028208999904],[47.37439521300013,-20.52155889999983],[47.36226326000002,-20.512843283],[47.35423,-20.489680001999943],[47.318609073,-20.494480808],[47.31156612100011,-20.46887290499984],[47.2946019260001,-20.470127057999946],[47.286469935000014,-20.453527249999865],[47.267521957999975,-20.45681624999986],[47.238847263000025,-20.408953794000013],[47.2294028030002,-20.409771964999948],[47.23710650900006,-20.36431012299994],[47.233460994000154,-20.330662105999977],[47.21923451400005,-20.30605954399988],[47.221704687000056,-20.269970340999976],[47.209945178000055,-20.260414592999894],[47.19380981900025,-20.269623373999877],[47.18901479500016,-20.2162754229999],[47.17632630100013,-20.198034763999942],[47.175208483000176,-20.16184477799999],[47.11391529100007,-20.1661321979999],[47.098167911000075,-20.157698008999887],[47.08132914000015,-20.159532711999816],[47.070251727000084,-20.169898231999923],[47.05507936300006,-20.16279256099989],[47.050222553000026,-20.177983567999945],[47.02908530100012,-20.195699676999936],[47.013233050999986,-20.195638298999825],[47.00592773600016,-20.18449971699988],[46.99830060700015,-20.224304717]]]}},{"type":"Feature","properties":{"shapeName":"Fandriana","shapeISO":"","shapeID":"10022922B23434626058692","shapeGroup":"MDG","shapeType":"ADM2"},"geometry":{"type":"Polygon","coordinates":[[[47.46061086700013,-20.045396805],[47.45717760000019,-20.079891097999905],[47.442041462000134,-20.084626964999984],[47.42160292800014,-20.068502219999857],[47.38799449600009,-20.065127041999915],[47.35872753400025,-20.043643578999877],[47.337734293000096,-20.053428373999907],[47.30930215000012,-20.0526392889999],[47.29586447000008,-20.062689855999963],[47.28111666600023,-20.060750002999953],[47.27128299100025,-20.073646956],[47.25049031900005,-20.06545181299998],[47.23575890299992,-20.0800682549999],[47.22327567900021,-20.0709844939999],[47.19189999900016,-20.090450002999944],[47.17658333300005,-20.113716669999917],[47.186902575000204,-20.15786233],[47.18607057300011,-20.163638167999864],[47.17573627200005,-20.162313102999917],[47.17541757800018,-20.19581351300002],[47.18987383299998,-20.219043463999867],[47.19449494100007,-20.271007375999886],[47.197770386000116,-20.27576733199993],[47.20564209300011,-20.26124119299982],[47.22034309100019,-20.265209594999988],[47.220095024000216,-20.30937567899997],[47.23277390900006,-20.328513158999897],[47.23667522300008,-20.363908203],[47.2286779210001,-20.408903490999933],[47.24017082400019,-20.411436805999926],[47.26877178800021,-20.458563715999958],[47.286246353000195,-20.45348661099996],[47.293754415000194,-20.469812457999865],[47.30958794399993,-20.468032755999957],[47.31933340400019,-20.494388356999877],[47.35918590400013,-20.492896022999957],[47.370034158000124,-20.519952370999874],[47.39275152000005,-20.523500007999928],[47.40529839500016,-20.515187895999816],[47.45428233100017,-20.52861954599996],[47.46815342100018,-20.54045623099995],[47.500761232000116,-20.501709770999923],[47.53699781500012,-20.518602610000016],[47.54551015800001,-20.515973560999896],[47.54770369000016,-20.505853092],[47.534981751000146,-20.48958562599995],[47.56154054500007,-20.456740929000034],[47.546172147,-20.43911665799982],[47.54854045900004,-20.408241832999977],[47.57280683500022,-20.43501429199995],[47.592147126000214,-20.43171543399984],[47.612992523,-20.46038452599987],[47.63975796200009,-20.459003386],[47.658320483999944,-20.432933707999837],[47.65686862400008,-20.39449337399992],[47.673121816,-20.37243205799996],[47.672629277,-20.356699852999895],[47.68795868400014,-20.327723716000037],[47.66933962200005,-20.294194017999814],[47.67847771700002,-20.269468965999977],[47.66604967300009,-20.244148789],[47.68844958800008,-20.21357579999983],[47.68341676300014,-20.172637352999914],[47.70923194000011,-20.142012449999868],[47.71398436500016,-20.125014958999827],[47.70849785100023,-20.11433828799983],[47.71576929600013,-20.102567669],[47.706700394999984,-20.059353684999905],[47.69975905000007,-20.067815956],[47.67527444000012,-20.067958701],[47.66274122400017,-20.080747991999942],[47.62262613300004,-20.09752486299982],[47.60343570200001,-20.075842434000037],[47.586267046000046,-20.07418605600003],[47.54825972300006,-20.05221933499996],[47.51520151900007,-20.062109437],[47.51597030700009,-20.073020490999966],[47.5065701420001,-20.078106704999982],[47.508395645000235,-20.062940690999937],[47.498424176000015,-20.044931644999963],[47.468013748999965,-20.03846136300001],[47.46061086700013,-20.045396805]]]}},{"type":"Feature","properties":{"shapeName":"Manandriana","shapeISO":"","shapeID":"10022922B47245353926014","shapeGroup":"MDG","shapeType":"ADM2"},"geometry":{"type":"Polygon","coordinates":[[[47.16904690600012,-20.834536678],[47.13987136700007,-20.810527708999984],[47.11343083200006,-20.808301283],[47.10424134100009,-20.778480937999916],[47.11564612900014,-20.758033867],[47.125174028,-20.760199019999902],[47.130021732000216,-20.747874683999896],[47.151053015000116,-20.74108459499996],[47.15846099200013,-20.714308598999878],[47.14372,-20.69987000200001],[47.14569071500017,-20.672999488999835],[47.13268927200011,-20.674339296000028],[47.144228850000104,-20.65302175499994],[47.14041820500023,-20.63202615399996],[47.11576737500019,-20.612567560999935],[47.1306719920002,-20.589735872],[47.12891869300017,-20.567742573999965],[47.10337407700007,-20.56272772299991],[47.094082910000054,-20.575965120999967],[47.072377312000185,-20.52664809899983],[47.07583346200016,-20.51571631599984],[47.02144174300008,-20.505332227999986],[47.00727266200005,-20.479549933999976],[46.983532975,-20.48794181399984],[46.9858299990002,-20.544750001999944],[46.95536234700012,-20.603667697999867],[46.994261704000166,-20.638619690999974],[46.99121795200023,-20.64928710399994],[46.97659932700009,-20.65505820999988],[46.97997323200008,-20.67381169399988],[46.96995028100008,-20.680024197000023],[46.95451720400007,-20.675085165999917],[46.919140524000056,-20.707607461],[46.90282956400017,-20.702772661999916],[46.87852924700013,-20.727351765000037],[46.856792536000114,-20.72948685800003],[46.861595602000136,-20.751860172999898],[46.88280181900018,-20.781975161999924],[46.92545760900009,-20.813092512000026],[46.928148473000135,-20.82355130199994],[46.90228174199996,-20.877854172999946],[46.92492756700011,-20.919874794999885],[46.91955145800017,-20.941210214000023],[46.92498808699992,-20.949078735999933],[46.904099406000114,-20.967040392],[46.91896223700019,-20.983615542],[46.91553777099995,-20.999286691999885],[46.88394739900008,-20.992517037999846],[46.87166824200011,-20.97931151599994],[46.86642035900013,-20.988069199999984],[46.89365996000015,-21.012703873999897],[46.92272258300005,-21.01697310899982],[46.940023865,-20.99870597099988],[46.949297854000065,-20.96875542799995],[46.98025735000016,-20.979732462999948],[47.020141504000094,-20.964816401999826],[47.027811104000136,-20.940614771999947],[47.03861513000004,-20.936709283999846],[47.02219518000015,-20.923083621999922],[47.04462110100019,-20.896589164999853],[47.063853182000116,-20.88484215099993],[47.10424402600023,-20.884695846],[47.118538014000194,-20.86494451399983],[47.13110719700023,-20.87457774400002],[47.14761345300013,-20.871905622999975],[47.16476834600013,-20.855017206000014],[47.16904690600012,-20.834536678]]]}},{"type":"Feature","properties":{"shapeName":"Ifanadiana","shapeISO":"","shapeID":"10022922B31790128040616","shapeGroup":"MDG","shapeType":"ADM2"},"geometry":{"type":"Polygon","coordinates":[[[47.398772011000176,-21.234945565000032],[47.39978315600007,-21.24682304499993],[47.38924669700003,-21.25080521899997],[47.390553925,-21.261544005999895],[47.37778310099992,-21.273402794999924],[47.39590593200012,-21.278996568000025],[47.40276404700006,-21.289875929],[47.38213090200003,-21.32170529499996],[47.40401089300002,-21.33295420999997],[47.41811539700018,-21.38929695999991],[47.44530824000009,-21.385349832999907],[47.47446320600011,-21.414263304999906],[47.541914093000116,-21.440408502999844],[47.55331801400018,-21.458072476999973],[47.58075055400013,-21.470197272999883],[47.58382606300012,-21.48171785599982],[47.60683567700005,-21.49840237799998],[47.606262243999936,-21.5316514189999],[47.617877527000076,-21.551046321999877],[47.60063000000025,-21.57613000099991],[47.60913263800012,-21.589734253000017],[47.59955509999992,-21.592953013999875],[47.597398690000034,-21.60986080699996],[47.60620151000006,-21.6226511939999],[47.60522916800011,-21.645426211999848],[47.635250000000156,-21.626550001999988],[47.67290776200025,-21.626574932999915],[47.68629308400017,-21.619136975],[47.720074872000225,-21.623077422999984],[47.73539450900006,-21.643757633],[47.76782521700022,-21.621514099999956],[47.78361608700004,-21.64740321300002],[47.800856251000084,-21.644147295999915],[47.77095071100018,-21.598259695000024],[47.78152328599998,-21.599319357999946],[47.78163458000017,-21.578864146],[47.79699620600019,-21.561911589000033],[47.79591526600012,-21.539247976999945],[47.80447561000017,-21.535129803000018],[47.79978888700009,-21.512071667999976],[47.81940208300017,-21.49262691499996],[47.814042882000024,-21.46705388699985],[47.82173846100005,-21.45608607999992],[47.79508932799996,-21.34309276699986],[47.77649850500018,-21.31285334599994],[47.77557374500003,-21.269263762000037],[47.78248607900019,-21.24949058399983],[47.80219986599997,-21.27047990499983],[47.809814066000115,-21.269204403999822],[47.80767440800014,-21.254376855999908],[47.82407464900007,-21.24668343799982],[47.81397608000003,-21.20042432699995],[47.81960280100009,-21.115012835999835],[47.7969882380001,-21.073666774999936],[47.79850893200012,-21.044201069],[47.78300733200024,-21.00852582499988],[47.7968404340001,-20.99297276899989],[47.812477969000156,-20.99446103699995],[47.81279414400012,-20.971586070999876],[47.80292786900009,-20.92356939799987],[47.79023901400012,-20.909708454999816],[47.76767,-20.913650002999987],[47.74243,-20.90135000199996],[47.73453,-20.870370001999845],[47.74331216800016,-20.857080146999976],[47.77066781400015,-20.847808853999823],[47.80825940500017,-20.856316807999974],[47.83351997500017,-20.842657541999927],[47.85869298199992,-20.846825999000032],[47.85865740700012,-20.83225175999985],[47.880960679000225,-20.814843110999902],[47.890928043000144,-20.77219136799988],[47.880432721000034,-20.70865247499995],[47.863586129000055,-20.689410632000033],[47.85758702300018,-20.69754202599995],[47.823431184000015,-20.689281922999953],[47.800213957000096,-20.668911734999824],[47.80418147400019,-20.65825713099997],[47.793770531,-20.654739647999975],[47.782672948000084,-20.63270018199995],[47.78934951300016,-20.615632113999936],[47.78750745500014,-20.566064873999892],[47.76109095400017,-20.556752577999873],[47.76326650800024,-20.541676864999943],[47.74130891500005,-20.521219911999935],[47.73201957400016,-20.52256199999988],[47.72846937300011,-20.51155681399996],[47.70368158100018,-20.52904879999994],[47.68702384700015,-20.495704330999956],[47.67272712900012,-20.502749025999947],[47.65602544800015,-20.492449930999896],[47.644289394000054,-20.508770819],[47.64733039300023,-20.523213337999948],[47.656919182000195,-20.528892186999883],[47.65013757100013,-20.54857688199985],[47.65476386000023,-20.55801511599998],[47.62901536600015,-20.580116216999954],[47.62899765800012,-20.60482128399991],[47.61105178300022,-20.61472239999989],[47.616275193000035,-20.667399529999955],[47.63617893300017,-20.671229426999844],[47.623017436,-20.643830929999865],[47.639848326000106,-20.62104216900002],[47.673543332000065,-20.63724091899985],[47.68027678900023,-20.650795434999964],[47.665287669000065,-20.658838033999984],[47.65926682100019,-20.64886380899992],[47.653,-20.658850001999895],[47.67095634500015,-20.668191144],[47.660796604999916,-20.689982966999878],[47.665438694000045,-20.703892898999868],[47.644507062000116,-20.699154338999847],[47.63591810100007,-20.706017816999918],[47.644786000000124,-20.750866968999958],[47.63664994800018,-20.737040006999962],[47.54218378000013,-20.743720951999933],[47.53099334400008,-20.732907408999893],[47.51607170800003,-20.731516259999978],[47.51814126800019,-20.754893398000036],[47.49370323500011,-20.762452911999958],[47.48883189400004,-20.79939092599983],[47.457632051000246,-20.820690869999964],[47.44186386800021,-20.846502488999818],[47.467459842000096,-20.89348366299987],[47.46484251800024,-20.944918198999858],[47.43631924200008,-20.95165210499988],[47.38920600400013,-20.942569445999936],[47.38884405900012,-20.955871883999976],[47.34985390500009,-20.963952126999914],[47.35301999500007,-20.984400183],[47.34193464699996,-20.989757732999976],[47.33172452900004,-21.00975247899987],[47.34611386400019,-21.0242950679999],[47.33821009400009,-21.054483778999895],[47.38250346800015,-21.07630556299995],[47.38935603300001,-21.066516643999933],[47.40515443600009,-21.067276397999933],[47.41987923500011,-21.08452848799999],[47.44328045900011,-21.09084031899988],[47.43762610700014,-21.11798090199983],[47.4474318020001,-21.14138549599994],[47.44636734600016,-21.162518421000016],[47.430420690000176,-21.16260117500002],[47.402609020000114,-21.205480707999982],[47.39278495100007,-21.207634122999877],[47.398772011000176,-21.234945565000032]]]}},{"type":"Feature","properties":{"shapeName":"Nosy-Varika","shapeISO":"","shapeID":"10022922B12403701465046","shapeGroup":"MDG","shapeType":"ADM2"},"geometry":{"type":"Polygon","coordinates":[[[47.66383283200008,-20.491649125999913],[47.67048658700003,-20.501632343999916],[47.69155127000005,-20.498397066999928],[47.70267586600016,-20.528390473999934],[47.72846937300011,-20.51155681399996],[47.73365336100005,-20.525490775999913],[47.74223462400016,-20.52098204299989],[47.76638528500007,-20.543994899999973],[47.76244347700009,-20.558028363],[47.787688991000095,-20.567350687999863],[47.79086190000015,-20.61244686499998],[47.783046828000124,-20.63361638099991],[47.80219338800015,-20.657079391999957],[47.80251341600018,-20.672293856999886],[47.82930658500004,-20.69043931799996],[47.854973914000084,-20.69576096799983],[47.86533878500012,-20.68989292299989],[47.88042575300017,-20.70910307899993],[47.89049225699995,-20.775390204999894],[47.88015766400014,-20.815947280999865],[47.856358043000114,-20.83043955699992],[47.85765779400009,-20.844734645999836],[47.86812271599996,-20.847062961999825],[47.89657822200019,-20.82758440799995],[47.90765675000006,-20.82916658399995],[47.921532528000114,-20.85150734899986],[47.944343651,-20.83399749599988],[47.95944656100016,-20.839549574999978],[47.96984676100021,-20.831623535999938],[47.957383912000125,-20.794196829999862],[47.97409358600015,-20.74615399599992],[47.99920929100017,-20.75300287099992],[48.010045384000136,-20.76884610299993],[48.03687184200021,-20.75704460199995],[48.09557272100011,-20.75202501900003],[48.103210162000096,-20.779032477999976],[48.13034243200008,-20.771219843999972],[48.20554386700013,-20.816471549999903],[48.23681413100019,-20.828134288999877],[48.25350885400013,-20.82637826299998],[48.26330440900017,-20.85907018299997],[48.272027039000136,-20.83267802799986],[48.29430978100015,-20.808246378999968],[48.30663363100018,-20.805267145999835],[48.33285015900009,-20.80898932599996],[48.33509703400006,-20.830486107999945],[48.389894680000054,-20.80444307599987],[48.40969800100021,-20.81556302199988],[48.40761863000017,-20.826112532000025],[48.42337806000012,-20.832157982000012],[48.42473910000007,-20.843558496999947],[48.46320802300005,-20.851225933999842],[48.47749430500011,-20.840958025999896],[48.51095669200009,-20.679129411999952],[48.597865742000124,-20.41924512399993],[48.55875220600018,-20.429389013999923],[48.52884532100006,-20.392331968999883],[48.51708214100023,-20.395249382999964],[48.50826215400008,-20.413156486999924],[48.445374793000155,-20.40639597699993],[48.44556944700008,-20.387977235999813],[48.42295515500018,-20.381523652999817],[48.418760801000076,-20.357789422999986],[48.40150460100011,-20.363818654999932],[48.38682623700015,-20.382035686999814],[48.36996086900018,-20.356451368999842],[48.38678099100014,-20.336960466999926],[48.39042727500021,-20.303534841999976],[48.35983020400016,-20.310956913999973],[48.35878682400016,-20.298665223999933],[48.34438612700012,-20.283863022],[48.299969538000084,-20.31404327199982],[48.282996737000246,-20.304846162999922],[48.26962555800014,-20.314800758999866],[48.24884637800017,-20.303969403999872],[48.2486692920001,-20.293254795],[48.213396725999985,-20.27636093399991],[48.19436207399997,-20.24764016099988],[48.20320249300022,-20.21876116599998],[48.18978012300005,-20.211868626999888],[48.15609213100015,-20.216722738999977],[48.13266579800012,-20.24147065399984],[48.13049495000007,-20.252804761],[48.14478604100009,-20.274177367999982],[48.11637910400009,-20.311027730999967],[48.11648152900011,-20.323016260999907],[48.07710831500003,-20.39158804399989],[48.07713662000015,-20.43075625299997],[48.064067356000066,-20.454033581000033],[48.04825377800012,-20.45042167299988],[48.034995484000206,-20.42218833200002],[48.01149702000015,-20.41952506199982],[48.00715012500012,-20.40999177299983],[47.96915151200017,-20.406014420999895],[47.93165923000009,-20.43840108199987],[47.91214272700006,-20.440242292999983],[47.88877697200007,-20.42749555699993],[47.87073610800002,-20.42739079499995],[47.85379174600013,-20.435169272999985],[47.843337518000055,-20.451951105000035],[47.81318541100006,-20.449537756999916],[47.81069144499992,-20.46079998399989],[47.7685100600001,-20.461686550999957],[47.7572108280001,-20.438185796999903],[47.73578227000007,-20.42991756899994],[47.74160596900009,-20.411461758999963],[47.71773844100005,-20.402029723999988],[47.70227961700016,-20.40594446399996],[47.69248217100005,-20.395596770999816],[47.69612540800017,-20.378430334999848],[47.67123625700003,-20.375214877999895],[47.655522553000196,-20.397104581999884],[47.660848642000076,-20.42403953299987],[47.64701602699995,-20.447835081],[47.64661100300003,-20.479436363],[47.66383283200008,-20.491649125999913]]]}},{"type":"Feature","properties":{"shapeName":"Mananjary","shapeISO":"","shapeID":"10022922B52512193010711","shapeGroup":"MDG","shapeType":"ADM2"},"geometry":{"type":"Polygon","coordinates":[[[47.78511692500007,-21.59417363199998],[47.811691443000086,-21.591345080999986],[47.85165450200003,-21.607712514999946],[47.850054311000065,-21.623701390999827],[47.916954248000195,-21.6445475459999],[47.92907852099995,-21.667808352],[47.95272243800025,-21.67108710999986],[47.966228059000116,-21.668288283999914],[47.96823770200001,-21.651357119999943],[47.98300892300017,-21.6318411769999],[48.044589461000044,-21.608368386999928],[48.05203263600015,-21.632623585999966],[48.071998110000095,-21.65196582999988],[48.07281731900008,-21.72195778799994],[48.08643292000016,-21.703767039000013],[48.12631346599994,-21.707212928999922],[48.162425015999986,-21.725690250999946],[48.17630730600024,-21.69905138699994],[48.19453807200017,-21.692900910999867],[48.20588752200007,-21.700911896999855],[48.30818379800013,-21.418183178999982],[48.35358112500012,-21.225443281999844],[48.44474292500007,-20.99150020000002],[48.45650531900003,-20.905928703999905],[48.47718492500013,-20.843412558999944],[48.46677359600011,-20.85130372899988],[48.42661748500018,-20.84511985],[48.42023156000016,-20.82963254999987],[48.40761863000017,-20.826112532000025],[48.40969800100021,-20.81556302199988],[48.389894680000054,-20.80444307599987],[48.337390373,-20.83078707699991],[48.33285015900009,-20.80898932599996],[48.30663363100018,-20.805267145999835],[48.27401547000005,-20.828790827000034],[48.26573270100016,-20.856480928999872],[48.25674407500003,-20.825982928999963],[48.20722487900014,-20.815866169999822],[48.125442423000095,-20.76955813799998],[48.105904414000065,-20.779855925],[48.09145618500003,-20.748928356999954],[48.08398694200014,-20.756878578999874],[48.052724350000176,-20.754031445999942],[48.010045384000136,-20.76884610299993],[47.99920929100017,-20.75300287099992],[47.97409358600015,-20.74615399599992],[47.957383912000125,-20.794196829999862],[47.972163583000054,-20.82634703699989],[47.961028534000036,-20.83827107499991],[47.94558712500003,-20.83332892899989],[47.925516438000216,-20.85285633299992],[47.91022380300012,-20.831611085999953],[47.898260451000226,-20.827938127999914],[47.86812271599996,-20.847062961999825],[47.83815,-20.841470002999813],[47.8127800000002,-20.85692000299997],[47.77333201199991,-20.846439057999817],[47.74331216800016,-20.857080146999976],[47.73392273800005,-20.88012713899991],[47.73715409699997,-20.894573044000026],[47.75363,-20.90937000199989],[47.78536946800011,-20.90898551399988],[47.80292786900009,-20.92356939799987],[47.8148732410001,-20.991968519999944],[47.79588798500009,-20.99419578499993],[47.78268171900021,-21.005416870999966],[47.79850893200012,-21.044201069],[47.79377833000024,-21.06699822899992],[47.81960280100009,-21.115012835999835],[47.81426444699997,-21.126599568000017],[47.82069063900019,-21.178899092999814],[47.81391159200018,-21.198998459999814],[47.82407464900007,-21.24668343799982],[47.817690748000075,-21.256167190999975],[47.80605754200013,-21.256167028999982],[47.806139611000106,-21.271275663999972],[47.78650591100006,-21.2518884779999],[47.77554474600004,-21.26609103899989],[47.77649850500018,-21.31285334599994],[47.79508932799996,-21.34309276699986],[47.82175437,-21.45364574499996],[47.81436694100012,-21.462525967999852],[47.81650524700012,-21.496065328999975],[47.80048789100016,-21.50958217399989],[47.805184259999976,-21.53200667699997],[47.795514899000125,-21.544053],[47.79679049900017,-21.560419970999988],[47.782133194999915,-21.57785596799988],[47.78511692500007,-21.59417363199998]]]}},{"type":"Feature","properties":{"shapeName":"Manakara Atsimo","shapeISO":"","shapeID":"10022922B29911348985828","shapeGroup":"MDG","shapeType":"ADM2"},"geometry":{"type":"Polygon","coordinates":[[[47.60332638900013,-21.64322167199998],[47.59139595600004,-21.65846314700002],[47.60410667600013,-21.675590303999854],[47.59541480899992,-21.701878657],[47.62579315500011,-21.71348387799992],[47.6158410860001,-21.725057639],[47.63599898900003,-21.743619599999988],[47.64095208500004,-21.761821637999844],[47.65010892000015,-21.76007601399982],[47.65811009700025,-21.771150241999976],[47.681536794000124,-21.761846978],[47.68857519500011,-21.769734153999934],[47.679084725000166,-21.858518373000038],[47.651766768000186,-21.8558211269999],[47.645935849000125,-21.885879986999896],[47.635907081000084,-21.890037598],[47.650123509000025,-21.93826937799986],[47.62944719000018,-21.96828525099994],[47.639314726,-21.984740531999876],[47.62870999600011,-21.995635754000034],[47.64039355400013,-22.02403597700004],[47.64013551300019,-22.073314123999864],[47.66106006700005,-22.156295939000017],[47.65453017899995,-22.1645889159999],[47.66357235300012,-22.199247678],[47.680202481000094,-22.2130330359999],[47.69961274800022,-22.25796710399993],[47.82317000000012,-22.24953000199997],[47.846090912000136,-22.228534369999977],[47.874925639000026,-22.228475873999912],[47.89097910200019,-22.217708737999885],[47.90349187800007,-22.22744384299989],[47.93090073100012,-22.22878987499996],[47.93309929100013,-22.251484697999956],[47.948533545000146,-22.268151465999892],[47.92887417000003,-22.290488286000027],[47.928464034,-22.31233976699997],[47.93618530500021,-22.33552324799996],[47.946234671000184,-22.335165664999863],[48.20588752400005,-21.705269006999856],[48.196686451000176,-21.693609783],[48.170655677999946,-21.700534176999952],[48.164816498000164,-21.724643487999913],[48.12631346599994,-21.707212928999922],[48.08643292000016,-21.703767039000013],[48.072039582000116,-21.721121939999875],[48.07727854300009,-21.692044808999924],[48.07167956300009,-21.65009334099983],[48.05225225300012,-21.63492637600001],[48.04337770300015,-21.6047439969999],[48.02200663399998,-21.621305951999886],[47.98095676899999,-21.633918067999957],[47.96979320000014,-21.646660830999963],[47.96803519900004,-21.665820978999875],[47.94962501900022,-21.670441102999973],[47.945384962000105,-21.664551549],[47.93250491200024,-21.669093114999896],[47.91403478,-21.64277305199988],[47.85369911600009,-21.625651839999932],[47.85178469000016,-21.609893849999935],[47.81241457500005,-21.590923611999926],[47.77092276100018,-21.599467750999963],[47.79931304400003,-21.640716284999883],[47.786005349999925,-21.649485817000027],[47.769097760999955,-21.621982045999857],[47.732944112999974,-21.643165911999972],[47.720074872000225,-21.623077422999984],[47.68690942400019,-21.619210695999982],[47.67376858400024,-21.626851376999866],[47.635250000000156,-21.626550001999988],[47.61830420700005,-21.641227865999838],[47.60332638900013,-21.64322167199998]]]}},{"type":"Feature","properties":{"shapeName":"Ikongo","shapeISO":"","shapeID":"10022922B6018255004858","shapeGroup":"MDG","shapeType":"ADM2"},"geometry":{"type":"Polygon","coordinates":[[[47.094863182000154,-22.136212038999872],[47.09944088100008,-22.150214768000012],[47.12071354800008,-22.161353500999894],[47.12045007400013,-22.18309722399988],[47.134299569000234,-22.17897946399995],[47.13737671000018,-22.18949840199997],[47.18974954600009,-22.196615823999934],[47.188161283000056,-22.21000023199997],[47.243556629000125,-22.22660703999992],[47.24461605800013,-22.2387988669999],[47.28396164100013,-22.256014015],[47.27289768800017,-22.268212106999954],[47.29885170500006,-22.321458876999884],[47.34508733000018,-22.3234953569999],[47.363241409999944,-22.31605106699999],[47.37273112399998,-22.32777823699996],[47.39301535200019,-22.282869718999905],[47.39072150800013,-22.256994142999815],[47.40480000000025,-22.262000002000036],[47.40957533800008,-22.241969287999837],[47.4594,-22.248830002999966],[47.465874725000106,-22.240018665999912],[47.484540954000124,-22.25700247499998],[47.52009581200008,-22.24547819499992],[47.55371791400006,-22.24912223299998],[47.569420920000084,-22.260931685999935],[47.5936843130001,-22.252778297999953],[47.60484198200004,-22.26622365899982],[47.61930294100006,-22.268228278000038],[47.62158660200009,-22.232249939999917],[47.63164672800008,-22.212955920000013],[47.619216048000055,-22.192073069999935],[47.626485487000195,-22.18639518099991],[47.64782312900013,-22.193800318999934],[47.66132000100009,-22.158230001999982],[47.64076716100004,-22.077131894999923],[47.64575167100014,-22.04846773699984],[47.62870999600011,-21.995635754000034],[47.639314726,-21.984740531999876],[47.63018988300007,-21.96383686399986],[47.650984756000184,-21.933623607999948],[47.63655486500022,-21.89204676099996],[47.64543344400022,-21.886728117999894],[47.651114730000074,-21.856760146999875],[47.67950379799993,-21.85447996399995],[47.68857519500011,-21.769734153999934],[47.681536794000124,-21.761846978],[47.653983253000206,-21.772290304999956],[47.65080214300025,-21.762477151999917],[47.63220676800006,-21.754160921999983],[47.63374154200005,-21.740377130000013],[47.61585128500013,-21.725623867999957],[47.62625678600017,-21.714022024999963],[47.60565743400019,-21.709262912999918],[47.59552858600023,-21.697967700999868],[47.603597600000114,-21.6777892959999],[47.59234496400023,-21.659807361999867],[47.60654785000014,-21.627422779999904],[47.59707118900019,-21.60808428199988],[47.60504590800019,-21.58922407199998],[47.60139999900008,-21.5728700009999],[47.61705358699993,-21.555961077],[47.60528708700019,-21.525949545],[47.60910000100017,-21.499800001999972],[47.58523918300017,-21.48431421299989],[47.57854663000023,-21.468164866999928],[47.55621181600014,-21.460500346999936],[47.54567961900011,-21.442933470999947],[47.47244484200007,-21.413511758999903],[47.44530824000009,-21.385349832999907],[47.43420042500003,-21.382585599999913],[47.41812999900014,-21.39402000199982],[47.42054090000022,-21.419683694999947],[47.43035471600007,-21.424192828999935],[47.42259730900008,-21.430897394999818],[47.42604097700007,-21.4659969839999],[47.41051530600009,-21.469681193999918],[47.40213013800013,-21.484089341999834],[47.4218994850001,-21.5174798729999],[47.40956558500011,-21.572100719999924],[47.40293333300025,-21.58225000199991],[47.374012013000026,-21.592339161999973],[47.3611872420002,-21.60957385300003],[47.3840968130001,-21.61973580199998],[47.39833739500011,-21.643162648999976],[47.38659961000013,-21.672793100999968],[47.39695831600011,-21.684996143999967],[47.38449839100008,-21.695507484999894],[47.38595944800011,-21.736378924999883],[47.36334576900015,-21.751402482999822],[47.36643909899993,-21.77358920199987],[47.3570384210002,-21.778495874999976],[47.328352461000065,-21.837961255999915],[47.30016052400009,-21.835176179999962],[47.26409621600004,-21.868447135999986],[47.25846078600006,-21.895638819999988],[47.244687061000036,-21.90262040799996],[47.29345632400015,-21.933641947999888],[47.32193767800021,-21.967223531999934],[47.32108901500004,-21.986753036999858],[47.308694012000046,-22.00238646600002],[47.28848809300001,-22.004255294000018],[47.287350448000154,-22.021468634999962],[47.25850911900005,-22.07458107399998],[47.19989935000024,-22.054543828999954],[47.18246215800002,-22.03237314799992],[47.15709777100005,-22.082217453999874],[47.13526121600012,-22.091955149],[47.106403447000105,-22.091579390999982],[47.10853490700009,-22.117128582999896],[47.094863182000154,-22.136212038999872]]]}},{"type":"Feature","properties":{"shapeName":"Vohipeno","shapeISO":"","shapeID":"10022922B81120329184352","shapeGroup":"MDG","shapeType":"ADM2"},"geometry":{"type":"Polygon","coordinates":[[[47.655353569000056,-22.179536661999975],[47.64782312900013,-22.193800318999934],[47.62727568200012,-22.186880144999975],[47.619216048000055,-22.192073069999935],[47.63179712300018,-22.21076853199986],[47.61447981800006,-22.270177695999962],[47.59984896100019,-22.26554724199991],[47.59647706900006,-22.25331278999988],[47.574166460000185,-22.261907973999882],[47.552955894000036,-22.258255919999954],[47.55111502400018,-22.248591860999966],[47.51573399100005,-22.245569295],[47.484540954000124,-22.25700247499998],[47.46738098200012,-22.240851785000018],[47.4594,-22.248830002999966],[47.43254199400019,-22.243753398000024],[47.41664202000021,-22.274628927999913],[47.423500540000134,-22.30027662499998],[47.44095993500008,-22.313260504999846],[47.4291799990001,-22.344470000999934],[47.433168975000115,-22.350265797999953],[47.45084533400012,-22.365872858999865],[47.46671140000012,-22.36284035899996],[47.49863295899996,-22.38184810199988],[47.51905869299998,-22.404541764999863],[47.54486876699997,-22.40509710299989],[47.558222576000105,-22.424457942],[47.54688809400017,-22.430111235999846],[47.54979220000013,-22.434421010999927],[47.57230817700014,-22.433161754000025],[47.576658052000084,-22.442997848999937],[47.613119352000126,-22.441617066],[47.623834293000186,-22.454761151999946],[47.65810716600009,-22.443892844],[47.691930001,-22.47620000099994],[47.68923000000018,-22.489130001999968],[47.70583070400005,-22.50288566699993],[47.74105460300012,-22.463258124999925],[47.75455685100019,-22.470641661999935],[47.78169224400011,-22.43933456799988],[47.80075096500008,-22.43824003499998],[47.815562207000085,-22.44475624599994],[47.823642767000024,-22.48375382699993],[47.83487,-22.486370001999944],[47.85687,-22.47432000099991],[47.88401916899994,-22.482150763999925],[47.89291812300013,-22.494322317999888],[47.946156736000034,-22.337271214999816],[47.935952250000184,-22.3340152909999],[47.92682000000025,-22.299920001999965],[47.94902000000013,-22.26598000199982],[47.934336260000066,-22.25580228399997],[47.93006389400006,-22.227353609999966],[47.90526396100006,-22.228292664999856],[47.887491335,-22.216146198999922],[47.883635446000085,-22.226999200999956],[47.842120293000164,-22.230172447999962],[47.83131314899998,-22.248618825],[47.70308221200003,-22.254719943999874],[47.655353569000056,-22.179536661999975]]]}},{"type":"Feature","properties":{"shapeName":"Ihosy","shapeISO":"","shapeID":"10022922B7074189327891","shapeGroup":"MDG","shapeType":"ADM2"},"geometry":{"type":"Polygon","coordinates":[[[46.15060244400007,-21.762611771999843],[46.11451010800022,-21.758137256999817],[46.091828299000156,-21.743292339],[46.087452456,-21.731606960000022],[46.072439517000134,-21.73651539699989],[46.056578184000045,-21.729608864999875],[46.026041354000085,-21.741324290999955],[46.0167987650002,-21.726717749999864],[45.96179672400024,-21.734623815999953],[45.96632346900003,-21.71903895899993],[45.95999601700021,-21.696370325999965],[45.94010573500009,-21.68916106499995],[45.93009605499998,-21.71514528299997],[45.90893061200018,-21.708148597],[45.894515586000125,-21.731615165999983],[45.86662075600009,-21.735358852999923],[45.856103233000226,-21.751330018999965],[45.83017785600015,-21.75668047],[45.81767300700017,-21.748891205999882],[45.78979170600013,-21.760408345999963],[45.783625800000095,-21.74511878100003],[45.75672817399999,-21.732955580999942],[45.74005185300018,-21.70291340299991],[45.72269146500014,-21.696844006],[45.71459508900011,-21.681316948999836],[45.704072279,-21.691826850999917],[45.68451446200015,-21.674955142999977],[45.65222375400003,-21.678617677999966],[45.609499645000085,-21.624136321000037],[45.583768114000065,-21.6323554089999],[45.57756360299999,-21.61858051199988],[45.551407781000194,-21.622177710999892],[45.53843440000014,-21.615249325000036],[45.51345079400011,-21.622599822999916],[45.50917833800008,-21.63142779799989],[45.539803407000136,-21.6803246959999],[45.49973913200017,-21.680431886999884],[45.48230519400005,-21.669974154999977],[45.45571749200002,-21.692898983999896],[45.42976624100015,-21.696917931999963],[45.416141802000084,-21.682896649999975],[45.40900815900022,-21.689064703999975],[45.40264342600017,-21.71864118999997],[45.346473779000064,-21.793169976999877],[45.35222802800001,-21.859886462999896],[45.328676423000104,-21.88165247199987],[45.33170429500018,-21.895443514999897],[45.293120196000075,-21.896579690999943],[45.27932807000025,-21.88813478000003],[45.24126595700017,-21.89901754999994],[45.225338448000116,-21.88410840399996],[45.204933533000144,-21.898002116999862],[45.20071745700017,-21.90802272299993],[45.213775937000094,-21.96618403299982],[45.243911555999944,-21.974235137999926],[45.26039218600005,-21.95110265199986],[45.269197926000174,-21.983649855999886],[45.283379793,-22.000839246999988],[45.28179999200012,-22.033014670999876],[45.265185965000114,-22.062649841999814],[45.27895993100009,-22.070850182000015],[45.279802388000235,-22.10819902199995],[45.28843295100012,-22.129899589999923],[45.30480965800007,-22.139289903999895],[45.30378094200023,-22.148948214999848],[45.27303959400024,-22.178343740999935],[45.28773922300013,-22.19698554299987],[45.27729976500018,-22.233056918999978],[45.253995576000136,-22.22865346699996],[45.24261002300017,-22.240539021999894],[45.246732509000026,-22.259566610999855],[45.23300864600009,-22.262095497999837],[45.22684465500015,-22.30484029799993],[45.23919262600015,-22.328160931000014],[45.23861457300018,-22.349849170000027],[45.21334783100019,-22.358078447999958],[45.19434798900005,-22.383748486],[45.19700791500003,-22.41660812999993],[45.17342533900012,-22.43709655699996],[45.15835511900002,-22.476664401999926],[45.11961447400017,-22.489602181999885],[45.110229233000155,-22.507335290999833],[45.099374627000145,-22.511664891999885],[45.0903201590001,-22.55026356000002],[45.078032793000034,-22.557183060999932],[45.071294503000104,-22.57310083799996],[45.069056563,-22.62860674999996],[45.02809527200009,-22.67969438799986],[45.04129640699995,-22.717254598999887],[45.03621768900001,-22.72742219299994],[45.045972438000035,-22.740710531999866],[45.01886717700012,-22.76630558499994],[45.030657162000125,-22.785673560999896],[45.030835382000134,-22.80272055299986],[45.06036448300006,-22.82512619],[45.07638819200008,-22.885150126999974],[45.06433617199997,-22.89795680399982],[44.98876456200014,-22.914462768999954],[44.979211130000124,-22.953218343999936],[45.00160873500016,-22.99038700999995],[45.03882330200008,-23.00891235899985],[45.077768769000215,-23.053455734999886],[45.106648710000115,-23.058523175999937],[45.127808744000106,-23.050341482999954],[45.15495673100003,-23.061387797],[45.19387690900015,-23.06470208399986],[45.224962369000195,-23.077868085999967],[45.2425292690001,-23.098547249999967],[45.26362139400004,-23.08988715299995],[45.26601253000018,-23.099754282999925],[45.28580356100019,-23.10845396699989],[45.305468009000094,-23.11347507200003],[45.32113396500006,-23.10811985299995],[45.34498384799997,-23.11854812899992],[45.33705310300007,-23.11172294],[45.352519039000015,-23.10902512399997],[45.356707634000145,-23.118734983000024],[45.367006524000146,-23.098801864999814],[45.35969434100008,-23.024745048999876],[45.372096050000096,-22.95370306599989],[45.369806179999955,-22.92601869399988],[45.378953340000066,-22.917962185999954],[45.394566330000146,-22.91953453099984],[45.38637250200003,-22.90406840599985],[45.397603801,-22.893057466999892],[45.39050942600022,-22.886381882000023],[45.40090642500007,-22.883654137999827],[45.402420098000164,-22.86243349799986],[45.41631871399994,-22.86973623399996],[45.432160080000074,-22.857426553999915],[45.43492484300015,-22.835962106999943],[45.46745142600014,-22.847148611999955],[45.477847886000234,-22.82426404199998],[45.49431361000012,-22.827307380999912],[45.50106222500011,-22.81837584999994],[45.51411093200022,-22.817838289999884],[45.52252385200012,-22.799620412999957],[45.53425126600001,-22.80267653199985],[45.55789717800019,-22.7917792799999],[45.561940907000235,-22.782438984999885],[45.57270881900013,-22.784499599999833],[45.57996229199995,-22.7643439549999],[45.61945246200014,-22.76098941299989],[45.63598287300016,-22.7484804369999],[45.64428679800005,-22.75490645299982],[45.64631919300007,-22.741880825999885],[45.65892836000023,-22.752598420999902],[45.66304343500008,-22.739308292000032],[45.68410368100018,-22.74687839399985],[45.68884769099992,-22.73870923599992],[45.6996279450002,-22.73881062299995],[45.70156320700005,-22.728216776999886],[45.717339326999934,-22.72962752799998],[45.722909118000075,-22.719946473999926],[45.73295109600019,-22.733285070000022],[45.750059782000164,-22.73203669399993],[45.758659539,-22.717388681999864],[45.799710552000136,-22.692078816999867],[45.81947085100023,-22.697035049999954],[45.819995790000235,-22.68805623799983],[45.852659008000046,-22.686476450999862],[45.873169713000095,-22.67480625999997],[45.90132318200011,-22.68989887399988],[45.923763601000076,-22.67477376399995],[45.94235130400017,-22.685226865999937],[45.94646609100016,-22.67456354899997],[45.953287415000034,-22.677223663999882],[45.95032797300013,-22.685802216999946],[45.962174728000036,-22.689387375000024],[45.98209960100013,-22.68242219299998],[45.98254499500018,-22.697179890999962],[46.00281709000018,-22.693868489999886],[46.03190178400024,-22.72307676799994],[46.05584316700009,-22.72807467999985],[46.06102173800019,-22.744557023999903],[46.078621838000174,-22.745152001],[46.08575464500012,-22.79230715899996],[46.1099014470002,-22.80455436999989],[46.12699304900019,-22.8275501],[46.1479222590001,-22.822009158000014],[46.19304791000019,-22.84568436099994],[46.21519508200015,-22.841905637999844],[46.23235341700007,-22.900090868999825],[46.266539478000084,-22.959188654],[46.26952653500024,-22.98670644099991],[46.282259422000095,-22.997195278999982],[46.30232656700019,-22.994090643999982],[46.31930064799997,-22.97235111599997],[46.33833302800019,-22.96299438099993],[46.36417767900008,-22.95863824399993],[46.35031581500016,-22.895616136999877],[46.330420066000045,-22.869053708999957],[46.35374992400017,-22.855343082999923],[46.3731407730001,-22.858022375999838],[46.40131099500013,-22.89066605900001],[46.42789668800009,-22.887695217999976],[46.44124500300006,-22.87110258599995],[46.441819738000106,-22.855057215999977],[46.466715456000145,-22.838637883999922],[46.46538015800013,-22.823386060999894],[46.49028744200007,-22.812461175999942],[46.473752164000075,-22.770943165999938],[46.45566862600003,-22.748208234999936],[46.463439294000125,-22.734656899000015],[46.47851709800017,-22.748927599999945],[46.48879384100019,-22.744167082999866],[46.479932705000124,-22.700537776999965],[46.54741056500018,-22.66023580199993],[46.56116235700006,-22.659057124999947],[46.576403766000226,-22.669528261999915],[46.60100213100003,-22.66648713799998],[46.60830375800015,-22.657283783999844],[46.61768892100014,-22.669269467],[46.63486944500005,-22.65832062599992],[46.60670822100019,-22.621111922999887],[46.60891320999991,-22.58876717999982],[46.621963958000094,-22.57893730799998],[46.66222334300005,-22.5765113569999],[46.693879025,-22.554541935999964],[46.71416058900019,-22.571300866],[46.709172307000074,-22.525748621999867],[46.72227351200007,-22.490557434999857],[46.71886698000014,-22.469964284999946],[46.71158785800003,-22.444036022999853],[46.67831836200014,-22.430064074999848],[46.6472063870001,-22.397222328999817],[46.61583559000019,-22.408001794999905],[46.61209940700002,-22.39199406399996],[46.59954272599998,-22.39553521899984],[46.5920804270001,-22.376539532999857],[46.56990148699998,-22.354865820999976],[46.574090544000114,-22.337631998999825],[46.55519875300013,-22.327593925999906],[46.56426507600003,-22.318105200999867],[46.5709998750001,-22.28676208999991],[46.55383994300013,-22.267575126],[46.555742017000114,-22.227441876],[46.53841972999993,-22.214874198999837],[46.52257729200011,-22.186993849999965],[46.52824279099997,-22.144748759999914],[46.51850441400006,-22.142898738999975],[46.534987504000185,-22.116341347999878],[46.51566574900011,-22.109925725999915],[46.51429114700005,-22.08371563699984],[46.50169869100017,-22.073020346999897],[46.47993364300004,-22.075770995000028],[46.46954567900008,-22.093963316999975],[46.456449786000235,-22.067821645999913],[46.437377527000194,-22.060708301000034],[46.427334805000044,-22.04257821399989],[46.428593205000084,-22.02032570199998],[46.445311170000195,-21.99727805799995],[46.43444909300018,-21.967038437999975],[46.44498109300014,-21.94046106799982],[46.436843942000166,-21.937153172999956],[46.42684733300024,-21.954700773999946],[46.4200626060001,-21.938963198999886],[46.391729461000125,-21.927931496999975],[46.39188026500017,-21.89278496199995],[46.371710453999924,-21.877745900000036],[46.378721742000096,-21.852322422999862],[46.36870944400016,-21.853161477999834],[46.36091155300005,-21.833372749999853],[46.34662080600003,-21.836347003999833],[46.35074672900009,-21.84562281199993],[46.324573847000124,-21.849182909999968],[46.31807926300007,-21.828840379999917],[46.32821620800013,-21.80350682400001],[46.31231638300005,-21.788674028999935],[46.28011492700023,-21.795601529999885],[46.26572800200006,-21.785437980999973],[46.25606107500005,-21.80263230199995],[46.24086983400014,-21.796523259999958],[46.23868522600003,-21.77961174400002],[46.218845023000085,-21.761288666999974],[46.15060244400007,-21.762611771999843]]]}},{"type":"Feature","properties":{"shapeName":"Ivohibe","shapeISO":"","shapeID":"10022922B57896428715958","shapeGroup":"MDG","shapeType":"ADM2"},"geometry":{"type":"Polygon","coordinates":[[[46.53575179600017,-22.12433643499986],[46.52004826299998,-22.144211381999867],[46.52896202500017,-22.171363713],[46.52121933100011,-22.185115923000012],[46.530237566000096,-22.190697215999876],[46.5364659600001,-22.212592832999917],[46.55487639400019,-22.226128840999877],[46.55619865000017,-22.266956332999882],[46.56958361300019,-22.277842288999977],[46.568457119000016,-22.306349425],[46.55712928000008,-22.330289065999978],[46.573171008999964,-22.335776937999924],[46.575389657000244,-22.363344139],[46.5969965820002,-22.393651752999972],[46.61092668200007,-22.38993220599997],[46.61736819199996,-22.40968589299996],[46.64288376500019,-22.395737696999902],[46.680738199000245,-22.432135836999862],[46.71158785800003,-22.444036022999853],[46.72227351200007,-22.490557434999857],[46.709172307000074,-22.525748621999867],[46.71725432200009,-22.571354489999976],[46.69615635000025,-22.55576118199997],[46.67844640500016,-22.560012812000025],[46.65867989900016,-22.577930672999912],[46.61400665800022,-22.5827180899999],[46.60475375000004,-22.612643351999964],[46.614256257000136,-22.638544379999928],[46.635613088000184,-22.657928631],[46.67630245500004,-22.65213914499998],[46.69846472800009,-22.695208262999984],[46.6891191360001,-22.701251038],[46.69795323800008,-22.720698839000022],[46.717858199000034,-22.738569859999927],[46.73745572100012,-22.740205458999924],[46.77162080800014,-22.76402879199992],[46.79374187400009,-22.737122171999886],[46.8147321940001,-22.76285777699985],[46.834510266000166,-22.752495950999958],[46.82539258300005,-22.770908794999855],[46.85288426699992,-22.77274652999995],[46.872223541000096,-22.79603513099994],[46.86171349000011,-22.818968079999934],[46.91396126400019,-22.850926494999896],[46.912739977000115,-22.866914577999978],[46.923848716000066,-22.879774597],[46.92052407800014,-22.908372364],[46.9104158560001,-22.913043509000033],[46.91544592700018,-22.922424873999887],[46.941073227000174,-22.931582998999943],[46.94827684800015,-22.91785469699994],[46.95926279800017,-22.920258441999977],[47.00282456200006,-22.97422603800004],[47.00814576300007,-22.99426328899989],[47.033614848000184,-22.985027611999897],[47.03378771600012,-22.964421563999906],[47.0547831450001,-22.964735733999873],[47.06989586900016,-22.954430906999903],[47.08071280200011,-22.95671119199983],[47.090898126000184,-22.975851497999884],[47.08026420300024,-22.98928499499982],[47.07923493800007,-23.006053841999858],[47.095534663000194,-23.001099482999905],[47.113285973000075,-23.0138270999999],[47.148310057,-23.004419660999815],[47.15356882900011,-22.947741148999967],[47.17547895600012,-22.938228487],[47.19370354499995,-22.94314216499987],[47.21103052300009,-22.924212772000033],[47.19729762099996,-22.88144740999985],[47.20329554600022,-22.855528349999986],[47.17707929600016,-22.827192999999852],[47.18381185600015,-22.818150445999947],[47.195950605000064,-22.821533942999963],[47.200348863000215,-22.8057267449999],[47.21689405899991,-22.801416800999903],[47.21673871000013,-22.78165441599998],[47.196179467000206,-22.774335259999873],[47.19840978100018,-22.72202402199997],[47.18382107899993,-22.718283975999952],[47.18587693800015,-22.695640258000026],[47.213636264000115,-22.671330387999888],[47.21349102,-22.65432069799982],[47.19644255500009,-22.640332839999928],[47.20389217500008,-22.61526165199996],[47.21939426700004,-22.61628706399989],[47.22324347600011,-22.602324219999957],[47.175834207000094,-22.593671887000028],[47.17212906500015,-22.58314356300002],[47.18504874700011,-22.56885882099982],[47.18147016500012,-22.55715687999998],[47.20214308200025,-22.538378913999964],[47.18722146800019,-22.537030553999955],[47.19491217600006,-22.50141776199996],[47.17126600699993,-22.483058239999934],[47.18538726000014,-22.472229707999986],[47.18272320000017,-22.451529247999986],[47.156789903000174,-22.42953931099987],[47.17573982300007,-22.420205863999968],[47.18442488000005,-22.370300203999818],[47.194136829000115,-22.35758714299999],[47.16318042600017,-22.353501717999904],[47.15989789700012,-22.325213083999813],[47.138071856000124,-22.307996834999983],[47.111881401,-22.30718863899989],[47.10719497500003,-22.297838604999868],[47.114515482000115,-22.26880232399992],[47.071778809000136,-22.222265477999883],[47.04495296700014,-22.20688979800002],[47.06147793800005,-22.178551106999862],[47.04089675400019,-22.165052766999906],[47.00623046200013,-22.16604522799986],[46.96893154700018,-22.15120247899995],[46.936923556000124,-22.177720735999912],[46.93157004300008,-22.19914600399983],[46.90961239500018,-22.206149254999843],[46.89619993000019,-22.19309579499992],[46.87899341000008,-22.19265042899991],[46.852044445000104,-22.177327125999852],[46.84240529800002,-22.164353847999962],[46.82637687100015,-22.162951835999877],[46.81534772900011,-22.16706971499997],[46.78780591100019,-22.220756390999895],[46.786021832000074,-22.186642855999878],[46.75276045900006,-22.172810950999917],[46.73039687500011,-22.183708390999982],[46.71513550000009,-22.173618056],[46.70462,-22.141220001999898],[46.5942926080001,-22.128192878999926],[46.580475374000116,-22.076034479999976],[46.54673634699998,-22.103499900999907],[46.53575179600017,-22.12433643499986]]]}},{"type":"Feature","properties":{"shapeName":"Iakora","shapeISO":"","shapeID":"10022922B30377745880071","shapeGroup":"MDG","shapeType":"ADM2"},"geometry":{"type":"Polygon","coordinates":[[[46.28328808200013,-22.998481514999924],[46.28115803600008,-23.010347062999983],[46.34272449100018,-23.088142134999885],[46.333611553000026,-23.100383801999897],[46.34781846900012,-23.10099999299996],[46.34574540099999,-23.135563781999963],[46.36647847100005,-23.138407577999885],[46.3675331770001,-23.14983843999994],[46.39578772200008,-23.168945374999907],[46.434770052000204,-23.164511132999905],[46.46419608200006,-23.186173583000027],[46.46393048500022,-23.197093394999968],[46.4731183130001,-23.202176046999966],[46.46471849300019,-23.221881516999986],[46.47349531600014,-23.235168515999874],[46.465788057000054,-23.258786041999826],[46.468782126000065,-23.282917561999852],[46.44835135300008,-23.288031011999976],[46.44503892299991,-23.303830423000022],[46.455477606000045,-23.30708030699998],[46.451272723000045,-23.322599501000013],[46.461323278000236,-23.332100198999967],[46.46050238700025,-23.347108126999956],[46.47674594000017,-23.36015619299991],[46.473004034000155,-23.36976978499996],[46.451160201000164,-23.37246308599987],[46.44716345000012,-23.401041204999842],[46.40294682900014,-23.433704079999927],[46.400585532000036,-23.4475535979999],[46.42124306899996,-23.478079589999936],[46.413637970000195,-23.49123471500002],[46.49271418799992,-23.50306627099991],[46.500133162000054,-23.616357566000033],[46.538535656000136,-23.590902045999883],[46.59260241000004,-23.59814624400002],[46.60783541800009,-23.621660440999847],[46.63376797799992,-23.628499035999823],[46.64878472000004,-23.643414185999973],[46.70249331600019,-23.651863866999918],[46.71515433099995,-23.662932887999887],[46.73735965299994,-23.64588969099998],[46.785723323000184,-23.63632319499999],[46.79825995200014,-23.62040583599986],[46.820005013000184,-23.61925208399998],[46.84557144100006,-23.60401860999997],[46.8531512780001,-23.59051500499993],[46.83873451500017,-23.576466604999894],[46.85105514100013,-23.550679252],[46.832630504000235,-23.53350853300003],[46.85720781200018,-23.514833786999873],[46.85859090100013,-23.48818190100002],[46.906794261000016,-23.480115478999892],[46.89487054400013,-23.46402366399991],[46.90209100900012,-23.450690579999844],[46.892046379000135,-23.424532821999946],[46.90759684800008,-23.394419066999944],[46.890552168000056,-23.391128688999913],[46.88540962500008,-23.361725142999944],[46.87527880400023,-23.355186425999932],[46.87173559800016,-23.30935268899998],[46.8835107550002,-23.285838065],[46.86911608500003,-23.28197894499982],[46.865328368000064,-23.24441231999998],[46.84806388700008,-23.23979817199995],[46.83950905500012,-23.20919850099989],[46.82357040000022,-23.192907259999913],[46.82840391600007,-23.15990068100001],[46.847006032000195,-23.162948781999887],[46.85038880500025,-23.130459197999926],[46.86762124400008,-23.117590176999897],[46.86737570700012,-23.09903458399998],[46.84784794600006,-23.061362024999823],[46.795033870000225,-23.009651417999976],[46.79671714600005,-22.998967640999922],[46.78173,-22.987130000999855],[46.782834082000136,-22.966721733999975],[46.76955,-22.94302000099998],[46.770422144000065,-22.926451113999974],[46.780094156000075,-22.91983960799996],[46.84645134000016,-22.923430514999893],[46.90683232099997,-22.93978506399992],[46.92416816700012,-22.880831970999907],[46.91325555800006,-22.868799554999896],[46.91000951700016,-22.847726621],[46.86171349000011,-22.818968079999934],[46.87325157300006,-22.801951498999983],[46.861262422000095,-22.78016448999989],[46.84784339000004,-22.770977803999983],[46.82680682300003,-22.7717658549999],[46.834510266000166,-22.752495950999958],[46.82080201900004,-22.761940234999884],[46.80532603100011,-22.75865362899998],[46.79498135400013,-22.735794440999882],[46.77162080800014,-22.76402879199992],[46.73775437200004,-22.740574166999863],[46.708276218000094,-22.733258102999912],[46.68930202799993,-22.702484618000028],[46.69579461900008,-22.691548939999905],[46.67704382900007,-22.652763638999943],[46.6448014450001,-22.651868853],[46.618407377000096,-22.6706755539999],[46.61157940600009,-22.656510588],[46.59787697500013,-22.667883118999953],[46.54741056500018,-22.66023580199993],[46.479932705000124,-22.700537776999965],[46.486681068999985,-22.745930963999967],[46.463439294000125,-22.734656899000015],[46.45566862600003,-22.748208234999936],[46.475978939000186,-22.77563776],[46.48698094600002,-22.816800152999974],[46.46538015800013,-22.823386060999894],[46.466715456000145,-22.838637883999922],[46.44187302800009,-22.853927859999885],[46.44124500300006,-22.87110258599995],[46.42789668800009,-22.887695217999976],[46.40235754200012,-22.891387028999986],[46.374053602,-22.857133268999974],[46.35506843000019,-22.855389445999947],[46.33039261400006,-22.867008393999924],[46.35169437500019,-22.898753292999913],[46.36417767900008,-22.95863824399993],[46.32681992400006,-22.968434617999947],[46.30232656700019,-22.994090643999982],[46.28328808200013,-22.998481514999924]]]}},{"type":"Feature","properties":{"shapeName":"Farafangana","shapeISO":"","shapeID":"10022922B75046296685916","shapeGroup":"MDG","shapeType":"ADM2"},"geometry":{"type":"Polygon","coordinates":[[[47.573092487000224,-22.44041666199996],[47.57431890100008,-22.49249980499991],[47.563731198000085,-22.51636316599985],[47.52686895500017,-22.527518913],[47.53119430300012,-22.564049027999943],[47.509645155000044,-22.582675284999823],[47.4905542690002,-22.58543554699986],[47.45026816800015,-22.634536075000028],[47.45017906000004,-22.645549405],[47.46093031700008,-22.64922859399985],[47.47785247200022,-22.67933917399995],[47.49629986399992,-22.68287967299989],[47.479437910000115,-22.738299437999956],[47.467090189000146,-22.748657436999963],[47.46801550700013,-22.767137376999926],[47.479784944000244,-22.79461737099996],[47.50927079400009,-22.817093458999977],[47.49878000000018,-22.83940000199982],[47.45169363300005,-22.875814886999933],[47.433909437000125,-22.92391552499987],[47.447005815000125,-22.93132345399988],[47.45217320100011,-22.947371182999916],[47.421420000000126,-22.98800000199998],[47.410302146,-22.989290145999973],[47.45725368700016,-23.035923736999848],[47.48306027200016,-23.09250414699983],[47.48222629300017,-23.11769469],[47.497791384000095,-23.126113612999916],[47.51321632700012,-23.121877210999855],[47.52909846300008,-23.137933964999945],[47.54542,-23.135320001999844],[47.589169495000135,-23.175906427999962],[47.606080000000134,-23.175150000999906],[47.619543224000154,-23.16040535299993],[47.619587590000094,-23.14443142899995],[47.62979568800006,-23.141756608999856],[47.63633686100013,-23.15651328899986],[47.62730241999998,-23.174765145000038],[47.65073000000024,-23.19075000199996],[47.67303038900019,-23.19039063499997],[47.68286184800013,-23.21387216199986],[47.720425493000164,-23.221414959000015],[47.73367899800013,-23.213627346999942],[47.73897514800012,-23.22359678199996],[47.76742484700014,-23.07113062699983],[47.79662291900013,-23.00834596899989],[47.834520203000125,-22.85561072399986],[47.83989003500017,-22.793698026999834],[47.85552502600018,-22.750087159999964],[47.86218402200012,-22.649941295999838],[47.89213756800012,-22.499097529999915],[47.87948612000014,-22.47998710099995],[47.850938677000045,-22.4738526779999],[47.830505964999986,-22.487370159000022],[47.821543217000055,-22.482376093999903],[47.82366763600004,-22.46088092899987],[47.80362769100009,-22.43851011599986],[47.78512317400015,-22.438278979999836],[47.75254517600007,-22.472028237000018],[47.739488182000116,-22.463804844999856],[47.727071986000055,-22.487203904999944],[47.708568831000036,-22.501358174000018],[47.68923000000018,-22.489130001999968],[47.691930001,-22.47620000099994],[47.66030791300017,-22.44721988799995],[47.62692141300016,-22.45419214899988],[47.609152738000205,-22.442074861000037],[47.573092487000224,-22.44041666199996]]]}},{"type":"Feature","properties":{"shapeName":"Vangaindrano","shapeISO":"","shapeID":"10022922B74242760889111","shapeGroup":"MDG","shapeType":"ADM2"},"geometry":{"type":"Polygon","coordinates":[[[47.45426774800012,-23.03347983599997],[47.42013693900009,-23.05013284300003],[47.4257417660001,-23.058784739999908],[47.42113150600005,-23.069166690999964],[47.410186831000146,-23.065087640999877],[47.386758883000084,-23.07467768399988],[47.37716507700014,-23.06937146699994],[47.340256895000095,-23.091697879999913],[47.294889985,-23.09998315699994],[47.280649474000086,-23.11736308600001],[47.23855,-23.136880000999952],[47.232271763000085,-23.164198843],[47.24381567700004,-23.22085683599994],[47.17923621700021,-23.241588776999947],[47.166980015000036,-23.26452565699998],[47.16546821999992,-23.284401961999833],[47.17866163700006,-23.29838160600002],[47.165276010000184,-23.306635092999898],[47.16877705700006,-23.332809304000023],[47.14821143600011,-23.329594460999942],[47.13822971800005,-23.34776338],[47.145256730000085,-23.372671658],[47.16043002100008,-23.374446208999814],[47.15170000000012,-23.41238000200002],[47.18650204199997,-23.453324853999845],[47.179874143000234,-23.467827598999975],[47.180763734999914,-23.519280148999883],[47.17127696100016,-23.524185898999974],[47.17793857400022,-23.54891732599998],[47.16530685900017,-23.554959866],[47.16677306000008,-23.60843718199999],[47.146621611000114,-23.656982656999958],[47.16496878900011,-23.74502574699983],[47.14570554300019,-23.754631474999883],[47.137453933000074,-23.796388518999947],[47.143863719000194,-23.820684739999933],[47.17210787000005,-23.83165418099992],[47.18171725800005,-23.86812789699991],[47.22673000100019,-23.87512000099997],[47.210530000000176,-23.898020000999963],[47.19147000000015,-23.905850000999976],[47.15832152599995,-23.904793384999948],[47.14326936999993,-23.889285985999834],[47.13374833600017,-23.92332649899987],[47.12394172400019,-23.92765776999994],[47.12809504400013,-23.94283683599997],[47.11797909800015,-23.96886344299986],[47.156054083000015,-23.995719465999912],[47.2136919240001,-23.999559989999966],[47.24535135000019,-24.037143109999818],[47.26904306400007,-24.030876576999844],[47.282339919000094,-24.063735764999933],[47.30532241800017,-24.07108207499988],[47.314780997000184,-24.06191900399989],[47.324980390000064,-24.068679375999864],[47.331626343000096,-24.092425464999963],[47.346535245000155,-24.086434276999853],[47.381742883000186,-24.09953659699994],[47.411867442000016,-24.138246752999976],[47.45722622800014,-24.06073802899988],[47.47773717400008,-24.041489874999854],[47.58922976700012,-23.798562709999885],[47.59877893000021,-23.710684036000032],[47.64627548600009,-23.47514174199995],[47.713149577000195,-23.327023677999875],[47.740908171000115,-23.225297043999888],[47.735323611999945,-23.225041372999954],[47.737007279000125,-23.21493880700001],[47.720425493000164,-23.221414959000015],[47.68358935700002,-23.215279049999822],[47.674775532999945,-23.19031214199987],[47.65237699100015,-23.191720756999985],[47.62979534700014,-23.175873454999987],[47.6255998690001,-23.166625018999923],[47.63443129400008,-23.148495035],[47.62600518900024,-23.140702459999943],[47.60893075600012,-23.171378600999958],[47.58485,-23.176070001999904],[47.57898000000017,-23.160580001999904],[47.54967940600022,-23.137115459999904],[47.53082000000012,-23.13790000199998],[47.507799122000165,-23.120458295999867],[47.497791384000095,-23.126113612999916],[47.48360581400016,-23.121726695999826],[47.48125307800018,-23.089912615999822],[47.45426774800012,-23.03347983599997]]]}},{"type":"Feature","properties":{"shapeName":"Midongy-Atsimo","shapeISO":"","shapeID":"10022922B72475763343132","shapeGroup":"MDG","shapeType":"ADM2"},"geometry":{"type":"Polygon","coordinates":[[[46.91596002199998,-22.92525122899997],[46.90251891400004,-22.938603406000027],[46.8430026800001,-22.922843005999937],[46.78437181400017,-22.919771448],[46.770422144000065,-22.926451113999974],[46.76955,-22.94302000099998],[46.79463941000006,-23.0086820599999],[46.84702032900003,-23.059948666999958],[46.86737570700012,-23.09903458399998],[46.86762124400008,-23.117590176999897],[46.85069238900013,-23.12990875500003],[46.847006032000195,-23.162948781999887],[46.837172173000226,-23.165857019999976],[46.83135857600013,-23.15750748199997],[46.82372763900014,-23.19438374599997],[46.840776100000085,-23.209450540000034],[46.84888524000007,-23.241015567999966],[46.86414613400012,-23.2403944859999],[46.868977422,-23.281315185999972],[46.88465194700012,-23.28432063400004],[46.87163472100008,-23.30845685700001],[46.87527880400023,-23.355186425999932],[46.88940170100017,-23.370268101999898],[46.890552168000056,-23.391128688999913],[46.90759684800008,-23.394419066999944],[46.892666745000156,-23.423475502999963],[46.90209100900012,-23.450690579999844],[46.89487054400013,-23.46402366399991],[46.906794261000016,-23.480115478999892],[46.898466148000125,-23.48646589699996],[46.86354217700017,-23.48643151599987],[46.85215271699997,-23.495056629999965],[46.85843683000007,-23.50302356099985],[46.85241251000008,-23.522373403000017],[46.83307333400006,-23.52877546000002],[46.85266460800017,-23.562188097999865],[46.83916024700022,-23.578097406999916],[46.85547866100018,-23.59830146199988],[46.89874462300014,-23.59957014399987],[46.8875971560002,-23.61798667799991],[46.89523901600006,-23.64331611800003],[46.886281894000035,-23.65418439399997],[46.88494630700012,-23.674421081],[46.909171137000044,-23.686612616999923],[46.88810860299992,-23.734793803999935],[46.91252993200004,-23.740590556999962],[46.928773151000144,-23.753851044999976],[46.9220671600001,-23.77725624199985],[46.9573330230001,-23.790527858999894],[46.9826719630002,-23.76722341499982],[46.98408774400019,-23.751448534999952],[47.009575673000086,-23.744329750999896],[47.01271189999994,-23.728256486999953],[47.04033737699996,-23.727089391999925],[47.05408748200017,-23.749350234999895],[47.069330674000184,-23.737461164000024],[47.09785379000016,-23.74614894599995],[47.10905343600007,-23.723624352999934],[47.12257442100014,-23.729515817999868],[47.15893589600017,-23.719857691999948],[47.146419095000056,-23.659026205000032],[47.16657191600012,-23.609516229999826],[47.16068737600017,-23.590001616],[47.16838503900016,-23.582549015999916],[47.1649471840002,-23.55514732499995],[47.18045059700012,-23.544435178999947],[47.17097970400016,-23.526333270999828],[47.17954176000018,-23.521136566],[47.1861179080002,-23.456961446999912],[47.15298304400005,-23.415113606999967],[47.16043002100008,-23.374446208999814],[47.145256730000085,-23.372671658],[47.13822971800005,-23.34776338],[47.14821143600011,-23.329594460999942],[47.16737588800004,-23.333624901],[47.165276010000184,-23.306635092999898],[47.17866163700006,-23.29838160600002],[47.16550215700016,-23.286011940999913],[47.17077081400009,-23.27099673999993],[47.16574282100021,-23.261387554999885],[47.17711210600004,-23.25040360600002],[47.17631999000025,-23.244947080999907],[47.108380000000125,-23.24627000199996],[47.07548972200016,-23.14597484],[47.07449557400014,-23.13082475599998],[47.14426846300012,-23.047981295],[47.12556615500006,-23.035496331999923],[47.140200335000145,-23.01604385799999],[47.13705756600007,-23.005636961999926],[47.11657614200004,-23.012847039999883],[47.09211750400016,-23.000385831999836],[47.07722943900012,-23.00536372699986],[47.09109686100015,-22.974978632999864],[47.07207411500008,-22.954753821999873],[47.052999899000156,-22.965263001999972],[47.037058011000056,-22.962747362000016],[47.02894590100016,-22.975628253999957],[47.033464885000114,-22.986153332999947],[47.00616689499992,-22.992515646999948],[47.00324387199993,-22.975398170999938],[46.96178322500009,-22.92267403699998],[46.945526495000195,-22.919482249999874],[46.939019112000096,-22.93137351500002],[46.91596002199998,-22.92525122899997]]]}},{"type":"Feature","properties":{"shapeName":"Vondrozo","shapeISO":"","shapeID":"10022922B86038713071830","shapeGroup":"MDG","shapeType":"ADM2"},"geometry":{"type":"Polygon","coordinates":[[[47.03964231900022,-22.163072282999906],[47.062440289,-22.181074254999828],[47.04636872900022,-22.197237097999903],[47.04631918399991,-22.208309472999872],[47.06845130300019,-22.219813548999866],[47.114988994000214,-22.267287394],[47.1070057500001,-22.295129208999867],[47.111881401,-22.30718863899989],[47.138071856000124,-22.307996834999983],[47.15989789700012,-22.325213083999813],[47.162293017000195,-22.352972957999953],[47.17240100300006,-22.35936328699995],[47.1942667400001,-22.35496978699996],[47.18190081500023,-22.38212218199982],[47.18134584400025,-22.408963990999837],[47.15634157300019,-22.43394163199997],[47.168141879000075,-22.434503389999918],[47.18183288200021,-22.450053859999855],[47.185217711000234,-22.469996627999876],[47.1723016210002,-22.486467743999867],[47.19884752699994,-22.507964496999932],[47.18458467000016,-22.526642984999967],[47.18801382099991,-22.53811436299992],[47.20281074900015,-22.539922714],[47.18219769800021,-22.553544958999908],[47.174247831000116,-22.591872481999815],[47.223390614999914,-22.60349846699995],[47.22359770100019,-22.61358054899995],[47.20172592300008,-22.617903650999892],[47.19644255500009,-22.640332839999928],[47.20042425300005,-22.650999009999964],[47.21414125700005,-22.65185936900002],[47.21271314199993,-22.673537789000022],[47.184937802000036,-22.701156477999916],[47.18392345000018,-22.716649871999834],[47.205112708000115,-22.728208006999864],[47.19663363400019,-22.74213636899998],[47.20040697000013,-22.77501232100002],[47.22021820000009,-22.783388078999906],[47.21481620800006,-22.803964269],[47.199430121000034,-22.80677739099997],[47.200053516000196,-22.81878428099992],[47.17767658400004,-22.82468839],[47.17886439900019,-22.835864281999932],[47.204650269000126,-22.85739325599991],[47.19698241800012,-22.878320121],[47.21055804600019,-22.92598169699994],[47.19526214900014,-22.94206495599991],[47.1698184940002,-22.93943390699991],[47.150945002000185,-22.94984995899995],[47.152306875000136,-22.97224463999987],[47.14431475800012,-22.98840989199988],[47.14974551800003,-23.003526594999926],[47.138198807000094,-23.005039078999914],[47.140200335000145,-23.01604385799999],[47.123242660000074,-23.032706566999934],[47.14192595500009,-23.04462337299998],[47.076130000000205,-23.126500000999897],[47.074884479000104,-23.136752030999844],[47.108380000000125,-23.24627000199996],[47.17671882500008,-23.242260080999813],[47.24503,-23.223930001999918],[47.23592000000019,-23.206570000999818],[47.232271763000085,-23.164198843],[47.23855,-23.136880000999952],[47.27847212500018,-23.11775050299991],[47.28823475300004,-23.101927251999882],[47.33194507900015,-23.094354445999898],[47.375236105000056,-23.0698752859999],[47.41924209800004,-23.069328819999896],[47.42686075900008,-23.043555804999926],[47.45280205400019,-23.033986351999886],[47.41122371100016,-22.990385948999972],[47.42324028200011,-22.98577588899991],[47.452847269000074,-22.946384694000017],[47.43456888000003,-22.919824342000027],[47.45169363300005,-22.875814886999933],[47.49878000000018,-22.83940000199982],[47.50953571700006,-22.81776188399988],[47.479784944000244,-22.79461737099996],[47.468950155000186,-22.768297068000038],[47.47449348800012,-22.753037783000025],[47.463748686000145,-22.750254458999848],[47.48005587600011,-22.7368840069999],[47.495951038000044,-22.68509159799993],[47.479280266000046,-22.68162674599995],[47.463666039000145,-22.652357100999893],[47.4478,-22.642970000999924],[47.488644454000166,-22.587024275999852],[47.512820689999955,-22.58069919399992],[47.53331268600016,-22.561592814999926],[47.53552088500015,-22.55584464099985],[47.524279425000145,-22.54991110499998],[47.53063054900019,-22.538033966999933],[47.52629313000023,-22.525439807],[47.561136132000115,-22.517456883000023],[47.56134501800017,-22.507192002999886],[47.573306780999985,-22.49723929599992],[47.57262513400019,-22.434198869999932],[47.54523895300008,-22.432337812999947],[47.56090926900009,-22.42272667299983],[47.540572347000136,-22.402039333999937],[47.52048000100018,-22.404970001000038],[47.50056242200003,-22.38208272699984],[47.461881339000115,-22.361033148999923],[47.45171271100003,-22.365162204999876],[47.43101602099995,-22.347852772999943],[47.442067779000126,-22.31397696499988],[47.42365329100005,-22.303902633999883],[47.41713416200025,-22.269040581000013],[47.4333242850002,-22.24750967699987],[47.427299999000184,-22.241450001999965],[47.404086328000176,-22.240434903],[47.40480000000025,-22.262000002000036],[47.39072150800013,-22.256994142999815],[47.39301535200019,-22.282869718999905],[47.388302055000054,-22.3005740399999],[47.378387698000154,-22.30401500699986],[47.37576984300017,-22.325963334],[47.35978369000003,-22.317452897999885],[47.34345679300014,-22.324207505999937],[47.29885170500006,-22.321458876999884],[47.273025978000135,-22.268434443999865],[47.28396164100013,-22.256014015],[47.27923371300011,-22.251320157999942],[47.24587198000012,-22.239924121],[47.24609122100003,-22.2297303549999],[47.23421558699994,-22.222424734000015],[47.19131465100003,-22.211724372],[47.19034181500018,-22.196524241999896],[47.17010660900013,-22.190332510999895],[47.15960737000012,-22.196086489999914],[47.13554483600012,-22.183274364999875],[47.12148305300008,-22.18410854399997],[47.12214184600015,-22.161975228999893],[47.109719873000245,-22.159572796999896],[47.094863182000154,-22.136212038999872],[47.06251881800023,-22.13881125],[47.03964231900022,-22.163072282999906]]]}},{"type":"Feature","properties":{"shapeName":"Befotaka","shapeISO":"","shapeID":"10022922B11101019287712","shapeGroup":"MDG","shapeType":"ADM2"},"geometry":{"type":"Polygon","coordinates":[[[46.500133162000054,-23.616357566000033],[46.48244512800011,-23.66136826399992],[46.45421404500024,-23.67320082099991],[46.436727530000155,-23.725124181999945],[46.41331801100006,-23.739202673999955],[46.41682418400018,-23.760455374],[46.39437717499999,-23.808789352999895],[46.39705773000003,-23.831051458999866],[46.42471383500009,-23.830368630999942],[46.443540819000134,-23.84706929999993],[46.44038931600005,-23.857678262000036],[46.4730965940002,-23.867494994999845],[46.50205539400014,-23.89910197499995],[46.50688210799996,-23.92480133899994],[46.52258642000015,-23.920516935999842],[46.52870970300006,-23.93624092999994],[46.53956429900006,-23.93915586999998],[46.58614841499991,-23.929929743],[46.592017700000156,-23.942146739],[46.625618088000124,-23.949968372999933],[46.62670024700003,-23.96000414899987],[46.64072094800002,-23.969640403999847],[46.64778966200015,-23.963514686999986],[46.66716159599997,-23.973335776],[46.666183612000054,-23.984779240999842],[46.68046633200004,-23.97709199399992],[46.68527680800014,-23.98745423600002],[46.71563295899995,-23.998747547],[46.70607401000018,-24.029451196999958],[46.72476158000006,-24.04874226299995],[46.73118168200011,-24.107012250999844],[46.7473014950001,-24.11353186199989],[46.76203613300015,-24.108185135999918],[46.783016069000155,-24.119586229],[46.819262553000215,-24.105343675999904],[46.852740963000144,-24.11384685099995],[46.88175153300011,-24.15744515899985],[46.8734352080001,-24.207157338],[46.888029506000066,-24.22587041299994],[46.87914169800007,-24.244469749000018],[46.88713249699998,-24.293906822999872],[46.93411259499993,-24.29038046200003],[46.95130529700015,-24.279239414999893],[46.98533076300009,-24.27355791399998],[47.00156862300014,-24.260014005999892],[47.00646253700006,-24.2367028729999],[47.0393072760001,-24.21844050499982],[47.03798001600006,-24.169883965999816],[47.01317699500015,-24.147355702000027],[47.00964658900011,-24.13445828700003],[47.02263078700008,-24.107051037999952],[47.04785335600002,-24.088380887999904],[47.06732829500015,-24.09477220699989],[47.08462567300012,-24.080508152],[47.12207330999996,-24.072575162999954],[47.11136152100016,-24.050803452999958],[47.12717474400017,-24.04417209500002],[47.13078311100003,-24.029869119999887],[47.11674772200024,-24.015402808000033],[47.11646960300004,-23.993141207],[47.108638451000104,-23.98672387],[47.119904415,-23.977441201999852],[47.1240647850002,-23.92889770399995],[47.13829421600008,-23.90820028400003],[47.13423376800017,-23.898256023999863],[47.146015982,-23.891239412],[47.165593115000036,-23.9068869649999],[47.19412751300024,-23.90445363099991],[47.210530000000176,-23.898020000999963],[47.22519735100002,-23.878452641000024],[47.18181213700018,-23.868991521999874],[47.17052248500005,-23.827951928],[47.145083640000166,-23.823578615999907],[47.137499343000115,-23.799488204999818],[47.14400173900009,-23.758556312],[47.1634649730002,-23.749524828999938],[47.16511492400019,-23.728678607999882],[47.11059743499999,-23.725899057999925],[47.098553120000076,-23.746194692999836],[47.070329808000054,-23.737530085999936],[47.05408748200017,-23.749350234999895],[47.04121158400011,-23.727135406],[47.013137828000026,-23.726738687999955],[47.00717496800013,-23.747249460999967],[46.985140325000145,-23.74820677599996],[46.983949779000056,-23.764004503999843],[46.958507573000134,-23.79052857299996],[46.94289239300002,-23.788034855000035],[46.92014446100012,-23.77638073999998],[46.92999180700025,-23.75762344499998],[46.91951792500015,-23.744989330999942],[46.88627757700016,-23.739023573999987],[46.90934774900012,-23.685462772],[46.88450231900015,-23.671454065999967],[46.88636033999995,-23.652344518999882],[46.89523205000023,-23.647248938999894],[46.88822362000013,-23.616607428],[46.897656671,-23.603324905999955],[46.89396488500006,-23.595850583999948],[46.850118950000194,-23.595824898999865],[46.83232037400012,-23.614670875],[46.7955146110001,-23.622101136999902],[46.78737055900024,-23.63570570299987],[46.7353880390001,-23.64634536199992],[46.71410613200021,-23.66286181199996],[46.700097594000226,-23.65204285999988],[46.647812442999964,-23.642929663000018],[46.63362102299993,-23.62709777799995],[46.606490184000165,-23.620692458999883],[46.59194790000009,-23.597943480999845],[46.53743775600003,-23.591128401999867],[46.500133162000054,-23.616357566000033]]]}},{"type":"Feature","properties":{"shapeName":"Toamasina I","shapeISO":"","shapeID":"10022922B32937301443957","shapeGroup":"MDG","shapeType":"ADM2"},"geometry":{"type":"Polygon","coordinates":[[[49.40267010600019,-18.102597866999872],[49.392205313000204,-18.091267041999913],[49.39070941700004,-18.12170024999989],[49.37791666600003,-18.128950003999933],[49.36625616900005,-18.153190918999883],[49.385907026000154,-18.169624570999986],[49.37556666699999,-18.19383333600001],[49.410985606000224,-18.165220268999974],[49.42935025100013,-18.16099257099995],[49.43022795000019,-18.150860150999847],[49.42698333300024,-18.16036667099985],[49.41899024700001,-18.15400803199998],[49.40267010600019,-18.102597866999872]]]}},{"type":"Feature","properties":{"shapeName":"Brickaville","shapeISO":"","shapeID":"10022922B71585303896889","shapeGroup":"MDG","shapeType":"ADM2"},"geometry":{"type":"Polygon","coordinates":[[[49.296237924000025,-18.47998931999996],[49.277142053000034,-18.47347463899996],[49.25143145700008,-18.448419197999954],[49.184830039000076,-18.456007684999975],[49.17341472200013,-18.445219391999956],[49.111516666000114,-18.424366669999984],[49.06431748200015,-18.371246862999897],[49.04794816000003,-18.368792828999972],[49.01444176699994,-18.393812611999863],[48.99846842700009,-18.357648839000035],[48.996346453999934,-18.315068591999875],[48.98667432400009,-18.319402527999898],[48.978935035000234,-18.313634359999867],[48.96868748200012,-18.26956336500001],[48.94460432000017,-18.22094307499998],[48.95265559200021,-18.194739742999843],[48.93555859700018,-18.191439902999946],[48.90878032800009,-18.165752902999827],[48.88593993900025,-18.169073189999835],[48.87094624700006,-18.15982142699994],[48.84110954299996,-18.17479490399984],[48.82870406100011,-18.150555883999914],[48.81612247900006,-18.146336405999932],[48.796530851000114,-18.164467330999855],[48.788974439000185,-18.156973150999818],[48.781057848000216,-18.167236159999902],[48.78993938200017,-18.186499305999973],[48.78751099600015,-18.20009724799985],[48.735212862000026,-18.213620308999907],[48.72071223200015,-18.24462062099991],[48.70448454500013,-18.235269702999915],[48.6792600080002,-18.248269157999914],[48.65967618100012,-18.23554001699989],[48.62242960200001,-18.258460148999973],[48.59256607500009,-18.247862734999842],[48.58818820000016,-18.23863330199987],[48.56963200600012,-18.249914794],[48.56012867600003,-18.23793592899989],[48.551206532000094,-18.239404733999834],[48.55752426800018,-18.263425454999833],[48.54111119300012,-18.273818076999987],[48.53430463500024,-18.30712048799984],[48.5182679130001,-18.3094761399999],[48.50044577700004,-18.324411874999953],[48.49343361100017,-18.340885324999988],[48.497872979000135,-18.351219085999958],[48.48776405000012,-18.360605107000026],[48.48251438400007,-18.35176613399983],[48.47303355900016,-18.367809943999816],[48.471953288000236,-18.414088632000016],[48.48423871700004,-18.430161109999972],[48.489512502000025,-18.488346657999898],[48.5000990150001,-18.505248155],[48.499267463999956,-18.520873879999954],[48.5159536650001,-18.533147722999956],[48.5037085460001,-18.56223430499989],[48.52467685600004,-18.562615335999965],[48.486073266,-18.614774017999935],[48.4986476950001,-18.659189041999923],[48.52753976200012,-18.668363300999886],[48.525821648999965,-18.703187238999874],[48.50685955500012,-18.714712016999897],[48.54093403300021,-18.728406425999935],[48.55195000100019,-18.754280002999963],[48.54477798500011,-18.798244681999904],[48.61818197100001,-18.835791522999955],[48.61626469599992,-18.852362057999926],[48.62714552500006,-18.876027267999916],[48.61967322600003,-18.88418342099982],[48.62373000000014,-18.9309300029999],[48.64010957600004,-18.94278784299985],[48.64072150800024,-18.974496194999915],[48.661096489000045,-18.996714947999862],[48.650520568000104,-19.00501682999993],[48.64672067500021,-19.04741058699983],[48.67386636800012,-19.07143175799996],[48.68763749000021,-19.074026394999976],[48.69322304199994,-19.115716737999946],[48.71200590400014,-19.130941350999933],[48.715312122000114,-19.144960603999834],[48.73521128500016,-19.144595713999934],[48.77100433000004,-19.123172111999963],[48.77133329700018,-19.09183535499983],[48.7608627780001,-19.084132114999818],[48.773574175000135,-19.075866657999825],[48.78213194400007,-19.032307570999876],[48.810578768000084,-19.022911630999886],[48.83372544700006,-19.041316245999894],[48.84634050500006,-19.068910426],[48.860527901000125,-19.061880721000023],[48.868136782999954,-19.069674021000026],[48.89047999899998,-19.06542000299993],[48.905343210000126,-19.044309397999825],[48.94402000000014,-19.044320002999825],[48.928321453000194,-19.062041882999836],[48.923402497000154,-19.082527426000013],[48.91274215900006,-19.08285760499996],[48.91421132600004,-19.11527384899989],[48.98425479300022,-19.14617602999988],[48.98597854400009,-19.161836613999867],[48.97402004800006,-19.17931315200002],[48.97801261800021,-19.18782553599982],[49.01182890600023,-19.187949198999945],[49.078712619000044,-19.02240595299986],[49.10028983,-18.98698854299988],[49.2210032590001,-18.658591119999926],[49.296237924000025,-18.47998931999996]]]}},{"type":"Feature","properties":{"shapeName":"Vatomandry","shapeISO":"","shapeID":"10022922B31178585124685","shapeGroup":"MDG","shapeType":"ADM2"},"geometry":{"type":"Polygon","coordinates":[[[48.715312122000114,-19.144960603999834],[48.70576365700009,-19.1637487349999],[48.6869,-19.15538000199996],[48.67124720900006,-19.171399516],[48.65859737199992,-19.173444360999895],[48.62612000100012,-19.15360000399994],[48.60358645300016,-19.158734885],[48.5885404010001,-19.141458198999942],[48.55291939500012,-19.134552563999932],[48.579006496000034,-19.171805892999885],[48.59745479800023,-19.22883731299987],[48.56642426100018,-19.285402891999865],[48.535383328000194,-19.29850647299986],[48.5310902920001,-19.308260113999893],[48.5567,-19.32875000299987],[48.552611233999926,-19.339123923999978],[48.56777023000012,-19.356387359999985],[48.569028859999946,-19.375269453999977],[48.60671117600015,-19.391521563999902],[48.60070000000013,-19.40968000299989],[48.62654446999994,-19.425983824000014],[48.635139495000146,-19.472954574999903],[48.64972047300006,-19.487531162999915],[48.620250265000095,-19.531207913999822],[48.624295466000035,-19.548293053999828],[48.63719465200012,-19.550292708999905],[48.63341798000005,-19.576084204999972],[48.64461256599992,-19.591672425999946],[48.63346551400008,-19.600675965999983],[48.63376957700012,-19.62573239999989],[48.61730203800016,-19.646646665],[48.622346747,-19.66595590999998],[48.586262239000064,-19.682731128999933],[48.59000218800014,-19.698280771999976],[48.6173368220002,-19.69221314500004],[48.634740584999975,-19.697058977999973],[48.65452945600015,-19.68143694799994],[48.65360907400003,-19.697150412999974],[48.682638246000124,-19.688692741999887],[48.68105247200015,-19.694662936999862],[48.705200712000135,-19.706685369999946],[48.708513381000046,-19.697226072000035],[48.732648477000225,-19.699318867999978],[48.733330000000194,-19.6877300029999],[48.746169999000244,-19.67942000299996],[48.77974226900017,-19.677844607999816],[48.8105755790001,-19.658871224],[48.85585475099998,-19.664056670999855],[48.88108885200023,-19.571428383999944],[48.9882125860002,-19.327842251999982],[48.98613500100015,-19.288267826999856],[49.01182890600023,-19.187949198999945],[48.97801261800021,-19.18782553599982],[48.97402004800006,-19.17931315200002],[48.98597854400009,-19.161836613999867],[48.98425479300022,-19.14617602999988],[48.957781965000095,-19.139964571999826],[48.94200931300014,-19.12487404299992],[48.91248000000013,-19.113600002999874],[48.91383000000013,-19.08165000199989],[48.92453278500005,-19.082389962999912],[48.94196794100009,-19.043172760999937],[48.90483888000011,-19.04449101699987],[48.89440933200012,-19.062794718999953],[48.87232124600007,-19.07062248799997],[48.85943241399997,-19.061999283999967],[48.84963089600012,-19.06652029199995],[48.81281047400017,-19.022684743999832],[48.783798493,-19.03086069799997],[48.768573227000104,-19.06410414199985],[48.773238869000124,-19.07799300099998],[48.75981356200015,-19.08600081599991],[48.77264949700003,-19.09422397399993],[48.77161974300009,-19.12223067899987],[48.73084309000012,-19.147282141],[48.715312122000114,-19.144960603999834]]]}},{"type":"Feature","properties":{"shapeName":"Mahanoro","shapeISO":"","shapeID":"10022922B42807663031303","shapeGroup":"MDG","shapeType":"ADM2"},"geometry":{"type":"Polygon","coordinates":[[[48.59935955000009,-20.415257066999914],[48.6455439730002,-20.297418502999903],[48.78102175299995,-20.01849237999994],[48.82483421500018,-19.911605658999974],[48.81368410599998,-19.90185621399985],[48.814870335000194,-19.86745184900002],[48.85585475099998,-19.664056670999855],[48.81202565400008,-19.6584846909999],[48.78428338500021,-19.676407384000015],[48.734730001000116,-19.68533000199983],[48.734045007000134,-19.69509018599996],[48.708513381000046,-19.697226072000035],[48.705200712000135,-19.706685369999946],[48.689117723999914,-19.691739625999844],[48.64992089400005,-19.694981795999865],[48.65447857800001,-19.683182957999918],[48.648337024000114,-19.681973739999876],[48.634740584999975,-19.697058977999973],[48.6173368220002,-19.69221314500004],[48.58915055600005,-19.698015900999906],[48.58134338100024,-19.682510459999946],[48.56528377700016,-19.687391683999977],[48.55240448100017,-19.71540079899995],[48.53643280500006,-19.718681681999897],[48.52044254000015,-19.73435160699995],[48.50537353900006,-19.724194307999937],[48.45273558400015,-19.71272530599998],[48.44399256100019,-19.720759851999958],[48.43152159500005,-19.710935127999846],[48.410734552000065,-19.718241815],[48.401015203000156,-19.76451588799989],[48.38600954600014,-19.778240199999914],[48.39043432700004,-19.792685580999887],[48.3826200000002,-19.829480002999958],[48.3701699990001,-19.829250001999924],[48.365489382000135,-19.85047217700003],[48.35066691200012,-19.857687763999934],[48.333056565000106,-19.885925274999863],[48.32223227300011,-19.890046128999927],[48.30874683300004,-19.882944882999823],[48.300563374000205,-19.891034883999964],[48.311556016000054,-19.92260192999987],[48.30116922000025,-19.945826442999987],[48.30461173100025,-19.97929674],[48.29520351900021,-19.98573875799991],[48.278300001000105,-19.978480001999912],[48.23641933800013,-19.989007037999897],[48.20356109800014,-20.01844902900001],[48.19258703000003,-20.06119271],[48.181362620000186,-20.06301707399996],[48.17939496499997,-20.125832520999893],[48.16820883300011,-20.13166289000003],[48.17354731300003,-20.16087164499993],[48.15984273700013,-20.172548413000015],[48.16432342200005,-20.196205480999936],[48.15418607700019,-20.216055841999946],[48.20161017200019,-20.214442012999825],[48.19436207399997,-20.24764016099988],[48.21133400899993,-20.274985010999842],[48.2486692920001,-20.293254795],[48.24884637800017,-20.303969403999872],[48.26962555800014,-20.314800758999866],[48.282996737000246,-20.304846162999922],[48.299969538000084,-20.31404327199982],[48.317111475000104,-20.298961744999872],[48.328852127,-20.299814957999843],[48.34181207400002,-20.283405991999928],[48.363466796000125,-20.310921132999965],[48.38791126000012,-20.303746681],[48.38515015000007,-20.340128909999976],[48.37182514300008,-20.353483011999913],[48.38360509600017,-20.381344211999988],[48.418760801000076,-20.357789422999986],[48.42295515500018,-20.381523652999817],[48.44556944700008,-20.387977235999813],[48.44894617500006,-20.40670127599998],[48.50453527600007,-20.413146568],[48.526266693000025,-20.391754056000025],[48.54709779700022,-20.407554409999875],[48.55784032400004,-20.428147051999815],[48.59935955000009,-20.415257066999914]]]}},{"type":"Feature","properties":{"shapeName":"Marolambo","shapeISO":"","shapeID":"10022922B10629043557873","shapeGroup":"MDG","shapeType":"ADM2"},"geometry":{"type":"Polygon","coordinates":[[[47.706700394999984,-20.059353684999905],[47.71533272300013,-20.08044737999984],[47.71398436500016,-20.125014958999827],[47.69753352999993,-20.162269626999887],[47.684816642000044,-20.171572701999935],[47.6898246610001,-20.208533322999983],[47.66506397600017,-20.24914942399988],[47.67738830600007,-20.266927283999905],[47.66933962200005,-20.294194017999814],[47.68795868400014,-20.327723716000037],[47.670959446000154,-20.365831553999953],[47.676239035000094,-20.374773537999886],[47.69612540800017,-20.378430334999848],[47.691949531000034,-20.3944510259999],[47.69974141500012,-20.40533553799986],[47.71773844100005,-20.402029723999988],[47.74160596900009,-20.411461758999963],[47.73696597800017,-20.427864317999877],[47.749293117000036,-20.439352686],[47.754738052000164,-20.43640396899991],[47.770137943000066,-20.46059686800004],[47.80828783100003,-20.462538611999946],[47.80867567000024,-20.449768587999927],[47.83878355600018,-20.452919264999935],[47.87231398600022,-20.426323796999952],[47.9093843080002,-20.439774922000026],[47.930640655000104,-20.439235161999875],[47.97207871500012,-20.406341111999836],[48.00495509700022,-20.408738211999946],[48.01313082100006,-20.420723586999884],[48.038402752000195,-20.424908800999845],[48.04825377800012,-20.45042167299988],[48.064067356000066,-20.454033581000033],[48.07573502300011,-20.436772478000023],[48.07710831500003,-20.39158804399989],[48.14555860400014,-20.271988566],[48.13048620400008,-20.247553515],[48.16432342200005,-20.196205480999936],[48.158873733000064,-20.17460144199987],[48.17420032100006,-20.15726900399983],[48.16860657900014,-20.13639961299998],[48.180904057000134,-20.12140413399993],[48.18092425300006,-20.06467493399998],[48.197302816000104,-20.049044053999978],[48.205018546000076,-20.01666533999986],[48.23997999900013,-19.987220003],[48.27694000800011,-19.97883519699991],[48.29352912399992,-19.98603191199993],[48.3040800010001,-19.981870002999926],[48.30116922000025,-19.945826442999987],[48.31112762500004,-19.919204215000036],[48.300765366,-19.894212919999916],[48.31188539500005,-19.882129857999985],[48.321138050000116,-19.88998858799988],[48.33895692500016,-19.881326306999938],[48.35066691200012,-19.857687763999934],[48.365489382000135,-19.85047217700003],[48.36865870800017,-19.830421808999915],[48.359650761000125,-19.828797341999973],[48.3443184460001,-19.84620363099998],[48.330002849999914,-19.820827665000024],[48.30771962300014,-19.830015963],[48.29669130899998,-19.812485307999964],[48.27377765400013,-19.811853006999968],[48.266090011000074,-19.792258148999963],[48.23491293000018,-19.781566305999945],[48.22353285200006,-19.78714403599986],[48.21663961200011,-19.80553336399987],[48.192816081000046,-19.802122061999967],[48.1613354320001,-19.810285024999814],[48.10876604699996,-19.77074874199991],[48.092150331000084,-19.77638831099989],[48.08750183300003,-19.759338356999933],[48.04545071300009,-19.70617994099996],[48.033030836000194,-19.77249567599995],[47.94058080700006,-19.754569971999842],[47.925154384999985,-19.761114851999935],[47.90923764100023,-19.803168610999876],[47.86728655400009,-19.772925355999973],[47.85932683799996,-19.816339898999956],[47.89078967800015,-19.82989964099994],[47.88122313400015,-19.88031384300001],[47.802156904000185,-19.838102408999816],[47.77602961499991,-19.863763260999917],[47.763848178000046,-19.865391923999937],[47.76812938700016,-19.891512277999936],[47.743797085999915,-19.928210924999973],[47.7295445690001,-19.93840975199987],[47.69589889100013,-19.937939565999955],[47.727835306000145,-19.978781777999927],[47.73128469000011,-19.994156879999935],[47.76335419500009,-20.02823984999992],[47.74774160100009,-20.05661251899994],[47.714067015999944,-20.047090382999954],[47.706700394999984,-20.059353684999905]]]}},{"type":"Feature","properties":{"shapeName":"Toamasina II","shapeISO":"","shapeID":"10022922B55539380638871","shapeGroup":"MDG","shapeType":"ADM2"},"geometry":{"type":"Polygon","coordinates":[[[49.40267010600019,-18.102597866999872],[49.43406466300013,-17.963052845999982],[49.520283333,-17.69521667099997],[49.519559528000116,-17.674241697000014],[49.50279196900016,-17.67041206699986],[49.493563139999935,-17.656089719000022],[49.48620088000007,-17.602442715999928],[49.469715535000034,-17.582209196],[49.45759892800021,-17.579588134999938],[49.44953967100014,-17.595770528999935],[49.429074325000045,-17.599213202999863],[49.416592625999954,-17.62054802899985],[49.405330671000115,-17.61133478299996],[49.40684163200018,-17.603947392999885],[49.39445589300004,-17.599256626],[49.39444321700006,-17.588188476000028],[49.36998079900002,-17.588249202999975],[49.36925340000016,-17.571211294999955],[49.34758506200018,-17.579016805999913],[49.32659016100007,-17.556118379999873],[49.32099300000016,-17.566038824999907],[49.28695564900022,-17.548982024999873],[49.260575594000045,-17.58636752199999],[49.272475398000154,-17.613337321000017],[49.260800513000106,-17.656373812999902],[49.26995137600005,-17.68310357399986],[49.25446480700009,-17.6853257919999],[49.247958666000045,-17.708137742999895],[49.23315842800014,-17.689555974999962],[49.22472088000012,-17.69479310500003],[49.20287685700009,-17.689373740999883],[49.207742193000115,-17.73232241199986],[49.17099817299993,-17.740257489999976],[49.169001342,-17.751617295000017],[49.15884788800014,-17.746578392999822],[49.146273439000026,-17.76638086099996],[49.132607023000105,-17.756478281999875],[49.11933266300008,-17.763356653999836],[49.11974396400012,-17.744730793999906],[49.10819448100011,-17.73545204699991],[49.08373375400009,-17.74976360399984],[49.05841387800018,-17.721665472999973],[49.01411240400017,-17.747346705999973],[48.99751080900012,-17.738121233999948],[48.97118629400006,-17.74409753099991],[48.96149827900007,-17.757875761000037],[48.91815877300007,-17.776480937999963],[48.901390771000194,-17.77482716999998],[48.9015258280001,-17.765938819999974],[48.876121732000115,-17.752108892000024],[48.87112911300011,-17.76471791499995],[48.84821596000006,-17.770296047999977],[48.83532487100007,-17.791991604999907],[48.81696443700008,-17.804190600999902],[48.83736622100025,-17.877007178999918],[48.80720540700014,-17.872771384999908],[48.79718593499996,-17.896442784999977],[48.76784828099994,-17.86731975399988],[48.73804406900007,-17.899327685999936],[48.7272798190001,-17.898950875999844],[48.71533007700009,-17.92415953299991],[48.70113964600006,-17.91526449199995],[48.68825747000017,-17.88644300299984],[48.658597481000015,-17.89411349],[48.67293254100025,-17.93223471099998],[48.65908477400012,-17.94851063699997],[48.69698113300012,-17.982950301999892],[48.67247825700014,-18.06018808799996],[48.687214637000125,-18.066810899999837],[48.70745736900011,-18.06247473999997],[48.72539324600024,-18.074339299999963],[48.7394300360001,-18.05387157699994],[48.76320459600004,-18.052519170999858],[48.7767990800001,-18.08619882399995],[48.77414044400018,-18.112043866000022],[48.79578512100005,-18.164583099999845],[48.81388539900024,-18.145786596999812],[48.835249307000026,-18.154943243999924],[48.83733187300004,-18.173142953999843],[48.86705088900021,-18.160747021999896],[48.88735864700021,-18.16858778999989],[48.904084217000104,-18.164384386999927],[48.93950180900015,-18.193231158],[48.950474125000085,-18.194013547999816],[48.94460432000017,-18.22094307499998],[48.96868748200012,-18.26956336500001],[48.978935035000234,-18.313634359999867],[48.98667432400009,-18.319402527999898],[48.995699752000064,-18.31458026299987],[48.99846842700009,-18.357648839000035],[49.01251321300009,-18.393451571000014],[49.05054770300006,-18.367043618000025],[49.06542951900002,-18.371071981],[49.07514896100008,-18.390538016999812],[49.111516666000114,-18.424366669999984],[49.17341472200013,-18.445219391999956],[49.183603457000174,-18.456444595],[49.25012065800007,-18.44793812599994],[49.277142053000034,-18.47347463899996],[49.296237924000025,-18.47998931999996],[49.33519530000018,-18.41056850299998],[49.34667938700011,-18.323117888000013],[49.364098083000215,-18.281955319999838],[49.37994783500011,-18.19901431199986],[49.37556666699999,-18.19383333600001],[49.38647012400003,-18.17498375799994],[49.36625616900005,-18.153190918999883],[49.39025131400007,-18.117398048999917],[49.392119133000165,-18.090735249999966],[49.393982744000084,-18.101035553999907],[49.40267010600019,-18.102597866999872]]]}},{"type":"Feature","properties":{"shapeName":"Antanambao Manampontsy","shapeISO":"","shapeID":"10022922B63046975451138","shapeGroup":"MDG","shapeType":"ADM2"},"geometry":{"type":"Polygon","coordinates":[[[48.53166303500012,-19.300170491999893],[48.516879239000104,-19.282425579999824],[48.514415622000115,-19.32363392999997],[48.493882481000185,-19.334196615999872],[48.48625594899994,-19.34893852199997],[48.47306108600003,-19.339295105999838],[48.457696519000194,-19.355363625999928],[48.447315238000044,-19.353448062999973],[48.447620304000054,-19.342979276999927],[48.43786495700016,-19.33575183799985],[48.41697049200019,-19.339257922999877],[48.40351518199992,-19.323900332999983],[48.38844330800009,-19.322314463999874],[48.37837646200006,-19.304149496999855],[48.374759777000065,-19.308632088999843],[48.37282955800015,-19.3383973199999],[48.36097503000019,-19.363713902999905],[48.378123176999964,-19.39095412300003],[48.373750691000055,-19.415223052999977],[48.40714092100018,-19.515566786000022],[48.38847913899991,-19.540855557999976],[48.34639497800015,-19.538372600999878],[48.3442882770002,-19.527324408000027],[48.334155603000056,-19.539563851000025],[48.31404374100009,-19.537590253999895],[48.322242993000145,-19.57172047799986],[48.31504055800008,-19.595579334999968],[48.31737041900021,-19.651563491999923],[48.30317097100004,-19.688097030999813],[48.31605899600015,-19.717501586999845],[48.31719768800019,-19.755287457999884],[48.297235703000126,-19.795881372999816],[48.27341200100017,-19.81111712499984],[48.293310157,-19.810735500999954],[48.304174395000075,-19.828281537],[48.33125218700019,-19.821148257],[48.34038641299992,-19.84441025099983],[48.352371358000084,-19.842679920000023],[48.36540992800013,-19.826825320999944],[48.38019853000003,-19.83122998499988],[48.39135931400011,-19.7949367],[48.38398284600015,-19.781611971999894],[48.39970214800013,-19.767637336999883],[48.40781529200012,-19.717721722999954],[48.4302300010001,-19.710420002000035],[48.44246415500021,-19.720819594000034],[48.45182220700019,-19.71344108599999],[48.50310843200015,-19.722517968999966],[48.51714269600018,-19.73552344399991],[48.53398208300018,-19.718769167999938],[48.55240448100017,-19.71540079899995],[48.56406456200011,-19.688508387000013],[48.585421691000136,-19.685579490999885],[48.62243369000021,-19.662767503999873],[48.61737000000011,-19.643300002999922],[48.63228741200015,-19.628281967999897],[48.633704947000126,-19.596565175999842],[48.64402155100015,-19.59643764999987],[48.633467765000205,-19.574359635999826],[48.63574211600019,-19.548671868999918],[48.62360574700011,-19.54751714400004],[48.61968944200015,-19.529228574999934],[48.645249383000134,-19.5012389179999],[48.64959991500024,-19.483946676999892],[48.63749056300014,-19.475540500999898],[48.627998035000076,-19.42841858500003],[48.60070000000013,-19.40968000299989],[48.605838673000164,-19.38766743599996],[48.596816806,-19.39052460899984],[48.57202749300018,-19.378362089],[48.56999912600014,-19.360223787999985],[48.55164764800014,-19.33761765099996],[48.556528368000045,-19.328186877999826],[48.533209902000124,-19.311106973999983],[48.53166303500012,-19.300170491999893]]]}},{"type":"Feature","properties":{"shapeName":"Sainte Marie","shapeISO":"","shapeID":"10022922B25342620887316","shapeGroup":"MDG","shapeType":"ADM2"},"geometry":{"type":"MultiPolygon","coordinates":[[[[49.81348780600007,-17.11669479299991],[49.8092,-17.097580003999838],[49.79981708000014,-17.115832485999874],[49.81348780600007,-17.11669479299991]]],[[[50.012660993000225,-16.702873778999844],[49.991757131999975,-16.70895919100002],[49.97982887900008,-16.729497783999875],[49.966825398000026,-16.73616594500004],[49.97269648500003,-16.75558865799991],[49.96811906700003,-16.780685558999892],[49.952158697000186,-16.801148924999893],[49.92993912400016,-16.81301418599992],[49.91548511700017,-16.852270410000017],[49.900011923000136,-16.87314940499988],[49.882151446000194,-16.88058282399993],[49.85832280700009,-16.92523956699995],[49.85885567700012,-16.973754077999843],[49.848312700000065,-17.00354075399997],[49.83207334800005,-17.019100317999857],[49.821789230000036,-17.07477613999987],[49.81129528400004,-17.09348072399996],[49.81734239300005,-17.105320388],[49.9442677520002,-16.895767891999924],[49.97248707400024,-16.811339115999886],[50.02157494900001,-16.7163376499999],[50.012660993000225,-16.702873778999844]]]]}},{"type":"Feature","properties":{"shapeName":"Maroantsetra","shapeISO":"","shapeID":"10022922B79548799707119","shapeGroup":"MDG","shapeType":"ADM2"},"geometry":{"type":"MultiPolygon","coordinates":[[[[49.760057552000035,-15.509267748999832],[49.77508358800003,-15.493481681999924],[49.768493504000105,-15.47699047899988],[49.75787595300011,-15.483083043000022],[49.760057552000035,-15.509267748999832]]],[[[49.79098352200003,-15.050108872999886],[49.769410653999955,-15.054076029999862],[49.75697156399997,-15.070990557999892],[49.72614585000014,-15.079627578999975],[49.71456069800007,-15.091426041999966],[49.684883752000076,-15.08454350399984],[49.68791370200012,-15.057696646999943],[49.65979522700019,-15.037524471999859],[49.65937852700017,-15.011830020999923],[49.64855779200002,-14.988374611999973],[49.59741691500017,-14.963254350999932],[49.56730218600006,-14.90454565199991],[49.56206201500021,-14.906722517],[49.55731747300001,-14.892697386999942],[49.54567145699991,-14.893168725999942],[49.51209942800011,-14.847358774999918],[49.49676589800009,-14.844544790999976],[49.48162329099995,-14.80692007499988],[49.45873504600024,-14.857497568999918],[49.41960638400013,-14.873922032999985],[49.42125948700021,-14.891444282999828],[49.43250106200014,-14.90464326499989],[49.42973303100018,-14.91649578799985],[49.46129855900017,-14.917660306000016],[49.467257009000036,-14.933929707999937],[49.451857833000076,-14.992894859999979],[49.46515471400011,-15.020460003999972],[49.44873283600009,-15.056267309999896],[49.45009379300012,-15.0934313489999],[49.43828357600023,-15.094610140999919],[49.430971684999975,-15.107554736],[49.436120571999936,-15.110072178999815],[49.4271631270002,-15.114348851999921],[49.4221221840001,-15.097341131999826],[49.412827162000156,-15.100030888],[49.394489680000106,-15.079029577999961],[49.385882620000075,-15.082062517999816],[49.38785742400006,-15.07216728799989],[49.35659886200011,-15.077042806999884],[49.350374490000036,-15.116179957999975],[49.365091563000135,-15.13809034399992],[49.371061931000156,-15.182283219999817],[49.366696191000244,-15.239306875999887],[49.34407901500009,-15.25594176299984],[49.3383557410001,-15.245606344],[49.30725785900012,-15.242098228999907],[49.277654630000086,-15.287833934999924],[49.25995096400004,-15.282134089999943],[49.23212510600007,-15.29203033999994],[49.2126908410001,-15.283024864000026],[49.18202637600018,-15.296220023999865],[49.17352201800014,-15.317455924999933],[49.10958975199998,-15.339267210999822],[49.10386754600012,-15.350584989999959],[49.0821136190001,-15.338161069999956],[49.060376598,-15.351158691999899],[49.05156835099996,-15.345974954999974],[49.03669672300015,-15.360801507999895],[49.00051701300015,-15.355766552999853],[48.99921136500012,-15.37945386299998],[49.01562801400013,-15.394025220999936],[49.01184510100006,-15.418749272999946],[49.02873246799993,-15.453669081999976],[49.05129619400009,-15.462471178999976],[49.093572308000034,-15.448992308000015],[49.09915437600006,-15.462661241999967],[49.114548046000095,-15.467423069999882],[49.11758128400004,-15.451701477999904],[49.12850048800004,-15.454907343999935],[49.13025446800003,-15.47693488699997],[49.11491031300011,-15.47694446099996],[49.11045817200011,-15.493731337999975],[49.070943544000215,-15.52780444899986],[49.0762238480001,-15.554119886999842],[49.09130029900007,-15.573003729999982],[49.080151225000066,-15.585232843000028],[49.07307239300019,-15.677177349999852],[49.06390657300017,-15.679724324],[49.0446451520001,-15.759549145999983],[49.06225442000016,-15.78461326099989],[49.08773612000016,-15.790036664999832],[49.104123974000174,-15.858567742],[49.100239249000026,-15.888427416999946],[49.13246290500007,-15.927581229999817],[49.20629859500019,-15.926825142999974],[49.22787229299996,-15.897730599],[49.292953054000236,-15.892880088999846],[49.31423439900004,-15.875780519999978],[49.397224785,-15.882059725000033],[49.418351426000186,-15.872367889999964],[49.44294556700004,-15.877702853999892],[49.47067419800004,-15.853238140999906],[49.51894509100015,-15.85704080399995],[49.50179858000013,-15.868543664000015],[49.50258029199995,-15.892713127999968],[49.55388761900008,-15.891192685999954],[49.601563016000114,-15.915734013999952],[49.68437704500013,-15.913102403999915],[49.70093713300025,-15.896986198999855],[49.715388108000184,-15.894274166999821],[49.66139059300019,-15.72729689699986],[49.63680361900015,-15.693395855],[49.65008460499996,-15.668089808999866],[49.65088455799997,-15.629459329999861],[49.64040540700006,-15.603352208],[49.62446581299997,-15.601438908000034],[49.61707856300018,-15.551152296999874],[49.66084358000012,-15.48819099699989],[49.70295479700019,-15.450753272999975],[49.761015906000125,-15.44200679099987],[49.74448812000003,-15.45137638299991],[49.753661861000126,-15.454498172999934],[49.78707332500005,-15.438410065999904],[49.783175062000225,-15.429712943999903],[49.8461746870002,-15.440088410999863],[49.8587040540001,-15.414441091999834],[49.864529872999924,-15.415180341999985],[49.86116029599992,-15.422002721999945],[49.899164951000046,-15.435848659999976],[49.90250372300005,-15.44753453200002],[49.89108737100014,-15.466053607999925],[49.90354567899993,-15.497176754999941],[49.890258959000164,-15.560314432999917],[49.92673670000005,-15.604630596999982],[49.95361764200021,-15.618010305999974],[49.966143125000144,-15.612808290999908],[49.95698586100008,-15.621877119999908],[49.964488968000126,-15.633980653000037],[49.953055017999986,-15.670882681999956],[49.957520158000136,-15.737497274999896],[50.01956382200018,-15.787360494999916],[50.01246186500009,-15.831652799999972],[50.05106098300007,-15.830577053999946],[50.0681667720001,-15.815261156999952],[50.05453982499995,-15.7619515049999],[50.03848594500022,-15.745320844999924],[50.04241429300015,-15.736291862999906],[50.03193292200007,-15.71474322299997],[50.01241719800004,-15.699585009999964],[50.00547638500012,-15.70556529099997],[49.98603734500006,-15.700780142999918],[49.97962447600014,-15.688006913999914],[49.986576341000045,-15.680890303999831],[49.98300579100004,-15.666214739],[50.006265226000096,-15.63653662199988],[49.99620762300009,-15.625468441999885],[50.00161642400025,-15.617083923999814],[50.010908308999944,-15.620771537999929],[50.015563536000116,-15.603613761999952],[50.00606225200022,-15.58989568599992],[50.01954688400019,-15.544971822999912],[50.011447768000096,-15.530890491999855],[50.01854779000013,-15.483747161],[50.023094019000155,-15.473687688999973],[50.04468230900005,-15.473467129000028],[50.05125262200022,-15.464531339999894],[50.05314655600006,-15.392191841999932],[50.03149695800005,-15.376004825999814],[50.02724469100019,-15.359585223999886],[49.98492054400009,-15.34794014299996],[50.03166888800007,-15.293720288999907],[49.988901398000166,-15.244986018999839],[49.96192031000004,-15.24941507199992],[49.93645272700007,-15.280103404999977],[49.92307915500004,-15.270899875],[49.895435333000194,-15.2704745879999],[49.88339498499994,-15.245441440999855],[49.86543438400008,-15.233158065999874],[49.86427031499994,-15.211285497999881],[49.8375838230001,-15.203729048999946],[49.80878004800013,-15.164205708999873],[49.82238264699998,-15.119947924999906],[49.81564320499996,-15.09723731799994],[49.80085501500014,-15.090806669999893],[49.798999929000104,-15.056563472999983],[49.79098352200003,-15.050108872999886]]]]}},{"type":"Feature","properties":{"shapeName":"Mananara-Avaratra","shapeISO":"","shapeID":"10022922B77596397547877","shapeGroup":"MDG","shapeType":"ADM2"},"geometry":{"type":"Polygon","coordinates":[[[49.14150881899997,-15.93095298899982],[49.16753117900015,-15.967529385999967],[49.14488241300006,-15.97225359399988],[49.13893811500009,-15.985531407999815],[49.14235063600012,-16.0512235409999],[49.15667999900006,-16.060130003999916],[49.193577872000105,-16.05800677399992],[49.19748985700022,-16.068714539999917],[49.18171239700024,-16.072407155999827],[49.20253000000025,-16.085600004999833],[49.18674871500019,-16.100275078999914],[49.186778035000145,-16.116579053999942],[49.21697649400005,-16.135381104999908],[49.20376113900005,-16.218652221000013],[49.21762753000007,-16.266951805999895],[49.20318449000001,-16.292215630999976],[49.24618670300009,-16.338712705999853],[49.23638327100002,-16.35667077099987],[49.24146004500017,-16.354058238],[49.26481773400019,-16.377625189999833],[49.26427738899997,-16.38875107299998],[49.27461761700005,-16.389442755999823],[49.279812257000174,-16.411227902999883],[49.310404253999934,-16.43362192599983],[49.303421788000094,-16.454329168999948],[49.34902701900023,-16.469189753999842],[49.35362999900002,-16.48140000399991],[49.337799523000115,-16.501665676000016],[49.33997397800016,-16.511499448],[49.377965517000064,-16.501404225999863],[49.37780389100021,-16.517206176999935],[49.365449999000134,-16.534870004000027],[49.46574879000019,-16.542416693999883],[49.47842786399997,-16.550549153999953],[49.484534983000174,-16.539113282999836],[49.49695626600004,-16.548280788999875],[49.49675271100017,-16.558413425999902],[49.50708000100002,-16.555900003999852],[49.517636853000056,-16.57003499099983],[49.5597874070001,-16.574322795999876],[49.592151663000095,-16.593127281000022],[49.6291749450001,-16.586859310000023],[49.6489137910001,-16.597850303999905],[49.66222558099997,-16.593199624999954],[49.67076123100014,-16.60970991499994],[49.7078743350001,-16.60691935899996],[49.71564721300018,-16.615410589999897],[49.738581582,-16.601923909999982],[49.74988866500024,-16.619736936999914],[49.764135827000075,-16.609749327999907],[49.80015610100003,-16.616729281999937],[49.83607843300007,-16.568817180999872],[49.843304024000076,-16.519389888999854],[49.83748950100011,-16.503151134999882],[49.86029645500014,-16.45409495499996],[49.856719069000064,-16.42627474999989],[49.835519251000164,-16.433620525999913],[49.831515447000186,-16.42881234099997],[49.82925544900024,-16.379973801999824],[49.813123693999955,-16.346566702999894],[49.82767506800013,-16.297185754999816],[49.841863929000226,-16.275800239999967],[49.84257973500013,-16.247457119999922],[49.85510208300025,-16.238494477999893],[49.86157262800015,-16.200952986],[49.842845822000186,-16.195836531999873],[49.82740776499992,-16.17316405499986],[49.80811124900009,-16.16605705699999],[49.80772109500015,-16.15407050999994],[49.76151945899994,-16.164042624999922],[49.72415015899992,-16.144285672999843],[49.70652980700004,-16.12363473499994],[49.69615267200004,-16.073398742999984],[49.68358312200007,-16.065135070999872],[49.67586593100009,-16.041537791999815],[49.69125655900024,-15.978262421999943],[49.73147460700005,-15.902367694999896],[49.70971125200015,-15.894098420999853],[49.68437704500013,-15.913102403999915],[49.58776359800021,-15.913178084999856],[49.55388761900008,-15.891192685999954],[49.501011905000155,-15.892142707999938],[49.50149738100015,-15.870204209],[49.51962581699996,-15.860859565],[49.51118800200004,-15.850416326999834],[49.47067419800004,-15.853238140999906],[49.44154382000016,-15.87748324],[49.42297434500017,-15.871625997999956],[49.39943491399998,-15.882356422999976],[49.31131087000017,-15.875545772999828],[49.28381428400007,-15.897585024999842],[49.23050857600009,-15.895960220999882],[49.20827999900018,-15.926630005],[49.14150881899997,-15.93095298899982]]]}},{"type":"Feature","properties":{"shapeName":"Fenerive Est","shapeISO":"","shapeID":"10022922B92224420422748","shapeGroup":"MDG","shapeType":"ADM2"},"geometry":{"type":"Polygon","coordinates":[[[49.47442445500013,-17.58147152099997],[49.483620508000115,-17.536621368999874],[49.469814936000034,-17.533750917999953],[49.466373262,-17.52320823199983],[49.475201347999985,-17.48044304900003],[49.4568129810001,-17.471253386999877],[49.44674825200019,-17.446027679999816],[49.45247037500013,-17.41375829699996],[49.41653773000024,-17.380621769999948],[49.410367320000034,-17.359686797999814],[49.440944855000055,-17.254329372999905],[49.51927420600009,-17.09250065999987],[49.52140394300022,-17.08178314299994],[49.50482079200009,-17.081568185999913],[49.49563073800016,-17.06630805200001],[49.49867472199992,-17.05115030199994],[49.45337105999994,-17.03354958299991],[49.42715353199998,-17.034998997999935],[49.42538292800003,-16.99770541099997],[49.36967346600011,-16.9612597229999],[49.33433733700019,-16.972181904999957],[49.324670820000165,-16.967878280999855],[49.27966378500014,-16.985154174999934],[49.27340553600004,-16.9680279989999],[49.23851655700014,-16.94380478899984],[49.23044918300002,-16.924959163999915],[49.215402087000086,-16.926693351999972],[49.20304122900018,-16.917024893999894],[49.15981232600018,-16.91519217799987],[49.13561509400023,-16.925741125999878],[49.0315938920001,-16.88014713799987],[49.002778559000035,-16.90643337],[48.976882016000104,-16.908977231],[48.95971593500002,-16.933876102999818],[48.94647504400024,-16.91727973299993],[48.92532837100015,-16.919615305999912],[48.91269335800001,-16.902352116999907],[48.90242337000012,-16.908929782999962],[48.88355849800013,-16.892489549999937],[48.8562906300001,-16.889699840999867],[48.83794799100025,-16.897337988],[48.83012959500013,-16.91959079799983],[48.83853493600003,-16.925375876000032],[48.837091565000094,-16.94774823299997],[48.82425190200007,-16.97670064800002],[48.82458660700013,-16.995353664999982],[48.788105010000095,-17.034917312999937],[48.79286351200017,-17.044675358999882],[48.783185525000135,-17.06847435499992],[48.796198762000074,-17.06887606699985],[48.813434663000066,-17.05672656599984],[48.82668303200012,-17.072898732999988],[48.87002271400013,-17.062425821999852],[48.87228,-17.113350003999926],[48.90334811200006,-17.124943731999963],[48.90144746400017,-17.163217862999886],[48.91167847000008,-17.17536790699984],[48.920614062000084,-17.169887788999915],[48.929481653000096,-17.176238817999888],[48.91687488200017,-17.192583002999868],[48.92537980500015,-17.199554771999942],[48.946774435000236,-17.199984847],[48.96728398200014,-17.18154181099999],[48.984204435000095,-17.179012145999934],[48.988481608000086,-17.182427706999817],[48.97196853300005,-17.200712343999953],[48.97950673100007,-17.220390525999846],[48.99714495600011,-17.20909788800003],[49.05054860700017,-17.20228130899983],[49.06242776300019,-17.211999517999857],[49.05901776299993,-17.24674319999997],[49.096280957999966,-17.233040198999845],[49.10231999900003,-17.25392000399995],[49.12636927300019,-17.281669071999886],[49.123856808000085,-17.310310156000014],[49.17244217400014,-17.30330643799988],[49.18640720200011,-17.31119200299986],[49.17370000000011,-17.344670003999966],[49.19000534700018,-17.359272678999844],[49.17829358499995,-17.38160422999988],[49.19127213400009,-17.391273969999986],[49.207510989000184,-17.39110487699992],[49.24460320300017,-17.408873371999903],[49.24572239100024,-17.39792794799996],[49.27512000000013,-17.364920003999828],[49.291170000000136,-17.386230003999913],[49.306012943000155,-17.378296578999937],[49.32850373899993,-17.390777045],[49.32988,-17.401780003999818],[49.30735987000014,-17.405644956999936],[49.31377926800013,-17.425643230999924],[49.30061910600017,-17.426413606999915],[49.298619034999945,-17.437173473999962],[49.320273176000114,-17.44958432200002],[49.29728333300011,-17.49103333699992],[49.28766726600003,-17.54741156799986],[49.318585841000186,-17.568323119000013],[49.32911771200003,-17.561021965999885],[49.34605849600018,-17.57867709899989],[49.36606656400011,-17.57288698899987],[49.36887062100021,-17.587335544999974],[49.390135535000184,-17.586133427999982],[49.416030294000166,-17.620268409],[49.42908504000013,-17.59987135299997],[49.44750250700014,-17.59626895399998],[49.453955327000074,-17.581468499999914],[49.47442445500013,-17.58147152099997]]]}},{"type":"Feature","properties":{"shapeName":"Vavatenina","shapeISO":"","shapeID":"10022922B54073545298219","shapeGroup":"MDG","shapeType":"ADM2"},"geometry":{"type":"Polygon","coordinates":[[[49.28774128500021,-17.54816860799997],[49.296221062000086,-17.494667381999932],[49.32269401700012,-17.444481721999978],[49.2997701000001,-17.440618634999907],[49.30085,-17.424470003999943],[49.31204386400009,-17.42828851099995],[49.31461401300021,-17.418019535999917],[49.30720128000013,-17.409390729999814],[49.330252250000115,-17.39355901799985],[49.30332389900025,-17.376681506999887],[49.288978978000216,-17.38364979499994],[49.2763,-17.3657700039999],[49.2411510510002,-17.410076411999967],[49.208458246000134,-17.391519863999974],[49.19219120600013,-17.39154149299992],[49.17829358499995,-17.38160422999988],[49.19000534700018,-17.359272678999844],[49.17370000000011,-17.344670003999966],[49.186685460000035,-17.31168064999997],[49.17298957799994,-17.303132725999887],[49.12358856800006,-17.31200066199989],[49.12636927300019,-17.281669071999886],[49.10068181200012,-17.251270799999872],[49.10007844900002,-17.233559394999816],[49.05996065800008,-17.24800449999998],[49.06270902099999,-17.21244260100002],[49.03625199300012,-17.20157638199987],[48.97849790800018,-17.220236068999952],[48.972427260000075,-17.20009207199996],[48.98822753000019,-17.181249918],[48.97135114500014,-17.18115076299995],[48.95123103600008,-17.198720071999958],[48.92928971800012,-17.20098571399984],[48.91956898900003,-17.190500691999887],[48.926573080000026,-17.172138575999895],[48.91167847000008,-17.17536790699984],[48.90495600700012,-17.166930490000027],[48.89837365600005,-17.189218853999876],[48.90849386800022,-17.27564833999992],[48.88295000000022,-17.31067000400003],[48.87817592900018,-17.295820692],[48.888050000000135,-17.274630003000027],[48.85473000000013,-17.26247000399985],[48.82189999900004,-17.298950003999835],[48.820650000000114,-17.325900003999834],[48.83817,-17.359120002999816],[48.835250372000246,-17.41450754899995],[48.82615604000006,-17.433500431999903],[48.804333557,-17.42162121899986],[48.795801147000134,-17.436123874999964],[48.80602688100015,-17.456565784999896],[48.820511969000165,-17.459385756999893],[48.83189576700005,-17.47275997700001],[48.80747403200007,-17.47710897499985],[48.79940969300014,-17.489394927999967],[48.78531377200011,-17.492844752999872],[48.80421627100009,-17.51928244899983],[48.80552518300004,-17.54353241299998],[48.785209468000176,-17.553031346999887],[48.759510139000156,-17.545974588999968],[48.73178877800024,-17.586392761999946],[48.73789314700019,-17.6010265299999],[48.6903917410001,-17.614880945999914],[48.681319348000045,-17.638004866999893],[48.69293631499994,-17.64138347599993],[48.69737342600018,-17.657654123999862],[48.72869932400005,-17.669969995999963],[48.752476155000124,-17.666645986999924],[48.77678337400022,-17.65105777899987],[48.82833012400016,-17.65534150799982],[48.82016704900019,-17.694535591999852],[48.83917999500022,-17.69406792799998],[48.84813190600005,-17.701551665999943],[48.83076184800012,-17.747193577999838],[48.82216390600013,-17.752796659999888],[48.84795711900006,-17.769581853999966],[48.87023596600022,-17.76668179799998],[48.873216298000045,-17.751025393999896],[48.90430874800012,-17.76626439899991],[48.90264638600007,-17.776265693999903],[48.918734016000144,-17.776477103],[48.959352251000155,-17.75952162899989],[48.96982716000008,-17.745186203999822],[48.996505469000056,-17.73828896299989],[49.01411240400017,-17.747346705999973],[49.062584464999986,-17.72174863600003],[49.08125150400008,-17.747853652999822],[49.10003724600011,-17.743942877],[49.105529571000034,-17.73483007799996],[49.119318706000115,-17.74234569099991],[49.1159512120002,-17.763130808999904],[49.13099727500014,-17.755939452999883],[49.145796540000106,-17.76672900799997],[49.15657597400008,-17.747193439],[49.166059521999955,-17.752398658],[49.17228821700013,-17.739719078999826],[49.20886530800004,-17.730118116999904],[49.20207744400011,-17.715035855999986],[49.2050829800001,-17.688052203999973],[49.223315299000035,-17.694329568999933],[49.23315842800014,-17.689555974999962],[49.245889984000144,-17.70819861799987],[49.25446480700009,-17.6853257919999],[49.26980694100007,-17.68583231199989],[49.260800513000106,-17.656373812999902],[49.272475398000154,-17.613337321000017],[49.260575594000045,-17.58636752199999],[49.28774128500021,-17.54816860799997]]]}},{"type":"Feature","properties":{"shapeName":"Soanierana Ivongo","shapeISO":"","shapeID":"10022922B56427545477040","shapeGroup":"MDG","shapeType":"ADM2"},"geometry":{"type":"Polygon","coordinates":[[[49.21241527900003,-16.256343892999894],[49.17858241200014,-16.288392519999945],[49.18729462300007,-16.300198886999908],[49.18804905100012,-16.33158600799993],[49.1775370790001,-16.329216755999937],[49.14771448300007,-16.34538952799994],[49.13832734200008,-16.396834764999937],[49.14869915500003,-16.40684188299997],[49.14935064000019,-16.42062450499992],[49.12358,-16.440180003999956],[49.11668136100013,-16.467037704999882],[49.05586116800015,-16.490736116999926],[49.01721502700008,-16.52504415599998],[49.01744483900012,-16.575180911999894],[48.986821311000085,-16.58405119999992],[48.95998990600003,-16.606484005999903],[48.95570093200013,-16.626652298999943],[48.967826067000146,-16.6493855089999],[48.990825692000044,-16.666513508999913],[48.96735264200015,-16.665240759999847],[48.88528235100017,-16.71880566099992],[48.877705989,-16.73068376799995],[48.873055314000055,-16.78434754299991],[48.855456866000225,-16.794993120000015],[48.81523151500005,-16.87831943899988],[48.82934945500023,-16.875765541999954],[48.8227642920001,-16.88992930799992],[48.83097650400009,-16.895275367999943],[48.88224263500001,-16.890871774999937],[48.90005631300011,-16.909374761999914],[48.90975314399992,-16.902840320999985],[48.92744943099996,-16.920089808],[48.943513179000036,-16.917515067999943],[48.95628291700001,-16.93325495899984],[48.96712182700014,-16.93310179499997],[48.97776216100016,-16.909327748999942],[48.99939645400008,-16.908581659999925],[49.03317329100014,-16.879602307999903],[49.13849439400008,-16.926491929999827],[49.15792234200012,-16.91587424799991],[49.199816467000176,-16.91500368899989],[49.21150397800005,-16.92590653699989],[49.227995263000025,-16.923990235999952],[49.284403331999954,-16.98720136299994],[49.32400614300013,-16.968698659999973],[49.33433733700019,-16.972181904999957],[49.36967346600011,-16.9612597229999],[49.425043323000125,-16.994191076999982],[49.42518201300004,-17.031380444000035],[49.49649544200008,-17.050810876999833],[49.49522307800015,-17.06622155999986],[49.5139,-17.083670004],[49.523907211,-17.074527597999918],[49.531524479999916,-17.036448521999887],[49.57547082500014,-16.966172099999824],[49.59761989100008,-16.905101897999884],[49.66880048500008,-16.874864220999825],[49.84025959400009,-16.84077630099995],[49.78863590600014,-16.832635595],[49.753882553000096,-16.802737993999926],[49.72441028600025,-16.752769683999816],[49.71988986900004,-16.716218670999922],[49.72606034900008,-16.69886594099995],[49.74012096400003,-16.691005094999866],[49.75477294800015,-16.695673368999962],[49.74615366100011,-16.70172501799982],[49.76611303400017,-16.695681721000028],[49.7633032010001,-16.684636303999866],[49.797863227999926,-16.63657984399987],[49.799913565000054,-16.620795398999917],[49.76047188100017,-16.60950078299993],[49.74709199900013,-16.61891305499995],[49.742373860999976,-16.602287127999944],[49.71836800600016,-16.614190790999942],[49.6742149920002,-16.608282708999866],[49.663847795000095,-16.5929914539999],[49.64975065500005,-16.59844724399983],[49.633103483999946,-16.58719451099995],[49.59021642100021,-16.592453859999978],[49.58510575100013,-16.58237987999985],[49.575065741000174,-16.586725721999983],[49.557805360000145,-16.57352182299985],[49.520946996000134,-16.572791689999917],[49.48355581300018,-16.53913895599993],[49.47735474300009,-16.55108221799992],[49.47028916400018,-16.543580430999896],[49.365449999000134,-16.534870004000027],[49.37792438600013,-16.517851732999873],[49.37889553400021,-16.501880667999842],[49.33997397800016,-16.511499448],[49.337799523000115,-16.501665676000016],[49.35223317200018,-16.487600080999982],[49.34969643000011,-16.469834420999973],[49.30659901700017,-16.45536070099996],[49.311363418999974,-16.436019357999953],[49.28899598400017,-16.422078020999948],[49.28947897400019,-16.411210635999964],[49.27916620700017,-16.410352196999895],[49.275087171000166,-16.391857283000036],[49.26471074400024,-16.38941621999993],[49.26481773400019,-16.377625189999833],[49.247980317000156,-16.367165319999913],[49.25226337700019,-16.36331492599993],[49.235295740000026,-16.357852412999932],[49.249290067000175,-16.33995867499982],[49.2071967330001,-16.30119468499987],[49.20160008600004,-16.28662854899983],[49.21728006500001,-16.27181326699997],[49.21241527900003,-16.256343892999894]]]}},{"type":"Feature","properties":{"shapeName":"Amparafaravola","shapeISO":"","shapeID":"10022922B80147144228565","shapeGroup":"MDG","shapeType":"ADM2"},"geometry":{"type":"Polygon","coordinates":[[[48.786035796000135,-17.07120398500001],[48.794051856000124,-17.08496382499993],[48.78932902000014,-17.09945159399996],[48.796893202000206,-17.145430486999942],[48.74835735400012,-17.144174266999926],[48.73196287400003,-17.169781028999978],[48.73882869600004,-17.18575359599987],[48.7240949400001,-17.181658311000035],[48.711324061000084,-17.198133781999957],[48.694803467999975,-17.172245435999855],[48.66761269700004,-17.177391925999814],[48.65782305500011,-17.202289896000025],[48.635161886000105,-17.206487095999933],[48.61675149300015,-17.184766130999947],[48.57807730600007,-17.193914182999947],[48.562515340000175,-17.23001422899995],[48.55078678200016,-17.233114613999874],[48.52095,-17.230030004000014],[48.481140453000194,-17.197296242999926],[48.44511136900019,-17.19636962699991],[48.40944761600019,-17.184567681999965],[48.41057150600005,-17.156797030999826],[48.40013542900016,-17.139766497999915],[48.35394513400013,-17.137057809999874],[48.32027116000012,-17.096939323999948],[48.3072454820001,-17.062767881999832],[48.27965288000024,-17.047172881999927],[48.28673575600004,-17.024410687999875],[48.276568183000165,-17.002304631999834],[48.236544141000024,-17.0406717379999],[48.23262133100019,-17.05435182299982],[48.184027154000205,-17.06174515799995],[48.17642320900012,-17.09013021200002],[48.17602179300013,-17.152800692999847],[48.188170695999986,-17.159446942999978],[48.195307945000195,-17.18678778899988],[48.172228408999956,-17.231337282999903],[48.1497111270001,-17.23144734799996],[48.140303195000115,-17.2588659889999],[48.14782559800017,-17.278933947999974],[48.14663411300006,-17.32373407799986],[48.130340347000185,-17.33829377899997],[48.10893789100015,-17.33172688399992],[48.10415090000015,-17.33765104999992],[48.096957462000034,-17.36339148599984],[48.10795630200005,-17.383444769999926],[48.09863683699996,-17.413499687999888],[48.07428183100012,-17.422729587999925],[48.06956655800013,-17.40842974799989],[48.04657535200016,-17.408384683999884],[48.03064895600011,-17.39384694299997],[48.020306443000095,-17.39458979699998],[47.99261016899999,-17.44757529799989],[47.98242589000017,-17.45090143099992],[47.97189969700008,-17.44130308699988],[47.93748650500004,-17.470736125999963],[47.923731829000076,-17.461391984999977],[47.92170844100019,-17.466476563999947],[47.91810421300022,-17.482440450000013],[47.9324423650001,-17.528624722999837],[47.942694686000095,-17.53201594199993],[47.95880470500015,-17.560735637999983],[47.97958992000014,-17.55533197699998],[47.975120000000175,-17.586830003999864],[48.01053170600022,-17.62138204300004],[48.007292616000086,-17.632155445999956],[48.024007860999916,-17.644634826000015],[48.051861610000174,-17.64962693399997],[48.041062376000184,-17.677143018999914],[48.00697221200022,-17.68224297899991],[47.98927761400006,-17.69517978599987],[47.987436837000075,-17.71296618499997],[48.00019081500017,-17.723007442999915],[47.99192577799994,-17.73103400099984],[47.97872845500018,-17.729741245000014],[47.97546022000006,-17.75150329600001],[47.95246903800006,-17.783056502000022],[47.959880759000214,-17.81233603899983],[47.94475853000017,-17.862187182000014],[47.9793070770001,-17.87632894099994],[48.02731449100014,-17.858829702999856],[48.05629691600018,-17.860212844999978],[48.091749491000144,-17.876673192],[48.104525371000136,-17.919038507999858],[48.132640128000105,-17.91755569599991],[48.1391202050001,-17.910263569999813],[48.14725,-17.917220003999944],[48.16048080000007,-17.90679861399991],[48.16058253300025,-17.874217919999978],[48.17502516600018,-17.841640025],[48.18986035100011,-17.83353699299994],[48.189820120000036,-17.812668557],[48.29536795100012,-17.77649697299995],[48.30380290900007,-17.751999504999844],[48.35487114500006,-17.739553381999883],[48.40353597400008,-17.69387697899998],[48.46573875000013,-17.65864782099993],[48.45801578000004,-17.627562450999903],[48.49120561800015,-17.603223373999924],[48.47912731300005,-17.569309653999824],[48.48048799100019,-17.522024179999846],[48.540476361000174,-17.45759218],[48.57104810800007,-17.393278734000035],[48.603565714000126,-17.395201775999908],[48.622980229,-17.404625144999955],[48.68739595800014,-17.391388011],[48.69723379400017,-17.401733192999927],[48.72990737100008,-17.40729261799993],[48.735362631000044,-17.39837995599987],[48.75068402500017,-17.40376602399982],[48.776586529000156,-17.37430432099984],[48.79009488600008,-17.369368162],[48.79823869800015,-17.38804196399991],[48.80824800700009,-17.378655299999878],[48.835217906000025,-17.378348447999883],[48.83806419000018,-17.359426533999965],[48.820650000000114,-17.325900003999834],[48.82189999900004,-17.298950003999835],[48.85473000000013,-17.26247000399985],[48.884559518000174,-17.274114728999848],[48.87817592900018,-17.295820692],[48.88295000000022,-17.31067000400003],[48.91044717199998,-17.268729264999934],[48.89837365600005,-17.189218853999876],[48.90334811200006,-17.124943731999963],[48.87228,-17.113350003999926],[48.8675800000002,-17.061550002999866],[48.829146638000054,-17.071276597999884],[48.810345079999934,-17.057957612999815],[48.786035796000135,-17.07120398500001]]]}},{"type":"Feature","properties":{"shapeName":"Ambatondrazaka","shapeISO":"","shapeID":"10022922B15285270155057","shapeGroup":"MDG","shapeType":"ADM2"},"geometry":{"type":"Polygon","coordinates":[[[48.01470421700003,-18.291029500999855],[48.05297816800004,-18.290547663999973],[48.090943175000234,-18.305043333999947],[48.12061869500013,-18.30431865399993],[48.13487719900019,-18.28880313199994],[48.15295775800007,-18.24522916299992],[48.15849999900007,-18.19935000399994],[48.166299126000126,-18.190296137999894],[48.160889559000054,-18.174630263999916],[48.17009746300005,-18.159310214000016],[48.207951582000135,-18.15170733999986],[48.22001107600016,-18.12632334899996],[48.277312203000065,-18.118930613999964],[48.29182038200014,-18.10071029699992],[48.312150982000105,-18.107831171999976],[48.3237132970001,-18.13642019799994],[48.32812669900005,-18.20899660399988],[48.312137438000036,-18.217887457999836],[48.32209025300011,-18.24773806599984],[48.31280333100017,-18.292281825999908],[48.330597164000096,-18.35272016],[48.3356040860001,-18.323467674999904],[48.343034647000195,-18.318790790999913],[48.36756938900021,-18.34012507899996],[48.406519999000125,-18.33337000399996],[48.47374131600003,-18.36119994099994],[48.48009259900016,-18.35294277600002],[48.49102793999998,-18.362703949999855],[48.50048131600005,-18.325274428999933],[48.51645050899998,-18.310742112999833],[48.53630287200008,-18.306308140999874],[48.541644125000175,-18.27433975199989],[48.55738543100017,-18.262348315999986],[48.550234167000156,-18.243462335999823],[48.555885029000194,-18.23556075800002],[48.57025007100003,-18.249164783999845],[48.5889191440001,-18.238912637999988],[48.593019620000064,-18.248025413999983],[48.61776073600009,-18.258320777],[48.66273320500011,-18.234938528999862],[48.67577765700008,-18.246727075999956],[48.70573962100008,-18.235303025999826],[48.72241328600023,-18.244265143],[48.736145917000044,-18.21202694999988],[48.789768899000194,-18.196329937999906],[48.78088357399997,-18.16925199399998],[48.78975918700013,-18.13863165499987],[48.77414044400018,-18.112043866000022],[48.77858265400005,-18.09652981099987],[48.765103910000164,-18.053116049999858],[48.74217050500005,-18.053271132999896],[48.72637899100016,-18.07463777599986],[48.70397142600024,-18.06139481499997],[48.68291070000009,-18.06674358399988],[48.66990618800003,-18.058140956999864],[48.67945106000019,-18.052476113999944],[48.67743476600015,-18.03650502999983],[48.69794020900008,-17.984078331999967],[48.65963614100019,-17.949293361],[48.67192298200007,-17.93550153199999],[48.658597481000015,-17.89411349],[48.68825747000017,-17.88644300299984],[48.70056462000008,-17.91452789999994],[48.71533007700009,-17.92415953299991],[48.72564488700016,-17.91121387999982],[48.72399485500006,-17.900443977999828],[48.73720330000003,-17.903836939999906],[48.74296151200025,-17.88782694499986],[48.76578609100005,-17.869987226999854],[48.79320652599995,-17.89678589699986],[48.80437666700004,-17.874196975999837],[48.83785112200013,-17.87781222099983],[48.81680535500004,-17.805274018000034],[48.84869589600021,-17.775982452999926],[48.84523152900016,-17.7662673559999],[48.82216390600013,-17.752796659999888],[48.83076184800012,-17.747193577999838],[48.84813190600005,-17.701551665999943],[48.84141829900011,-17.69356267],[48.82063419500014,-17.69692119599989],[48.82848939100012,-17.65802971399995],[48.77978222900009,-17.65156057999991],[48.730571824000094,-17.67012777899987],[48.69838322600009,-17.65865897699996],[48.69352125700004,-17.6433497189999],[48.6836847900002,-17.639335808999874],[48.68899753199992,-17.617505477],[48.739352048,-17.598081438999827],[48.73177730400016,-17.590457068999967],[48.73830596100004,-17.569345239999848],[48.76161551800021,-17.544934538],[48.78714160200013,-17.553068833999873],[48.80410539300016,-17.54456493499987],[48.806805586,-17.526842725999927],[48.78602993200019,-17.490386048],[48.83001176200003,-17.47636805299993],[48.817986483000084,-17.456725667],[48.80350928300004,-17.45450308200003],[48.795754903000045,-17.43737953699997],[48.804333557,-17.42162121899986],[48.82492624900016,-17.43471013899989],[48.83441287200003,-17.417147127999954],[48.833204600000045,-17.378494767],[48.81113069200012,-17.378050439999924],[48.79823869800015,-17.38804196399991],[48.791713926000114,-17.36940934300003],[48.77726517000008,-17.37381841799987],[48.75174010200004,-17.403574779999815],[48.73678033100015,-17.3972284109999],[48.72592547300013,-17.407426965999946],[48.695704392000096,-17.400792534999823],[48.692173591000085,-17.391448788999867],[48.636589588000106,-17.403670792999947],[48.57241321100014,-17.389497054999936],[48.540476361000174,-17.45759218],[48.48048799100019,-17.522024179999846],[48.47912731300005,-17.569309653999824],[48.49134838899994,-17.602487207999957],[48.486573561000114,-17.612251960999913],[48.46535064700004,-17.616340521999973],[48.45843184400019,-17.625565392999874],[48.46356139200009,-17.661148729999923],[48.44081999900004,-17.667830002999835],[48.40353597400008,-17.69387697899998],[48.356316628999934,-17.73934497399995],[48.30380290900007,-17.751999504999844],[48.293669438000165,-17.777992419999862],[48.189820120000036,-17.812668557],[48.191464039000095,-17.83197373999991],[48.17182199500007,-17.846836192999888],[48.16098709400006,-17.872426524],[48.16048080000007,-17.90679861399991],[48.14725,-17.917220003999944],[48.13384993600022,-17.909426801999928],[48.13057899100022,-17.918798244999948],[48.10370777300017,-17.917799372999923],[48.089972352000075,-17.875113902999942],[48.05309591300011,-17.859879068999817],[48.02731449100014,-17.858829702999856],[47.98250675100019,-17.87648376099986],[47.93975420800018,-17.85963439400001],[47.93901765000015,-17.8791859129999],[47.90452881100015,-17.89446908299982],[47.899334711999984,-17.904829069999835],[47.91357433700023,-17.924756038999874],[47.957299998999986,-17.930600003999984],[47.96489242200016,-17.958181208999974],[47.960506280000175,-17.98876063199998],[47.99666050800022,-18.012197787999924],[47.98958770300004,-18.030526572999975],[47.99274945499997,-18.05019416499988],[48.00371337300015,-18.05069395700002],[48.00218069299996,-18.09890605799984],[47.98953960000006,-18.11986237499997],[47.988276923000114,-18.141387886000018],[47.990317561999916,-18.164567259999956],[48.006824070999926,-18.17929939199996],[48.002337146999935,-18.27732555800003],[48.01844560400025,-18.28165564599982],[48.01470421700003,-18.291029500999855]]]}},{"type":"Feature","properties":{"shapeName":"Moramanga","shapeISO":"","shapeID":"10022922B82658288648411","shapeGroup":"MDG","shapeType":"ADM2"},"geometry":{"type":"Polygon","coordinates":[[[47.93386999900014,-19.176100002999988],[47.93197897100015,-19.212386650999974],[47.954024336000145,-19.22028140299983],[47.95572985800004,-19.230139208999958],[47.93917541600007,-19.300962101999914],[48.03880886200005,-19.268279952999933],[48.09512999300006,-19.259025990999874],[48.09913729500016,-19.243614966999814],[48.11207257100017,-19.227597189999926],[48.1231054230002,-19.225559824999948],[48.12800492500003,-19.210101771999916],[48.144195860000195,-19.21471354899984],[48.15552308899993,-19.195877585999938],[48.17217838,-19.197075359],[48.19491931900018,-19.22190507299996],[48.215261284000064,-19.216233537999926],[48.231414213000164,-19.19627615099995],[48.26306378899994,-19.191287653999836],[48.295548983000174,-19.22061041799998],[48.303168297000184,-19.240270591999945],[48.33183059200019,-19.255759046999913],[48.34295626300013,-19.315616980999835],[48.379512623999915,-19.30404020999987],[48.389491860000135,-19.324094395999964],[48.404871384000046,-19.32361096399984],[48.42413212799994,-19.341519819999974],[48.439773311000124,-19.335972863999928],[48.45504230300014,-19.357576454999958],[48.46881455600004,-19.341174984999952],[48.48717380100004,-19.34899046800001],[48.49564603500011,-19.332417198999906],[48.5115899230002,-19.327452831000016],[48.51509978800004,-19.28588557400002],[48.53013922800011,-19.297670745999824],[48.558386479000035,-19.29285765199984],[48.59103095400019,-19.246553198999834],[48.596269239000094,-19.21908942499988],[48.556101111000146,-19.13180358199986],[48.5885404010001,-19.141458198999942],[48.59797719300019,-19.15686893999998],[48.6251570820001,-19.15285811999985],[48.65859737199992,-19.173444360999895],[48.67124720900006,-19.171399516],[48.68445167900012,-19.157150038999873],[48.70333000000011,-19.166280003],[48.71417168500017,-19.146138053999834],[48.71041087300023,-19.127465679999943],[48.69322304199994,-19.115716737999946],[48.68763749000021,-19.074026394999976],[48.64603591000014,-19.0508175249999],[48.65113552800017,-19.009169026999928],[48.66100045800016,-18.999223481999934],[48.651908760000026,-18.980177593999883],[48.64072150800024,-18.974496194999915],[48.64010957600004,-18.94278784299985],[48.62373000000014,-18.9309300029999],[48.61967322600003,-18.88418342099982],[48.62598555000011,-18.877158108999936],[48.61818197100001,-18.835791522999955],[48.54477798500011,-18.798244681999904],[48.55233246100005,-18.759209247999934],[48.54255476300017,-18.73246826699983],[48.50783618800017,-18.712833393999972],[48.523645332000115,-18.70531683599995],[48.53144380700013,-18.68350826099993],[48.52703745300005,-18.667292513999826],[48.51674537800017,-18.66326708899993],[48.50960953800018,-18.67060852199984],[48.49858516600017,-18.658565162],[48.486073266,-18.614774017999935],[48.52509579500014,-18.56515758899991],[48.518280646000164,-18.55863721099996],[48.50372245799997,-18.562857031999897],[48.5159536650001,-18.533147722999956],[48.499267463999956,-18.520873879999954],[48.5000990150001,-18.505248155],[48.48978544100015,-18.489411068999857],[48.48444829400006,-18.426174097999876],[48.472548467000195,-18.41612556599989],[48.46985610700017,-18.39476723099989],[48.475481213000194,-18.362317863999976],[48.406519999000125,-18.33337000399996],[48.370363213000076,-18.338514565999844],[48.343034647000195,-18.318790790999913],[48.33334550000012,-18.351446072999977],[48.32487443700006,-18.348790425999823],[48.313566611000056,-18.286232246999873],[48.32376380800008,-18.249352299999828],[48.311689920000106,-18.22299930899993],[48.314432943000156,-18.213410872999816],[48.32814033900013,-18.20915292099994],[48.32574529800007,-18.138846059999935],[48.31370668700009,-18.107935885999837],[48.29888909700014,-18.10090925399993],[48.28572400900009,-18.103193217000012],[48.27791605700014,-18.119116926999936],[48.21508206300007,-18.127448006999828],[48.210747928000046,-18.150410884999985],[48.16883228700016,-18.161912580999854],[48.16064466100005,-18.175989659000038],[48.16631415600011,-18.19183142799983],[48.156920076000176,-18.205159291999905],[48.14951716500025,-18.255138360999922],[48.1192431340001,-18.30549660499986],[48.090943175000234,-18.305043333999947],[48.05297816800004,-18.290547663999973],[48.01447738700011,-18.293490705999943],[48.01970595000006,-18.335907645999896],[48.0349910270001,-18.35470883799985],[48.03700365100019,-18.38265879799991],[48.02397668900022,-18.395373449999965],[48.006612185000165,-18.462073913999916],[47.995860980000145,-18.466020770999876],[47.99528605100005,-18.490586975999918],[47.983868386000154,-18.50046759099996],[47.993676027000106,-18.528303577999964],[47.98147234100003,-18.591627737999886],[47.96970850500014,-18.60951514100003],[47.97103640300003,-18.62770272899985],[47.946511598000086,-18.627408345999925],[47.93331312999993,-18.656061454999872],[47.94354884899997,-18.697992234000026],[47.92707069800019,-18.766789502],[47.93158682500001,-18.82897022399999],[47.94567404300017,-18.844893502999867],[47.943057503000205,-18.91915704099995],[47.93624309299997,-18.933652983999878],[47.93630050400003,-18.968859559999828],[47.94326112200008,-18.977789273999974],[47.92527492900001,-19.015951803999826],[47.926124590000086,-19.04419642099998],[47.89430457200018,-19.101962774999947],[47.896451717000105,-19.11964845099982],[47.934099999000125,-19.15748000299982],[47.93386999900014,-19.176100002999988]]]}},{"type":"Feature","properties":{"shapeName":"Andilamena","shapeISO":"","shapeID":"10022922B97539486376385","shapeGroup":"MDG","shapeType":"ADM2"},"geometry":{"type":"Polygon","coordinates":[[[48.839628875000244,-16.894888601999924],[48.82407642300018,-16.89392962799991],[48.83015880200014,-16.879904495999938],[48.815785789000074,-16.876401393999913],[48.85511060100009,-16.796854003999897],[48.87488995500007,-16.780368632000034],[48.87661840400017,-16.7320886359999],[48.88738602600006,-16.71610967599986],[48.89824905200004,-16.715684973999885],[48.932902197000146,-16.686095380999916],[48.87714645799997,-16.682232828999872],[48.86026287100003,-16.671607069],[48.82766250700007,-16.686022092999963],[48.79868969200015,-16.677447236999853],[48.78580931600004,-16.683200658000032],[48.7534248300002,-16.660297190999813],[48.73692238400008,-16.670332408999855],[48.71729718000023,-16.666957173999833],[48.705979361000175,-16.68474344899994],[48.692397362000236,-16.689071617999957],[48.67664323300011,-16.68345060899992],[48.66192219300012,-16.660454299999856],[48.64575839700018,-16.658090994999895],[48.62158508200014,-16.66461646399989],[48.61705995000017,-16.679800891000014],[48.60261542100011,-16.658336549999945],[48.62550944600014,-16.643536374],[48.63407009499991,-16.615944462999835],[48.65487357,-16.59417490599992],[48.65412763300003,-16.58295745699985],[48.64919326499995,-16.57224064999997],[48.64097046699993,-16.57564793199998],[48.63760635600005,-16.564578284999982],[48.61741161799995,-16.55408291899988],[48.63717385700005,-16.509741325999926],[48.61270076200009,-16.51454389999992],[48.61606219700013,-16.505512792],[48.608506156000146,-16.49838406099991],[48.61806772200009,-16.491668997000033],[48.60004017600011,-16.46792116799986],[48.58778020799997,-16.465121362999923],[48.590791567,-16.44930434299988],[48.53431002800005,-16.405058500999928],[48.5077501130001,-16.405203115],[48.49428926700011,-16.397189227999945],[48.46936102700005,-16.354903634999857],[48.44210912800003,-16.331629315999976],[48.412109445000056,-16.344949888999963],[48.39255359800018,-16.34000616199984],[48.37671884500014,-16.351040205999936],[48.371294825000064,-16.311408042999915],[48.3193741930001,-16.287109088999898],[48.281555475000175,-16.245737217999988],[48.229085624000106,-16.240736673999947],[48.2093465170002,-16.25022428299991],[48.18805970899996,-16.247531429999924],[48.154955095999924,-16.275182298],[48.13788990100005,-16.268250018999822],[48.11224229300018,-16.282286143999897],[48.07863006100018,-16.276408061999916],[48.02306848800009,-16.25150912299989],[47.98044367099999,-16.25855212199997],[47.95777187500016,-16.240944466999906],[47.96047086699997,-16.25569495099984],[47.94873332299994,-16.295028797999862],[47.91906221900007,-16.318229560999896],[47.87198678500005,-16.377892160999977],[47.807027444000084,-16.400658045],[47.78415421000011,-16.399595126999884],[47.73492038300009,-16.356796887999906],[47.71398257600009,-16.312820912999825],[47.69886462599993,-16.310535661999836],[47.724608187999934,-16.373159355999917],[47.904493645000116,-16.58299558599998],[47.91976716000005,-16.590163498000038],[47.94808410800016,-16.640452135999908],[47.93734797800022,-16.670744738999872],[47.94509746500023,-16.703897912999935],[47.93181913900008,-16.713778939999827],[47.9276707460001,-16.729666675999965],[47.95038532400014,-16.762406379000026],[47.98587661600021,-16.78730881399997],[48.00961080299993,-16.831673696999985],[48.00742711300012,-16.856681078999827],[48.02981897600017,-16.86706498800004],[48.04409926800008,-16.895562704999918],[48.06453302900013,-16.900761438000018],[48.06197300900004,-16.93296598899991],[48.0480699540002,-16.949004295],[48.05194167300016,-16.96366798999992],[48.07100190500017,-16.97190798799994],[48.05219404900009,-16.989467344999923],[48.07482642400015,-17.0137246729999],[48.09779355500018,-17.056644403999883],[48.11862272900021,-17.049461849999886],[48.13112845000012,-17.06734338399997],[48.14299703400013,-17.070400141999926],[48.16599811500015,-17.057394346000024],[48.18235969600005,-17.063246686999832],[48.23091511300004,-17.056048984999904],[48.27551494700009,-17.002139699999873],[48.28407644200013,-17.007116981999843],[48.28678716600007,-17.02314471399984],[48.277888841,-17.043876180999916],[48.30820151600017,-17.06350978599994],[48.32117960200014,-17.09777368399989],[48.35167500300014,-17.13651005899993],[48.39567189400009,-17.137504682999918],[48.41057150600005,-17.156797030999826],[48.412848821000125,-17.185686027999964],[48.44160923800007,-17.19560513099998],[48.478312702000096,-17.19577998799997],[48.51867692100018,-17.228560516000016],[48.548760393000066,-17.233199846999923],[48.560820582000076,-17.23010845099992],[48.583666078000135,-17.193550686999913],[48.61675149300015,-17.184766130999947],[48.635161886000105,-17.206487095999933],[48.65782305500011,-17.202289896000025],[48.67157727900019,-17.176537730999826],[48.69313105900011,-17.17272949299985],[48.71044009300016,-17.19782769099993],[48.7204465050001,-17.180628179999985],[48.735750963000044,-17.18722527099993],[48.73184430800018,-17.170727168999917],[48.74835735400012,-17.144174266999926],[48.79438129500011,-17.14850045000003],[48.78887389500005,-17.09866552999995],[48.79417415800009,-17.083392089999904],[48.784359326000185,-17.069631118999894],[48.79286351200017,-17.044675358999882],[48.788105010000095,-17.034917312999937],[48.823669746,-16.99992970099987],[48.83759902299994,-16.94460608099996],[48.83012959500013,-16.91959079799983],[48.839628875000244,-16.894888601999924]]]}},{"type":"Feature","properties":{"shapeName":"Anosibe-An'ala","shapeISO":"","shapeID":"10022922B56031688474611","shapeGroup":"MDG","shapeType":"ADM2"},"geometry":{"type":"Polygon","coordinates":[[[47.85730233000015,-19.559628202999875],[47.86284926100018,-19.6082965949999],[47.856067776000145,-19.621800662999817],[47.83741245900018,-19.628838002999885],[47.836367742000164,-19.670660183999928],[47.84277424000015,-19.684182422999925],[47.83703747700025,-19.718380944999865],[47.88792486400007,-19.74674807899987],[47.86882368000005,-19.778994171000022],[47.904275207000126,-19.802318524999976],[47.912526160000084,-19.799122509999847],[47.92750600100004,-19.758178441999974],[47.93851697500003,-19.75454305599993],[48.03174092100011,-19.773852576999957],[48.04513472199994,-19.706663251999885],[48.08667498000011,-19.75772766099982],[48.09392696000009,-19.778413182],[48.11039614200013,-19.77173815599997],[48.15751360900015,-19.808123968999894],[48.21209013699996,-19.805881768999825],[48.230510000999914,-19.78161612499997],[48.26757428299993,-19.79244076899988],[48.27311573800006,-19.807551460999946],[48.27948916999998,-19.806784987999947],[48.29874168200013,-19.793946944999902],[48.317631382,-19.751533090999942],[48.31486722800014,-19.712009256999977],[48.30317097100004,-19.688097030999813],[48.31749563600016,-19.648298884999917],[48.31258541900024,-19.62592610999991],[48.322242993000145,-19.57172047799986],[48.312314631999925,-19.540289258999906],[48.337863786000185,-19.537735681000015],[48.34131328400014,-19.52655807999986],[48.34983158400013,-19.539074168000013],[48.38755247600011,-19.54130691799992],[48.407218545000035,-19.51750796899995],[48.37429703100014,-19.41640074099996],[48.378123176999964,-19.39095412300003],[48.36097503000019,-19.363713902999905],[48.375054192000164,-19.335583673999963],[48.3751370600001,-19.306909416999872],[48.344249999000056,-19.317650002999926],[48.33047396400019,-19.27469359999992],[48.333212343000184,-19.257706524999946],[48.30145421399999,-19.23774345699985],[48.276438104000135,-19.198143753999943],[48.25992606700004,-19.191318411999816],[48.227660082000114,-19.197595841999885],[48.215840895000156,-19.215565055999946],[48.196419805000176,-19.221856989],[48.170335703000035,-19.19614216499997],[48.159422538000115,-19.194698559999892],[48.143131615000186,-19.215336586999967],[48.12919009900003,-19.2100316879999],[48.12547510699994,-19.223208337999893],[48.10003087900003,-19.24092010199996],[48.095686134000175,-19.258265445],[47.943965007000145,-19.298628745999963],[47.94194189200016,-19.381168513999853],[47.89684595300025,-19.410695007999948],[47.89551187700016,-19.427273926999817],[47.88254614300013,-19.43740754700002],[47.88397992199998,-19.46944003999988],[47.90217290700008,-19.51330841899994],[47.86040366499998,-19.53381076],[47.85730233000015,-19.559628202999875]]]}},{"type":"Feature","properties":{"shapeName":"Mahajanga I","shapeISO":"","shapeID":"10022922B60996293868186","shapeGroup":"MDG","shapeType":"ADM2"},"geometry":{"type":"Polygon","coordinates":[[[46.36331163900019,-15.725595802999976],[46.389622065000026,-15.724041377999868],[46.3926360320001,-15.71476413899984],[46.34835429600014,-15.661834764999867],[46.34946092899992,-15.629961191],[46.29940851000009,-15.715147637999962],[46.30903160100024,-15.726799465999818],[46.36331163900019,-15.725595802999976]]]}},{"type":"Feature","properties":{"shapeName":"Soalala","shapeISO":"","shapeID":"10022922B91378939255033","shapeGroup":"MDG","shapeType":"ADM2"},"geometry":{"type":"Polygon","coordinates":[[[45.58639110800004,-16.05991494599988],[45.59013278600003,-16.02570633199997],[45.57292667100023,-16.028623504999928],[45.57207548500014,-16.046421616999964],[45.55962846900019,-16.04803936899998],[45.561509302000104,-16.03725038199991],[45.5425658380002,-16.047685141999978],[45.579965577000166,-15.993691101000024],[45.55930922799996,-15.974348191],[45.56171348200013,-15.948483676999842],[45.42304340700008,-15.983985278999967],[45.35289560300009,-15.982360095999866],[45.347225223000066,-15.996507392999888],[45.358909152000194,-16.00625624199995],[45.36799505800025,-16.03481065599982],[45.38511864800023,-16.03752328500002],[45.37672974600014,-16.0268163099999],[45.389895769000134,-16.01592560599994],[45.38690794600012,-16.026658418999887],[45.40595763700003,-16.02326157899995],[45.392990267000016,-16.033596265999904],[45.40773486000012,-16.031791234999844],[45.40615087600014,-16.037259072999916],[45.390534317999936,-16.03994603199982],[45.37780503400012,-16.069808094],[45.33660523299994,-16.080605373000026],[45.31540957600009,-16.11381312899988],[45.293616038000096,-16.12674112499991],[45.270968376999974,-16.110685516999922],[45.275665379000145,-16.09490266800003],[45.27054822100024,-16.09312282000002],[45.282090816999926,-16.08425551299996],[45.28083452900012,-16.05380073599997],[45.290302607000115,-16.05901604699983],[45.294832198000165,-16.04152952199985],[45.269133316000136,-16.0063198979999],[45.26604587500003,-15.935122123999918],[45.24810569200025,-15.934012709999934],[45.21256971300011,-15.949950525999895],[45.16540468900013,-15.990831427999922],[45.14563271400016,-15.997648745999925],[45.13434966100016,-16.01711944999994],[45.138601435000226,-16.001547149999965],[45.13333375500008,-16.004458386999886],[45.06502211800006,-16.078453318999948],[44.99723177400011,-16.133561562999887],[44.94495381400003,-16.16878472499991],[44.90202334300005,-16.175795387],[44.87016410700011,-16.198967218999826],[44.90186250200014,-16.24465405799998],[44.917556053000226,-16.242613154999958],[44.92356916100016,-16.25669859300001],[44.909427246000064,-16.28116535399988],[44.92856917600005,-16.34843429499989],[44.91872999900016,-16.408130003999872],[44.94238051000008,-16.43859996899988],[44.93889302200023,-16.475324634999936],[44.95083460100017,-16.503006094999876],[44.970387700000174,-16.50190810299989],[45.00306427600003,-16.517598954999926],[45.01054689700021,-16.54088441800002],[44.99505523000016,-16.566087357999947],[45.027004965000174,-16.574518451999893],[45.03912722000018,-16.570251756],[45.052503249000154,-16.585807037999814],[45.07296693000018,-16.566741130999958],[45.10244155000015,-16.599527869999974],[45.12800889800013,-16.611527785999897],[45.12794624500003,-16.623851235999894],[45.1403561410001,-16.632660319000024],[45.18335951299997,-16.626123764],[45.20633547700015,-16.648764116999928],[45.21999806200023,-16.682907251999893],[45.22788829000007,-16.675315984],[45.26971424700014,-16.675956252999868],[45.26617742600018,-16.713785682999855],[45.27202512900004,-16.719348653999987],[45.265241420000166,-16.745594323999967],[45.282538995000095,-16.771354667000026],[45.28227391500019,-16.79235899899993],[45.293401963000235,-16.80261747799989],[45.346719999000186,-16.81532000399983],[45.362961263000216,-16.82820520199988],[45.37260750300004,-16.851474816999826],[45.413963609000064,-16.856702576999908],[45.44436999900023,-16.877720003999855],[45.456368822000115,-16.931568233],[45.47154359700005,-16.95327383899985],[45.46528194000001,-16.976465610999924],[45.50779690000019,-16.98690119099996],[45.521153587000185,-17.000352589999977],[45.50299856200019,-17.019179919999885],[45.50307110800014,-17.029504076999956],[45.481831462000116,-17.03988138999989],[45.491714846000036,-17.06948623699998],[45.4812039840001,-17.087700940999923],[45.49560300900015,-17.10937540699996],[45.484154705000094,-17.144250703999944],[45.50666936000016,-17.19024574299982],[45.510805885000025,-17.257370538999908],[45.531726014000185,-17.277075431999947],[45.52077986500018,-17.31793024999996],[45.530439328000114,-17.330848284999888],[45.55403804500003,-17.33815050100003],[45.57092808000016,-17.359975292999877],[45.602695790000155,-17.350710729999832],[45.65285957500015,-17.3032327439999],[45.659149998999965,-17.27973000399993],[45.63907491999993,-17.242837696000038],[45.61276865100018,-17.217385947000025],[45.62002435700015,-17.206557734],[45.61491286000006,-17.19304931099998],[45.6164545900001,-17.178147781999826],[45.66539922700014,-17.127934636999896],[45.679589824000175,-17.086812729999963],[45.679855871000086,-17.008763776999842],[45.67278993399992,-16.976542462999987],[45.67855913300008,-16.95072871899987],[45.69406272700013,-16.93089618099998],[45.68636638900017,-16.911192678999953],[45.690054491000126,-16.889883206000036],[45.70652714300007,-16.865430462999882],[45.71457287100003,-16.81590951399994],[45.705485008000096,-16.795750374999955],[45.72159961000011,-16.77438418099996],[45.71241809200018,-16.717998774000023],[45.74427179700007,-16.663656496999863],[45.77132999900016,-16.637800003999928],[45.81627442600018,-16.661932544999956],[45.84069434900016,-16.661317723999957],[45.89320378600013,-16.59531361899991],[45.88809807300015,-16.575858837999874],[45.900764069000104,-16.552259873999844],[45.92967999900003,-16.524780002999876],[45.902831371000104,-16.521358770999882],[45.87697999900024,-16.504520003999914],[45.861725326000055,-16.443674333],[45.83876300000014,-16.413783828999954],[45.78988759600003,-16.391048694999824],[45.77462135300016,-16.40102174499998],[45.74347417600006,-16.405190445999835],[45.71075397700025,-16.35350948099989],[45.699386451000066,-16.347931980999988],[45.68266078800008,-16.273457866999877],[45.6562693140001,-16.271152786999835],[45.632383787000094,-16.252755805999925],[45.61773677100001,-16.266048191999914],[45.61130464500019,-16.263500842999917],[45.60272526000011,-16.169466833999934],[45.570220965000146,-16.15208986999994],[45.58051915600004,-16.09644035399998],[45.56302958600014,-16.076608089999866],[45.58639110800004,-16.05991494599988]]]}},{"type":"Feature","properties":{"shapeName":"Ambato Boeni","shapeISO":"","shapeID":"10022922B29824664852903","shapeGroup":"MDG","shapeType":"ADM2"},"geometry":{"type":"Polygon","coordinates":[[[45.67956591800015,-16.951441997999893],[45.78397747900016,-16.957541616999833],[45.88755185500008,-16.99960338999989],[45.92725103700013,-16.9914011919999],[45.96706680400018,-16.995716044999938],[45.99004429200011,-16.984861695999882],[46.01839485900007,-16.992155130000015],[46.02084149100017,-16.96598743999982],[46.038006113,-16.95682908799995],[46.048265564000246,-16.93782482799986],[46.068561395000074,-16.947675490999927],[46.06466231799993,-16.923887619999903],[46.104234005000194,-16.917470309999885],[46.10094841300014,-16.931118991999938],[46.11856860600011,-16.958265725999865],[46.107898238000075,-16.966885592999972],[46.12013551499996,-16.97033662599995],[46.133608537999976,-16.998800068999856],[46.119787914000085,-17.01660968999994],[46.1280687200001,-17.021733286999847],[46.134820255000136,-17.050530203999983],[46.15747515900023,-17.05938227699994],[46.1685454950001,-17.092287923999834],[46.166435394000246,-17.122390243999973],[46.179417022000166,-17.1516248289999],[46.2125450110002,-17.10313344599996],[46.233064671000136,-17.105455310999957],[46.27460462700009,-17.090529577999916],[46.274265783000146,-17.131227610999872],[46.30553971699993,-17.2115448159999],[46.30065657500023,-17.25333990999991],[46.29052599500011,-17.273369173],[46.30166304100021,-17.27820972699982],[46.339269958000045,-17.265130548],[46.372138341000095,-17.264172278999922],[46.41861343300019,-17.230423928999926],[46.433455146000085,-17.19690082999989],[46.45088977000006,-17.18558920899983],[46.449175565000075,-17.173177738999925],[46.4568303420001,-17.17315803499997],[46.45451990400005,-17.136468290999858],[46.47745830300022,-17.119000530999813],[46.46806723300017,-17.11204953099997],[46.46281574899996,-17.09025452999998],[46.46502831100008,-17.030533504999937],[46.489768767000044,-16.98934731499986],[46.510135283000125,-16.99304465199998],[46.51380373800015,-16.982619478999823],[46.53617528300015,-16.979334677],[46.55627339100005,-17.001012886999888],[46.59733559799997,-16.959912183999847],[46.5992786180002,-16.930336937999982],[46.59135005000019,-16.917178565999905],[46.62321627800014,-16.90163310600002],[46.62723178099992,-16.891575879000015],[46.63096136000007,-16.868390124999905],[46.61723254900022,-16.838704593999978],[46.65792226499997,-16.79617502099984],[46.65675679300017,-16.728851170999917],[46.676486763000185,-16.712169020999852],[46.67675833700008,-16.631616656],[46.69509442600014,-16.603385031000016],[46.7203577260002,-16.6208832989999],[46.73958917200014,-16.623187269999846],[46.78967273600017,-16.614517438999883],[46.81973705300021,-16.62548850999991],[46.859713001000046,-16.653416866999862],[46.881309130000204,-16.65326019499986],[46.89910180599992,-16.65093641999988],[46.90840035300005,-16.630153474],[46.92545557300008,-16.63020468699989],[46.945196366000175,-16.595497982999973],[46.948079408000126,-16.605631648999918],[46.96369031400019,-16.603479007999965],[47.00227999900005,-16.563820004000036],[47.059686736000174,-16.56279487599994],[47.09294999900021,-16.578670003999946],[47.09589999900004,-16.566250003999926],[47.11247719800019,-16.584527821999927],[47.134426087,-16.591293006999877],[47.14179433100003,-16.608368171999928],[47.155440611000074,-16.60244789299992],[47.181816433000165,-16.623630840999965],[47.20009203400019,-16.60987659599988],[47.211782886000094,-16.612670782999942],[47.227770794000094,-16.623007967999854],[47.24684163499995,-16.651838949999956],[47.28797657500019,-16.65711783699993],[47.29677763700005,-16.696613310999908],[47.306946364000055,-16.709100649999925],[47.31084749300015,-16.69280185599996],[47.32199613100016,-16.69203756199994],[47.34261508000009,-16.653737830999944],[47.33654917100006,-16.642647719000024],[47.339767777000134,-16.623031124999898],[47.32992095200012,-16.620245283999964],[47.32503722300004,-16.59908233599998],[47.30907623700017,-16.597853304999887],[47.30570755000025,-16.608944553999834],[47.30026583400013,-16.59824271399998],[47.23056996899993,-16.562311631999933],[47.21987841600003,-16.57051216699989],[47.216830641,-16.545633558999953],[47.19753100100013,-16.531937370000037],[47.19845934000011,-16.52336514999996],[47.18220825800017,-16.526619794999874],[47.17018522200016,-16.51737839699996],[47.16483808900011,-16.502595148999887],[47.16995058200007,-16.482355668999844],[47.18339851400009,-16.48242403],[47.206895854999914,-16.45878701999993],[47.234042995000095,-16.46437898099998],[47.24226966600014,-16.422080437999966],[47.27570319300003,-16.397418772000037],[47.30145559700003,-16.392849169999863],[47.289020301,-16.380159231999983],[47.30098806799998,-16.34909443399988],[47.31335737000006,-16.33826004799988],[47.33685189000016,-16.340158321999922],[47.41159231500012,-16.421099709999908],[47.422593962000064,-16.41812246300003],[47.43488539600014,-16.394211846999895],[47.436386963000075,-16.362538010000037],[47.39742431600013,-16.321325341999966],[47.37545821200024,-16.32689654899997],[47.36881662500019,-16.317041093999876],[47.35974277300011,-16.32334384599983],[47.33929691200012,-16.320300572],[47.33300762100015,-16.303680096],[47.345976724000195,-16.28825934799994],[47.34811529600006,-16.25529076499987],[47.28443228500021,-16.249791984000012],[47.26759579000009,-16.216675308999868],[47.268789845000185,-16.186240745999953],[47.2772176150001,-16.171526022999956],[47.26212000000015,-16.15887000399988],[47.20353376500009,-16.159859672999858],[47.17428733900016,-16.23266845499984],[47.134178082,-16.242846870999927],[47.121526482000036,-16.262908658999834],[47.09283178400011,-16.262475898999924],[47.07908376900008,-16.270897048999927],[47.053876189,-16.260813919999975],[47.04252989700018,-16.271886283999947],[47.01353902700009,-16.27756894399994],[46.92296275800015,-16.33543432799985],[46.86942047100018,-16.317070422999905],[46.819886162000216,-16.343225072999815],[46.80639380700018,-16.33117945399988],[46.774655185000086,-16.331683397999825],[46.73285617500022,-16.35072543199982],[46.72062210500013,-16.34150762899992],[46.69069393100011,-16.346441452000022],[46.677697815000215,-16.327912833999846],[46.65577535100016,-16.321325836000028],[46.62322581700016,-16.33336275100004],[46.608690025000044,-16.315252295999926],[46.583722895000164,-16.332768643],[46.57877200900015,-16.352468035999948],[46.54531781000014,-16.316970479999895],[46.41330691000013,-16.31136367099998],[46.33037999900017,-16.351680003999945],[46.340450522000026,-16.370839299999886],[46.38814761500009,-16.411771845000032],[46.41658408700016,-16.41607119399987],[46.32239748000006,-16.46105664099997],[46.312618554000096,-16.480428205999885],[46.31071349800021,-16.537170574999948],[46.318323165999914,-16.550343142999964],[46.3089237170002,-16.556101566999928],[46.27192373200006,-16.54869195699996],[46.23686731700019,-16.59724185899995],[46.22987891000008,-16.589772437999898],[46.23148038000005,-16.570169098],[46.241942371000164,-16.546255545999884],[46.1964699990001,-16.55725000399991],[46.18281999900012,-16.56842000399996],[46.15079825400011,-16.57212082299992],[46.13100475800019,-16.55576931299987],[46.09895119800018,-16.54979022599997],[46.05529755600014,-16.564588168],[46.04182734100016,-16.555766252999888],[46.01876999900003,-16.55872000399995],[45.970716929000105,-16.54606584699991],[45.89966940300013,-16.588379335999832],[45.83719121600012,-16.663233432000027],[45.817784292000226,-16.662631647999888],[45.77132999900016,-16.637800003999928],[45.74491561700006,-16.663295883999865],[45.71066483700014,-16.72242273199987],[45.721867695000185,-16.773700425999948],[45.705944196000075,-16.79495375699986],[45.71457287100003,-16.81590951399994],[45.70652714300007,-16.865430462999882],[45.690054491000126,-16.889883206000036],[45.68636638900017,-16.911192678999953],[45.69406272700013,-16.93089618099998],[45.67956591800015,-16.951441997999893]]]}},{"type":"Feature","properties":{"shapeName":"Marovoay","shapeISO":"","shapeID":"10022922B7387017022835","shapeGroup":"MDG","shapeType":"ADM2"},"geometry":{"type":"Polygon","coordinates":[[[47.272752498000045,-16.160118207999858],[47.24608269100008,-16.138876491999838],[47.227737086000104,-16.146194615999946],[47.22907505300009,-16.12417928399998],[47.22085103699993,-16.11264334399982],[47.238085396000145,-16.09417932699995],[47.20459338600011,-16.086326200999963],[47.19489385300005,-16.050337286999934],[47.17402425200015,-16.04467726199988],[47.17453708100004,-16.022454020999817],[47.16124513700021,-16.009650260999933],[47.16671342300003,-15.984214332999898],[47.21717776000003,-15.989827266999896],[47.21881562099992,-15.984524646000011],[47.204714730000035,-15.96163439799983],[47.21039150099995,-15.947181603999923],[47.19823828099999,-15.92718876799995],[47.198499272,-15.908434743999976],[47.17461586899998,-15.866844555999933],[47.076534419000154,-15.879664101999879],[46.994325457,-15.906573140999853],[46.96266369300008,-15.898415366999814],[46.928661338999916,-15.860288073999868],[46.89494292800009,-15.905044399999838],[46.84144804200025,-15.929180292999888],[46.83621122500011,-15.951583293999875],[46.81195294100007,-15.93327942299993],[46.76328737800003,-15.946508489999928],[46.761496748000184,-15.957189139999912],[46.748034493000205,-15.926727526999969],[46.71625697900009,-15.914321959999825],[46.69099726900015,-15.884227686999907],[46.65491253200008,-15.88687369899992],[46.64211737599993,-15.904334681000023],[46.61371060800002,-15.902313385000014],[46.59829999900012,-15.885180003999835],[46.56835779300019,-15.898766740999918],[46.53123484300011,-15.868876434999834],[46.47617958000018,-15.901154313999939],[46.46254646799997,-15.929409865999958],[46.433013434000145,-15.938188580999963],[46.41534942300012,-15.98559277999982],[46.33870938699994,-15.940827790000014],[46.30464850099992,-15.906716517999826],[46.287779999000065,-15.914500003],[46.27420244800015,-15.937794226999927],[46.272416049000014,-15.96185599099988],[46.23967000000016,-15.970730003999847],[46.205808235,-16.00936601899997],[46.19408017600017,-16.038517530000036],[46.180142437000086,-16.035830379999823],[46.19844642100003,-16.05855139599987],[46.23116084300017,-16.076378857],[46.17909999900013,-16.086850004999974],[46.17822533900005,-16.124863868000034],[46.12480761000012,-16.18725452399991],[46.12816999900002,-16.23060000399994],[46.14124701900005,-16.241597507999927],[46.13818427000024,-16.280125256999895],[46.14636674500019,-16.304901337999866],[46.1324860470001,-16.325138728999832],[46.128842345000066,-16.35310657199983],[46.09814124900004,-16.349343681999812],[46.09292605500019,-16.354103327999894],[46.09888430800015,-16.370756817999904],[46.0629153430001,-16.38110542499993],[46.08094857900022,-16.398557569999923],[46.08402682900015,-16.42024945999998],[46.07688087600019,-16.426943927000025],[46.062010468000096,-16.418538730000023],[46.05262545700009,-16.424720383999897],[46.06271050400011,-16.461896394],[46.05343921700012,-16.49521813799987],[46.060611315000244,-16.509755758999972],[46.07588572600008,-16.515172349999943],[46.07800247100016,-16.536781320999978],[46.045675502000165,-16.554883397999845],[46.0564156170002,-16.564199030999873],[46.10221117300017,-16.550182334999988],[46.13288471400017,-16.556045091999863],[46.13738938400019,-16.565822238999885],[46.1541243850001,-16.571887051999852],[46.18281999900012,-16.56842000399996],[46.240414766000185,-16.543553772],[46.23119864500012,-16.572596972999975],[46.23332359300008,-16.596969413999943],[46.27553804600018,-16.546989946999815],[46.313798465000104,-16.55374056999989],[46.31750934600012,-16.466288107999844],[46.334203933000026,-16.45193509399985],[46.41441933200019,-16.41771346599984],[46.39057999900007,-16.4142200039999],[46.330849220000175,-16.354689627999903],[46.41746999900005,-16.309650003999934],[46.54096653900007,-16.31644061699984],[46.57494436300016,-16.35383795099989],[46.58904997900021,-16.3265050199999],[46.608690025000044,-16.315252295999926],[46.62322581700016,-16.33336275100004],[46.65456044100017,-16.32099410199993],[46.6751194040001,-16.326240665999876],[46.687465577000125,-16.34476249699992],[46.723402911000164,-16.34099334299998],[46.730171073000065,-16.350192094000022],[46.77788653300013,-16.33085221799996],[46.80318955700011,-16.328855800999975],[46.81580816000013,-16.343495901999916],[46.86942047100018,-16.317070422999905],[46.88571517400004,-16.328270076999843],[46.92687640200012,-16.334974236999983],[47.01353902700009,-16.27756894399994],[47.04252989700018,-16.271886283999947],[47.053876189,-16.260813919999975],[47.07908376900008,-16.270897048999927],[47.09755536500023,-16.260612951999974],[47.12002726900005,-16.263320865000026],[47.134178082,-16.242846870999927],[47.16982212500022,-16.236737077999862],[47.2086055420001,-16.158804743999895],[47.272752498000045,-16.160118207999858]]]}},{"type":"Feature","properties":{"shapeName":"Mitsinjo","shapeISO":"","shapeID":"10022922B34339999190032","shapeGroup":"MDG","shapeType":"ADM2"},"geometry":{"type":"Polygon","coordinates":[[[45.893773264000174,-16.59481788899984],[45.966130000000135,-16.546020003999956],[46.01485638600013,-16.55763799600004],[46.04801218300014,-16.55606884599996],[46.07766509000004,-16.538821722999955],[46.07511956900021,-16.513455995999948],[46.059061330000134,-16.508641482999963],[46.053795899000136,-16.49690018599989],[46.06350832499993,-16.457251473999918],[46.052270563000036,-16.425503967999987],[46.062010468000096,-16.418538730000023],[46.082398741000134,-16.42568310099989],[46.08094857900022,-16.398557569999923],[46.06432208800004,-16.378954257000032],[46.097542602000146,-16.37253616000004],[46.094281555000066,-16.351343553999982],[46.12705983700022,-16.354966329999968],[46.1324860470001,-16.325138728999832],[46.145096915000124,-16.307637037],[46.13774842100014,-16.27843293199993],[46.141255723000086,-16.23770573799999],[46.12808184300002,-16.2267478899999],[46.1254,-16.183850003000032],[46.17644372100011,-16.128586122],[46.17909999900013,-16.086850004999974],[46.23217440900004,-16.07696845499993],[46.17908724800009,-16.039131140999814],[46.19408017600017,-16.038517530000036],[46.20675137300009,-16.007770091],[46.23790100700012,-15.97179212799989],[46.26947999900011,-15.965520002999881],[46.28585411500006,-15.918892021999852],[46.30356459400025,-15.905340026999966],[46.26895234400007,-15.800979520999931],[46.26517575200023,-15.704954313999963],[46.121349445999954,-15.710189163999928],[46.00096276800025,-15.766568571999812],[45.97877862800004,-15.784770733999949],[45.95182018699995,-15.786151226999948],[45.91384323900013,-15.773418527999922],[45.90823040700025,-15.779252730999929],[45.905551759000105,-15.766813646999935],[45.89360351900024,-15.772412837999923],[45.8868197650001,-15.762170247999961],[45.852265532,-15.789659947999837],[45.862794109000106,-15.80916177499995],[45.84499422400023,-15.791194117000032],[45.83108065900018,-15.79883767299998],[45.83219251699995,-15.80927048399991],[45.79995947000009,-15.810026081999979],[45.80628903000013,-15.822302273],[45.77546421300008,-15.806762836999894],[45.772121108000135,-15.844472800999938],[45.78394400800016,-15.856660922999879],[45.769159084000194,-15.848441424999862],[45.77179507700009,-15.824949800999946],[45.76364299900007,-15.809734631999845],[45.74522484000016,-15.806709651999938],[45.7281443020002,-15.815002372999857],[45.73051767300018,-15.823287962999927],[45.72624772400013,-15.812511417999815],[45.71948200100013,-15.814778031999879],[45.74994596000016,-15.801264105999849],[45.7641,-15.803600004000032],[45.76502999900009,-15.797830001999841],[45.689682795000124,-15.78530449699997],[45.67121575099998,-15.772071380999932],[45.67051887200017,-15.790406399999881],[45.65694293499996,-15.797140833999833],[45.64846244200004,-15.814537354000038],[45.613052028000084,-15.835691344999987],[45.6303677250001,-15.828520972999911],[45.642184558,-15.834263426999883],[45.61864035800011,-15.837731716999883],[45.60410111700014,-15.852523661999953],[45.604552012000056,-15.887908590999814],[45.63489604400024,-15.921071177999863],[45.62093023500012,-15.924339739999937],[45.62155410600013,-15.95992248999994],[45.63508062099993,-15.965066552999929],[45.605413149000185,-15.962025342999937],[45.60811840700018,-15.972834750999823],[45.60232529800004,-15.973085116999926],[45.58980764000012,-16.0136345439999],[45.592495810000116,-16.046455915999957],[45.584397116000105,-16.063074017999952],[45.56347406300006,-16.074063521999904],[45.580587134000154,-16.09515390699994],[45.57084765700017,-16.150093643],[45.59620239800023,-16.16088755599992],[45.609837845000186,-16.189777786999855],[45.604992928000115,-16.20013968199993],[45.611473409000155,-16.26000163299983],[45.61471891399998,-16.266302633],[45.632383787000094,-16.252755805999925],[45.66332160400009,-16.273905767999906],[45.682571012000096,-16.272316844999978],[45.69918713900012,-16.34547298199982],[45.74309999900015,-16.394670003999977],[45.74215927200021,-16.40220253399997],[45.77462135300016,-16.40102174499998],[45.78988759600003,-16.391048694999824],[45.847211584000206,-16.421044266000024],[45.86545694800009,-16.45220939799998],[45.88033254900017,-16.506810823000023],[45.902831371000104,-16.521358770999882],[45.92967999900003,-16.524780002999876],[45.885247834000154,-16.574672293999924],[45.893773264000174,-16.59481788899984]]]}},{"type":"Feature","properties":{"shapeName":"Mahajanga II","shapeISO":"","shapeID":"10022922B51504984909978","shapeGroup":"MDG","shapeType":"ADM2"},"geometry":{"type":"Polygon","coordinates":[[[46.36331163900019,-15.725595802999976],[46.36557238400013,-15.736236875999964],[46.35347094200017,-15.739963491999845],[46.3580031960002,-15.752004366999927],[46.35089967000005,-15.772093710999911],[46.32380229300003,-15.800487055999952],[46.29741201700017,-15.807827557999872],[46.29812964799993,-15.818082207999964],[46.31066786200017,-15.836015144999863],[46.356105558000195,-15.831821395999896],[46.3932501000001,-15.849475180999946],[46.38781649900022,-15.888835365999853],[46.38007781500011,-15.896392882999976],[46.35092400600013,-15.894813973],[46.35692423900019,-15.907863050999822],[46.34856747900011,-15.924322510999843],[46.329165327000055,-15.919342499999914],[46.328592307000065,-15.925941537999961],[46.33870938699994,-15.940827790000014],[46.41726142600015,-15.986440878999929],[46.435095349,-15.935601183000017],[46.45998697700003,-15.929767128000037],[46.47869063200011,-15.89887334999986],[46.53123484300011,-15.868876434999834],[46.56615321100003,-15.89595830799982],[46.59829999900012,-15.885180003999835],[46.61298454200016,-15.901644764000025],[46.640733332000195,-15.904966670999897],[46.65337239200022,-15.887274815999888],[46.68876170400017,-15.883505739999862],[46.71381036700018,-15.912070029999938],[46.75037022000009,-15.928764423999837],[46.759310881999966,-15.957217692999961],[46.76328737800003,-15.946508489999928],[46.81195294100007,-15.93327942299993],[46.83621122500011,-15.951583293999875],[46.84534440100015,-15.925175195999884],[46.8967558010001,-15.904226069],[46.9279475620001,-15.86156594],[46.966242127000044,-15.90065817299984],[47.00113817100009,-15.90755524099984],[47.076534419000154,-15.879664101999879],[47.180699047000076,-15.867947203999961],[47.1486834170002,-15.846464986999933],[47.13701129300006,-15.809951772999966],[47.11130713500012,-15.794584443999895],[47.10905265399998,-15.774807693999833],[47.12984273300003,-15.759844680000015],[47.14724532800011,-15.760506869999915],[47.156025156000226,-15.748341295999978],[47.11646558500007,-15.686609226999906],[47.12611326100023,-15.681389998999975],[47.12605061900018,-15.671908004999864],[47.11363398200018,-15.653127687999927],[47.09308119400015,-15.643720820999931],[47.1059731360001,-15.632056154999873],[47.102678784000034,-15.622631572999978],[47.11198081300006,-15.614027263999844],[47.12197842199993,-15.562185364999891],[47.142596782000055,-15.534281410999938],[47.15044551600005,-15.475605973999961],[47.139838511999926,-15.45707239199993],[47.113566436999974,-15.451907280999876],[47.086294788000146,-15.479290809999952],[47.06946351700009,-15.477086560999908],[47.02661232000008,-15.495650063000028],[46.98937619800006,-15.491994719999923],[46.97991602400015,-15.497814440999946],[46.96720714100013,-15.486475080999924],[46.970650337999984,-15.460689229999957],[46.99494593500003,-15.40510602899991],[47.029671701000154,-15.38885771400004],[47.070782646000055,-15.336508406],[47.054120792000106,-15.33831156399998],[47.042902847000164,-15.31612531999997],[46.970639333000065,-15.291008378999948],[46.95740800400017,-15.250182256999892],[46.964251443000194,-15.224562364999827],[46.95081279100009,-15.201050745000032],[46.87208402800019,-15.230060150999975],[46.76271200400021,-15.308432439999933],[46.72297675900006,-15.346848607999902],[46.64885014200013,-15.395460142999923],[46.58709874700003,-15.453019378999954],[46.56696343800019,-15.458039092999911],[46.52378047400015,-15.492191712999954],[46.460424336000074,-15.513808473999916],[46.434665984000105,-15.5537621819999],[46.3505525380001,-15.62665589],[46.349014228000215,-15.662459557999966],[46.39285958300002,-15.715603420999912],[46.36331163900019,-15.725595802999976]]]}},{"type":"Feature","properties":{"shapeName":"Port-Berge (Boriziny-Vaovao)","shapeISO":"","shapeID":"10022922B55197674782137","shapeGroup":"MDG","shapeType":"ADM2"},"geometry":{"type":"Polygon","coordinates":[[[48.283670876000144,-16.246321589999923],[48.30064952900011,-16.2271428599999],[48.30321583700021,-16.16241222899987],[48.28846570000019,-16.129789148999976],[48.234698664000234,-16.093503267999893],[48.21567497900014,-16.063265794999836],[48.215623989000164,-16.00116123700002],[48.19047878100014,-15.915325315999894],[48.236070000000154,-15.864280004000022],[48.25943011500004,-15.861610614999961],[48.26009645500011,-15.847365940999964],[48.28032828000016,-15.837874566999972],[48.29216950600005,-15.820570834999899],[48.343231932000094,-15.815390588000014],[48.35222988100003,-15.80142017999998],[48.35194011800013,-15.783316794999905],[48.32990001000013,-15.763630250999881],[48.329224984000064,-15.750593182999864],[48.292514723000124,-15.739420069999824],[48.27843382600008,-15.74446802999995],[48.28630544599997,-15.701625789],[48.25697485,-15.638426090999872],[48.24170226499996,-15.623218914999825],[48.229284701000154,-15.559458361999873],[48.14559941000016,-15.557663144],[48.13276270200015,-15.544967040999893],[48.10509792300007,-15.552659915999925],[48.073670609000146,-15.466257001999963],[48.05533176400007,-15.445413895999877],[48.03715521100008,-15.440391324999894],[47.99761972600015,-15.397523241999977],[47.94596936900007,-15.36930108099989],[47.92764044700016,-15.384125819999838],[47.90469543900008,-15.386793715999886],[47.88131088900025,-15.401761819999876],[47.87905265600017,-15.367256423999834],[47.849177334000046,-15.354032157999882],[47.79871306599995,-15.385031577999825],[47.78507885099992,-15.400962424999989],[47.777218789000074,-15.42826184400002],[47.72842729000013,-15.433980761999976],[47.71391264000016,-15.451769810999963],[47.6961033880001,-15.44277585299983],[47.69200126700025,-15.455169872999818],[47.68542090100004,-15.445547315],[47.638551525000025,-15.461255298999902],[47.62651050500011,-15.459196883999937],[47.61964797500019,-15.438551904999827],[47.59368775200011,-15.411827045],[47.58276832300021,-15.416246244999968],[47.564871557000174,-15.443344624999895],[47.53625567300003,-15.428590707999945],[47.48707176500017,-15.436765606999927],[47.44649193200013,-15.454383886999892],[47.40720592600019,-15.434606873],[47.376688147000095,-15.44554563500003],[47.342805708000185,-15.441466135999917],[47.31735247499995,-15.429449674999887],[47.297666689000096,-15.429751130999875],[47.28012837700004,-15.41285867900001],[47.23753004700012,-15.412014528999975],[47.21958264900019,-15.424455969999883],[47.19072721200018,-15.429737226999976],[47.119559969000136,-15.41920926],[47.15204436000016,-15.481120903000033],[47.14132447000014,-15.508166302999825],[47.14310940300015,-15.533402455999862],[47.12197842199993,-15.562185364999891],[47.11217821300005,-15.612445252999976],[47.09318207100023,-15.64115277999997],[47.11622099000016,-15.655518848999975],[47.128509971000085,-15.675414983999872],[47.11646558500007,-15.686609226999906],[47.157823429000246,-15.75085477999994],[47.14500903000021,-15.760958267999854],[47.120959163000066,-15.762537506999877],[47.10905265399998,-15.774807693999833],[47.109395870000185,-15.791998656999908],[47.13516253100022,-15.809281621000025],[47.1486834170002,-15.846464986999933],[47.179478556000106,-15.862811905999877],[47.18318741900009,-15.891168271999959],[47.19719322900005,-15.906288069999903],[47.1969104370001,-15.923574083],[47.21042979700013,-15.948006476999979],[47.20477617700004,-15.962482910999881],[47.21754393400016,-15.979883666999967],[47.21872999899995,-16.000800004999974],[47.27490984700012,-16.01109069699993],[47.383409885000106,-15.975711728000022],[47.407921182,-15.958196233000024],[47.42734368799995,-15.927193244999955],[47.452483683000025,-15.913361702999964],[47.4629645820001,-15.887370632999989],[47.47827045100007,-15.878558625999972],[47.49377064500021,-15.888344160999907],[47.51942000000014,-15.884550002999845],[47.54141107800018,-15.894465234999814],[47.5524,-15.91123000399989],[47.56449003200015,-15.909200932999852],[47.581290644000035,-15.875574924999853],[47.60404126800023,-15.851012572999878],[47.603765172000124,-15.816225317999965],[47.61395883400013,-15.794317382999907],[47.605130750000114,-15.780859841999927],[47.62507695600004,-15.775893518999965],[47.633167672000184,-15.791881826],[47.65654193000006,-15.78216780299988],[47.672626414000035,-15.861294500999918],[47.6840807480001,-15.881820358999846],[47.711017657000184,-15.873613187999979],[47.714136889000144,-15.858505194999964],[47.74277942800012,-15.871624822999877],[47.766202756000155,-15.909368186999927],[47.78965936100002,-15.915393177999817],[47.794422602000054,-15.930142948999958],[47.80776977600004,-15.920386213000029],[47.80555240100017,-15.940796653999826],[47.815522582000085,-15.964602517999822],[47.84410462200009,-15.970104201999845],[47.8694068690001,-16.00305324599998],[47.899106932000166,-15.988972841999896],[47.9399917880001,-15.990955948000021],[47.94713543600017,-15.983843517999958],[47.97660433200002,-15.995077752999919],[47.98713530699996,-16.00707485899983],[47.99978764300005,-15.997547787999906],[48.03875171100003,-16.00071801699994],[48.048198867999986,-16.027935667999884],[48.069507357000134,-16.05488630199983],[48.120439077000185,-16.09695874199997],[48.130944642000145,-16.131906880999964],[48.14100042600012,-16.128734540999915],[48.20004837100021,-16.186288280999975],[48.22138907100003,-16.23106157099994],[48.23939084800014,-16.243889349999847],[48.283670876000144,-16.246321589999923]]]}},{"type":"Feature","properties":{"shapeName":"Mandritsara","shapeISO":"","shapeID":"10022922B13687974105922","shapeGroup":"MDG","shapeType":"ADM2"},"geometry":{"type":"Polygon","coordinates":[[[49.02689838000009,-15.45271285099983],[48.995521639000174,-15.47140592799991],[48.97539782000018,-15.465455174999875],[48.96090072300018,-15.48600779799989],[48.932320000000175,-15.498420004999957],[48.920405263000134,-15.515498981],[48.901250000000175,-15.497230004000016],[48.87900897100019,-15.504258115000027],[48.883017726000105,-15.479943305999939],[48.86496231900003,-15.439363193999895],[48.79725331200012,-15.435644044999833],[48.74820585200018,-15.409476635999852],[48.71060307400023,-15.44654684400001],[48.68432544400008,-15.44314712],[48.68253146700005,-15.422806487999821],[48.654677315000015,-15.425194864999924],[48.648150295000164,-15.441894961999935],[48.653358167000135,-15.474779328999887],[48.588207136000165,-15.508230988999856],[48.56610577400005,-15.542574009999953],[48.560316245000195,-15.61491914599992],[48.54756503700014,-15.624137033999943],[48.54371676800014,-15.648717964999946],[48.5063162830001,-15.638552931999982],[48.437265738000235,-15.648630976999925],[48.42742647900013,-15.618181724999886],[48.40012495900021,-15.610468116999982],[48.38534978600006,-15.573471943000015],[48.36229773499991,-15.575678344999858],[48.320633296000096,-15.558938549999937],[48.31181850600012,-15.564078354999936],[48.31467016000016,-15.583037482],[48.29418309100015,-15.594274373000019],[48.282491064000055,-15.58848276599997],[48.2764471750001,-15.573063088999845],[48.236787060000154,-15.571126237999977],[48.22772120100012,-15.579669800999909],[48.23833797000003,-15.592121558999963],[48.2421021560001,-15.624832725999852],[48.25522115000024,-15.6349323],[48.28778,-15.703400003999889],[48.2797,-15.739920003999885],[48.32564513200015,-15.747954340000035],[48.33160567600004,-15.76524656600003],[48.35170709500011,-15.779280932999939],[48.35180649400007,-15.804346653999914],[48.340334313000085,-15.816130426999848],[48.290705531000185,-15.821351372999914],[48.28167841200013,-15.837014873999976],[48.26083285900012,-15.84585179699991],[48.25943011500004,-15.861610614999961],[48.2331041760001,-15.867165674999853],[48.191013876000056,-15.912339400999826],[48.213864830000205,-15.991181584999936],[48.21567497900014,-16.063265794999836],[48.234698664000234,-16.093503267999893],[48.28902754800015,-16.13136959899998],[48.303609482000184,-16.165727707999906],[48.303945923000185,-16.200574115999814],[48.30081428600016,-16.226106212999923],[48.28354136700017,-16.24563115399991],[48.31702310400016,-16.28575429899996],[48.3729598540001,-16.312088408999898],[48.377184249000095,-16.35260992699989],[48.395799650000185,-16.339962695999986],[48.41492977500019,-16.344419805999905],[48.44034789000017,-16.33101711699993],[48.45731907900006,-16.34026472599993],[48.49542471000018,-16.398647942999844],[48.508360067000126,-16.40623088699988],[48.53561400600012,-16.40621694499987],[48.58876395099992,-16.44762618299984],[48.58684959400006,-16.463384226000016],[48.61621389700008,-16.487270676999913],[48.60756871299992,-16.496438077999926],[48.61591115600015,-16.5037234589999],[48.61550181400003,-16.517814641999905],[48.63717385700005,-16.509741325999926],[48.63091074200008,-16.533974122999894],[48.61727313600005,-16.550022335],[48.64247779100015,-16.577063274999944],[48.65147999800007,-16.577301602999853],[48.655651099000124,-16.592473887999972],[48.63407009499991,-16.615944462999835],[48.637685112000156,-16.62467128999998],[48.62817854700006,-16.629001574999904],[48.62058616500019,-16.650095604999876],[48.602502352000045,-16.659622444000036],[48.614477167000075,-16.68151033399988],[48.61976115700014,-16.666803119999884],[48.64575839700018,-16.658090994999895],[48.66192219300012,-16.660454299999856],[48.67496925700016,-16.68231086000003],[48.68946902600004,-16.689520875999904],[48.70792317900009,-16.682899942999825],[48.71923557600019,-16.664149302999874],[48.739447111000175,-16.670274039999924],[48.75206780000019,-16.660463395999898],[48.763014032000115,-16.662615240999855],[48.77449752100017,-16.679836875999968],[48.79737928700018,-16.677408131999925],[48.826687785000104,-16.68639389099991],[48.8581027300001,-16.672857327999964],[48.87714645799997,-16.682232828999872],[48.93399735200006,-16.685584940999945],[48.97006103099994,-16.664431757999978],[48.99068962700005,-16.66904301299985],[48.955991318000144,-16.632228685999905],[48.95998990600003,-16.606484005999903],[48.992604055000186,-16.580276055999946],[49.01744483900012,-16.575180911999894],[49.01712000100002,-16.52687000399999],[49.034721514999944,-16.507915081999897],[49.0733393590001,-16.481867878],[49.11635008700006,-16.467063224999947],[49.12358,-16.440180003999956],[49.151743,-16.415437836999956],[49.15280346500015,-16.408102473999918],[49.13840897400013,-16.401359257999843],[49.14639909900012,-16.3488875029999],[49.1913206370001,-16.32645768799989],[49.18717613400014,-16.2997621049999],[49.17781544100018,-16.292190734999963],[49.21321017800017,-16.254266974999894],[49.2043357820001,-16.197851001999936],[49.21448453300019,-16.178671572999917],[49.20873684800006,-16.158717853999974],[49.21662746600015,-16.14005856800003],[49.18673092100016,-16.115888227999903],[49.18748768600017,-16.0996778679999],[49.20067313600009,-16.087094404999846],[49.179393729000026,-16.074710603999904],[49.19837666000012,-16.06491440100001],[49.188550000000134,-16.05365000399985],[49.15930511500005,-16.061485537999886],[49.14335765100003,-16.05290275399983],[49.13893811500009,-15.985531407999815],[49.14488241300006,-15.97225359399988],[49.168961503,-15.969645096999955],[49.09674191300019,-15.88652145799989],[49.10322257400003,-15.860019803999876],[49.0887133490001,-15.792637919999947],[49.07439723999994,-15.78392830099989],[49.06518019700019,-15.786912390999873],[49.04353291400008,-15.763996873999929],[49.06303049100012,-15.682443763999856],[49.07304367200004,-15.67277759599989],[49.074670463000075,-15.615158870999949],[49.09067931400011,-15.571543645999895],[49.074906669000086,-15.553065037999886],[49.07178700500009,-15.523806172999969],[49.11003933200004,-15.49474004799987],[49.114025998000045,-15.477256178],[49.13025446800003,-15.47693488699997],[49.12862944500017,-15.455876386999932],[49.11865351500023,-15.451553495999917],[49.11038370700004,-15.469167081999956],[49.09470592100013,-15.44956123399993],[49.052764480000064,-15.462928841],[49.02689838000009,-15.45271285099983]]]}},{"type":"Feature","properties":{"shapeName":"Analalava","shapeISO":"","shapeID":"10022922B21608854890468","shapeGroup":"MDG","shapeType":"ADM2"},"geometry":{"type":"MultiPolygon","coordinates":[[[[47.60274824700008,-14.533894275999899],[47.60751641600018,-14.514135106999959],[47.59827674400003,-14.506033531999947],[47.58904859100005,-14.50868312199998],[47.57913540500016,-14.520731517999877],[47.58327374400017,-14.546098762999918],[47.572602587000176,-14.55142360799988],[47.578576435000116,-14.582422766999969],[47.60101294999993,-14.569703945999834],[47.61714023200011,-14.577113273999942],[47.6290833220001,-14.565910101999918],[47.626860457000134,-14.543380412999909],[47.616535687000066,-14.54898553699985],[47.613383889999966,-14.537918214999934],[47.60274824700008,-14.533894275999899]]],[[[47.64868138500009,-14.36034245199994],[47.65064846800004,-14.351848318999885],[47.63721157300017,-14.362438226],[47.64868138500009,-14.36034245199994]]],[[[48.0342160030001,-14.2700943239999],[48.031961427000056,-14.265382362000025],[48.025835020000045,-14.27023174899989],[48.0342160030001,-14.2700943239999]]],[[[48.008564593000074,-14.241969840999957],[48.021769611000195,-14.23435334100003],[48.00926354000006,-14.230931971000018],[48.00360291200013,-14.23600330499994],[48.008564593000074,-14.241969840999957]]],[[[48.01704132800023,-14.228611349999937],[48.01632538900003,-14.222630373999948],[48.008780422000086,-14.223909237999976],[48.01704132800023,-14.228611349999937]]],[[[48.00571662500016,-14.230244784999911],[48.00193817400009,-14.221511012999883],[47.99887332900005,-14.22658045399993],[48.00571662500016,-14.230244784999911]]],[[[48.04280496500019,-14.179081288999953],[48.037246623000215,-14.171501380999928],[48.035132203000046,-14.175876633999906],[48.04280496500019,-14.179081288999953]]],[[[47.81061779300006,-14.151385519999963],[47.79618943400004,-14.143933908],[47.797089699000026,-14.168712208999978],[47.82347613400003,-14.182611892999944],[47.82868763900018,-14.173731264999958],[47.81061779300006,-14.151385519999963]]],[[[47.75865903000022,-14.109452139999973],[47.73671263700004,-14.107770218999974],[47.73632975800007,-14.113568088999898],[47.750959114000125,-14.120342204999872],[47.75865903000022,-14.109452139999973]]],[[[47.78427262600013,-15.40605621599991],[47.704737426,-15.36096680999998],[47.68843549000019,-15.309419717999901],[47.69949009700008,-15.289577283000028],[47.69636706200009,-15.259577224999816],[47.707266498000195,-15.215130653999893],[47.72516982099995,-15.197326650999912],[47.71734292800011,-15.15248432300001],[47.73432642500018,-15.123071654],[47.744788606999975,-15.122531418999984],[47.7492939390001,-15.082822253999893],[47.780103989000054,-15.06845665499992],[47.79321423900018,-15.073208877000013],[47.798856751000244,-15.061173990999976],[47.80245028400009,-15.019629500999827],[47.78808505899997,-15.000230785999975],[47.79630508400004,-14.962250510999922],[47.79060526400025,-14.932876202999978],[47.76930430800013,-14.921837185999834],[47.765366808000124,-14.910217680999892],[47.77716698200015,-14.9013445679999],[47.79457566399992,-14.865125129999967],[47.804535922000184,-14.807027564999885],[47.817937078,-14.795330251999985],[47.85835479200023,-14.786341014999948],[47.87669043100021,-14.801189611999916],[47.903429999000195,-14.799370005000014],[47.93976276900008,-14.811514773999988],[47.990313990000175,-14.777684084999919],[48.00348777300013,-14.739647886999876],[47.97939651199994,-14.623079156999836],[48.011729355000114,-14.58781849699983],[48.00416855299994,-14.552232044],[48.03788863800014,-14.521821909999858],[48.04698398500011,-14.524718050999866],[48.059195309000074,-14.550966108999944],[48.07180776100023,-14.55371259299983],[48.09516495400004,-14.53561115199983],[48.09065970000012,-14.509372228999894],[48.107381157000134,-14.512740261000033],[48.11617105400012,-14.503735658999972],[48.12590020400006,-14.522225233999848],[48.13754271400023,-14.525211225999897],[48.15471999900012,-14.509830005000026],[48.16165176700008,-14.52884496899992],[48.18822724000006,-14.52605879499987],[48.17297044700007,-14.518762754999898],[48.176119720000145,-14.509846152000023],[48.20766049500014,-14.52039839399987],[48.22398355400003,-14.565648077999981],[48.22310285100008,-14.620191332],[48.25669788600021,-14.62470684799996],[48.28205893100011,-14.598004899999864],[48.30790678300019,-14.5845592739999],[48.32562082900017,-14.589160092999919],[48.34126792700005,-14.573834651999846],[48.344352406999974,-14.476960427999984],[48.352949894000176,-14.461667256999817],[48.37408274800009,-14.451127362999841],[48.43431150300012,-14.444522628999948],[48.43999995900003,-14.434852813999953],[48.435952562000125,-14.392683735],[48.41634394600004,-14.378709732],[48.42891650500013,-14.357093032999956],[48.43532128400011,-14.320631347999893],[48.41687600500006,-14.313065545999962],[48.39958741800024,-14.282095585999969],[48.443826358000194,-14.269740764999938],[48.474945387000105,-14.21731216400002],[48.47639730300011,-14.194904645],[48.485318731000234,-14.190502650999917],[48.461781408000036,-14.167964330000018],[48.37830372299999,-14.167183664999982],[48.36543078500017,-14.112881444000038],[48.34299639600016,-14.123103566999816],[48.317010079000056,-14.09539670800001],[48.30942934200016,-14.042207085999905],[48.31360423400025,-13.993363604999956],[48.325336715000105,-13.970640768999885],[48.31786983400002,-13.932734022999966],[48.313514193000174,-13.918805623999845],[48.25907879500011,-13.87731243199994],[48.23775831200004,-13.874872325999945],[48.178326285000026,-13.909274379999943],[48.16225557700011,-13.910880567999868],[48.099112786000205,-13.96799796299996],[48.072242936000066,-13.969093815999884],[48.07883499700006,-13.976497440999879],[48.07077075199993,-13.980917133],[48.08664583300009,-13.996227236000038],[48.0719168980001,-14.001961801999869],[48.077362188000166,-14.01077062399986],[48.02766222000025,-14.028343934999953],[48.035023897000144,-14.050677557999904],[48.01555206699999,-14.073090593999837],[48.0141137060001,-14.103854012999875],[48.03737204100008,-14.098923793999973],[48.04374741500021,-14.105453895999915],[48.048012327000095,-14.11591050599992],[48.04013695300006,-14.131806698999867],[48.04734274899994,-14.13811664299999],[48.037682013000165,-14.143202110999937],[48.040663154000185,-14.167694692999817],[48.04505070700003,-14.179416390999961],[48.06038017400016,-14.181565653999883],[48.033720096000195,-14.178871849999837],[48.029485090000094,-14.184638097],[48.04035501800007,-14.195649284999888],[48.030697694000025,-14.204876118999834],[48.037997082,-14.196345923999957],[48.020757783000136,-14.185112661],[48.01371357600004,-14.210324818],[48.021257810000236,-14.20559134799987],[48.02410612799997,-14.215019308000024],[48.02361802200011,-14.208575384999847],[48.00922990500004,-14.210684848999847],[48.0080451610001,-14.204011127999934],[48.00321661900006,-14.212186891999977],[48.023896310000225,-14.234807125999907],[48.01541791400018,-14.24793979299983],[48.04282447000014,-14.26604823799994],[48.0121617800001,-14.280962826999883],[48.03317527700011,-14.287962374999836],[48.033901037000135,-14.295064531000037],[48.031531,-14.288734770999895],[48.002489599000114,-14.285477118999893],[48.013382040000124,-14.311446416999843],[48.02224124600025,-14.311766941999906],[48.017177419,-14.323173060999864],[47.99709386600017,-14.306425716999911],[48.00628760600006,-14.298804541000038],[47.99186512900019,-14.282275539999944],[47.98836191700025,-14.305750615000022],[48.00255920300003,-14.333332039000027],[47.99453299800001,-14.331738417999986],[48.00044795400004,-14.344145465999986],[47.98241392099993,-14.365931312999919],[48.01113376800009,-14.388988943999891],[47.99269409800013,-14.372002561999977],[47.97852898400015,-14.37433440399991],[47.997694463000244,-14.406734513999822],[47.99297940700018,-14.408814107999945],[47.97332601000005,-14.36744671599996],[47.98249778200005,-14.336830491999933],[47.95554325099994,-14.304677116999926],[47.96474720200007,-14.299363444999926],[47.96813821100005,-14.273122421999972],[47.96259209800007,-14.270604815999945],[47.97060283800016,-14.261158115],[47.979270605000124,-14.20960184299986],[48.00327747099993,-14.165596550999851],[47.9947324860002,-14.129724603999819],[47.964300902000105,-14.124962932999836],[47.95357961200011,-14.130857784999876],[47.95761335900016,-14.144211434999875],[47.94588032000007,-14.125064178999935],[47.962420352000095,-14.12267103999983],[47.95049746200016,-14.112342424999838],[47.91002785599994,-14.088495203999969],[47.89659073399997,-14.091739570000016],[47.88775069600007,-14.096478478999984],[47.91144823900015,-14.094932574999973],[47.901211244000194,-14.115778779999857],[47.92539986500009,-14.135632904999909],[47.948313007000195,-14.16963744799989],[47.93494583800003,-14.24351833499992],[47.91972395500011,-14.259382860000017],[47.90687988200011,-14.25415904199997],[47.90355597200005,-14.240130338999904],[47.87951034600019,-14.26157213199997],[47.85047556200021,-14.258404452999969],[47.79831550400013,-14.218451211999934],[47.79147164900007,-14.238943592999874],[47.77449999900023,-14.237000004999913],[47.772834476000185,-14.249088425000025],[47.76387170300012,-14.252096140999925],[47.775202690000185,-14.29578795299983],[47.71556999900025,-14.344700003999947],[47.696591331000036,-14.40632372999994],[47.693274542000154,-14.444073694999929],[47.709573056000124,-14.468662774999814],[47.70272088400014,-14.483391788],[47.71594474200009,-14.491427601],[47.71263458800013,-14.496033458999875],[47.73532097500021,-14.524886964999894],[47.729413368000166,-14.524319419999927],[47.73094888400021,-14.53984477900002],[47.716179223999916,-14.556316223999943],[47.7147607230001,-14.57035044599985],[47.72775806600015,-14.578387113999838],[47.72752142200011,-14.598173921000011],[47.746063771000195,-14.62578249299986],[47.74407365100018,-14.636687491000032],[47.72065900800004,-14.684457363999854],[47.71048885300013,-14.695744260999902],[47.690856481000026,-14.696682443999919],[47.67725060400022,-14.739832392999858],[47.633099485000116,-14.791062127999965],[47.64066438799995,-14.808432102999916],[47.636634338000135,-14.82211960699982],[47.613577191000104,-14.843480327],[47.61282688900019,-14.855755299999828],[47.583970390000104,-14.896615375999943],[47.574506898000095,-14.93052456700002],[47.54893138700004,-14.956766527999946],[47.56224472200017,-14.972804274999987],[47.5476920870002,-15.014047134999885],[47.526001996000105,-15.027632215999915],[47.54485371699997,-15.009216479999964],[47.54605901100007,-14.986676430999978],[47.52447991200012,-14.997164121999901],[47.497686144000056,-15.031783957999892],[47.482581042000106,-15.07699462],[47.499755890000074,-15.077905881999982],[47.4505500100002,-15.100691029999894],[47.4311852510001,-15.133930036000038],[47.43548495199997,-15.113228818999971],[47.41698998200002,-15.118287019999968],[47.39804404500018,-15.106780905999813],[47.40311641700009,-15.055704212999842],[47.413331862000064,-15.037993785999959],[47.401827335,-14.980815040999858],[47.479879056000186,-14.882240277999983],[47.514160939000135,-14.821841584999902],[47.51239894499997,-14.80815218999993],[47.49014247500003,-14.815290416999915],[47.49537723500009,-14.799410919000024],[47.480752584000186,-14.770635932999824],[47.48501934100017,-14.754553849999866],[47.47366893600008,-14.750410091999925],[47.501628174000075,-14.71819490699994],[47.474206927000125,-14.704164865999871],[47.4634859840001,-14.670919154999865],[47.42004448900008,-14.703706825999973],[47.428528238000126,-14.721187161999921],[47.414361540000186,-14.707614943999943],[47.356752644000096,-14.761679339999944],[47.28226653000013,-14.859630654999933],[47.302317922999976,-14.890237443],[47.32041776300014,-14.882115626999962],[47.3387413050001,-14.891098847999842],[47.33906136600018,-14.865879007999922],[47.35612385300021,-14.853690190999941],[47.368644655000026,-14.866116746999865],[47.39089420600021,-14.866586088999895],[47.363850541000204,-14.901205284000014],[47.362892553000165,-14.906608045999917],[47.372362766000094,-14.903849431999845],[47.36654966100025,-14.912594283999908],[47.35078946200014,-14.920175090999976],[47.342048831,-14.907286554999928],[47.33040169300017,-14.928680709999867],[47.3325551810002,-14.920397136999895],[47.31716894799996,-14.919239199],[47.26190255800009,-14.956695965999984],[47.25499327099993,-14.975099299999897],[47.263969194000026,-14.983152620999931],[47.2412108960001,-14.989924197999926],[47.271166826000126,-15.004649770999947],[47.258700606,-15.006503793999855],[47.24972215400021,-14.996027025999865],[47.23976579400011,-14.99946956999986],[47.23648904600003,-14.986580796999874],[47.21395720000004,-14.996449964999954],[47.20920937300002,-15.001967107999917],[47.221757352000054,-15.001752061],[47.21992922400017,-15.021651783999914],[47.19791981100013,-15.054410827999845],[47.213281439000184,-15.069149078999828],[47.195064465000144,-15.059006649999901],[47.13853796600017,-15.102873673999909],[47.10557455800017,-15.107888251999952],[47.04628105100005,-15.185772988999815],[47.04255835500004,-15.230631357999982],[47.06762774900005,-15.24861993199994],[47.06872573500016,-15.27369732699998],[47.089364352000075,-15.273272292],[47.10097122700006,-15.261476669999865],[47.10326397700004,-15.266739623999854],[47.08929579800008,-15.29214226099998],[47.09515409499994,-15.314001945999962],[47.147995654000226,-15.290081496999903],[47.14143397300006,-15.359437587999935],[47.167924993999975,-15.394254757999818],[47.173255501000085,-15.423400839999886],[47.18783,-15.430800003999877],[47.217329555000106,-15.425717181999971],[47.241209734,-15.410865421999915],[47.28266482400005,-15.4126836289999],[47.300305612000216,-15.430683040999895],[47.321573915000215,-15.430700736999938],[47.34672330200016,-15.442459325000016],[47.376688147000095,-15.44554563500003],[47.410126977000175,-15.434795775999817],[47.44844511900021,-15.454398689999948],[47.46947437800014,-15.441946915999893],[47.53625567300003,-15.428590707999945],[47.564526073000195,-15.443444919999934],[47.58276832300021,-15.416246244999968],[47.59368775200011,-15.411827045],[47.618791810000175,-15.437397346999887],[47.62579787000004,-15.458919700000024],[47.63713155600004,-15.461993974999928],[47.68382943900019,-15.44524639999986],[47.69552311800004,-15.454230049999865],[47.70135572999999,-15.442138148999902],[47.71292060800016,-15.451893659],[47.72842729000013,-15.433980761999976],[47.7771402840001,-15.428308653999977],[47.78427262600013,-15.40605621599991]]]]}},{"type":"Feature","properties":{"shapeName":"Befandriana Nord","shapeISO":"","shapeID":"10022922B32579750162608","shapeGroup":"MDG","shapeType":"ADM2"},"geometry":{"type":"Polygon","coordinates":[[[49.47863300600011,-14.807831890999978],[49.468202859000144,-14.807624453999892],[49.44396866700015,-14.75294675899994],[49.42379564300006,-14.732207861999882],[49.40175662300015,-14.738558792],[49.3786087740001,-14.73112099199983],[49.35074040800015,-14.746208042999967],[49.33486409300025,-14.73955342399995],[49.31768439100023,-14.752820617999987],[49.294902192,-14.747081873999889],[49.29979974500014,-14.727138746000037],[49.28579815800009,-14.694546697999954],[49.27309023100014,-14.685098657999902],[49.27037084400013,-14.660606692999977],[49.260509377000176,-14.652930056999935],[49.23954600600018,-14.676141989999905],[49.245570738000026,-14.697433002999844],[49.23767854300007,-14.719152193999832],[49.2112252660001,-14.73630613499995],[49.207346770000186,-14.751855612999975],[49.19247003400011,-14.74801398499983],[49.16254457500003,-14.764072285999873],[49.15062192600004,-14.754376168999897],[49.122671656999955,-14.764784554000016],[49.1165534070002,-14.755883558999926],[49.079843649,-14.75577286999993],[49.08406195800006,-14.78771078899996],[49.10458202600006,-14.825917599999912],[49.08414964200006,-14.85077513799996],[49.039746591000096,-14.87259910899985],[49.034055221000074,-14.917299637999918],[49.00535922200015,-14.91805943899982],[48.96795157300005,-14.947865832],[48.92377597700016,-14.952330581999831],[48.89441877200022,-14.972848621000026],[48.86977888000024,-14.972317060999899],[48.873557057000085,-14.957657221000034],[48.8526804400002,-14.926425120000033],[48.84806380500021,-14.903665191999892],[48.798990140000114,-14.880123199999957],[48.77544190800006,-14.878218336999907],[48.75485598700021,-14.850173766999944],[48.73928828100014,-14.848387258999935],[48.72985553400014,-14.825835490999964],[48.71409532200016,-14.820113754000033],[48.711504574,-14.802785250999875],[48.67074048800015,-14.813953583999876],[48.66312939200009,-14.79961805999983],[48.652403883000034,-14.798369337],[48.63389325700024,-14.817519698999888],[48.6410138980001,-14.88458677799997],[48.61655739300011,-14.881107597999971],[48.61384906600006,-14.907902232999902],[48.59783642399998,-14.9130665859999],[48.55514793899994,-14.899264496999933],[48.53185955500004,-14.90305541499987],[48.49933191100007,-14.87607511799996],[48.47699291800012,-14.871955582999988],[48.4301699990001,-14.895970004999924],[48.39406696100025,-14.884412790999875],[48.37093224199998,-14.84693778899998],[48.34249505900016,-14.839677447999861],[48.31406253999995,-14.856704920999903],[48.29979426300025,-14.893401981999887],[48.288767559000235,-14.886638699999935],[48.294583937000084,-14.916179190000037],[48.30694073500018,-14.931810718999941],[48.29261190100016,-14.95286121499987],[48.29501391700012,-14.969336408999936],[48.28768022900016,-14.9831256],[48.28865189600015,-14.994089789999975],[48.29610779800015,-14.991188669999929],[48.30721673300013,-15.008972682000035],[48.32423188300021,-15.003598715999829],[48.34497372300007,-15.048515028999816],[48.303439102000084,-15.046769155999868],[48.248849999000015,-15.094150004999847],[48.223289811000086,-15.133636090999971],[48.21998306900025,-15.192062065999892],[48.23200656800003,-15.22943696099992],[48.20459359700021,-15.266508437999903],[48.20377876700013,-15.278418086999977],[48.18634945400015,-15.292814154999974],[48.18273241999998,-15.309410809999974],[48.19282498700011,-15.313562648999948],[48.19853796200016,-15.340700989999903],[48.21630585800017,-15.35343593999994],[48.21671933800013,-15.371923077999952],[48.20701693500018,-15.380166637999821],[48.1828133300001,-15.378665843999897],[48.16564121600021,-15.386899449999817],[48.15129731700006,-15.386994269999946],[48.14571169000004,-15.377904882],[48.12295119100003,-15.379596688999925],[48.09159266100016,-15.410266064999973],[48.04831768099996,-15.4273897569999],[48.04251010500013,-15.441290949999882],[48.07716201100004,-15.472277032999955],[48.100911549000045,-15.55046506999986],[48.13055,-15.542570004999959],[48.142719292000095,-15.55630478099988],[48.225444352000125,-15.557766958999878],[48.236787060000154,-15.571126237999977],[48.2764471750001,-15.573063088999845],[48.282491064000055,-15.58848276599997],[48.29418309100015,-15.594274373000019],[48.31740539400016,-15.578664835999973],[48.31435384300016,-15.559608089999813],[48.36203791600019,-15.575638937999884],[48.38534978600006,-15.573471943000015],[48.40196437300017,-15.613052374999938],[48.42477563699998,-15.616629380999939],[48.431143772000155,-15.64278473600001],[48.440585292000094,-15.649091751999947],[48.50861913800014,-15.638332271999843],[48.54767000000021,-15.647830004000014],[48.548425139000074,-15.622461379999947],[48.56053562900024,-15.61326352499998],[48.55768230800015,-15.58529555499996],[48.56747850900001,-15.539406912999823],[48.58452207300013,-15.52167692699993],[48.58549451700014,-15.510386915999902],[48.653157428000156,-15.47620655799983],[48.64862503000012,-15.439180992999923],[48.65687352300023,-15.424595073999853],[48.68421697599996,-15.423763162999933],[48.68635220400006,-15.444641602999923],[48.70585679800007,-15.446465236999813],[48.73738949500006,-15.416197184999817],[48.75435974200008,-15.411164193999866],[48.79924576900004,-15.436242185999959],[48.867121470000086,-15.440858365999986],[48.883538546999944,-15.478516765999927],[48.875768924000056,-15.49177201799995],[48.87995261999998,-15.50304367199982],[48.901250000000175,-15.497230004000016],[48.91446243400003,-15.5144318749999],[48.92520386899997,-15.516214387999867],[48.932320000000175,-15.498420004999957],[48.96029763000013,-15.488120276999894],[48.96473791500006,-15.472948311999914],[48.97877612200011,-15.464888082999835],[48.993694679000214,-15.469689951999953],[49.02683172400009,-15.450447929999825],[49.01039350200011,-15.416481895999937],[49.017614742000035,-15.394893852999871],[48.99921136500012,-15.37945386299998],[49.00195950700015,-15.353730848999817],[49.03669672300015,-15.360801507999895],[49.04829313300024,-15.348661737999976],[49.05797964300001,-15.351137349999817],[49.0821136190001,-15.338161069999956],[49.09214418,-15.33928170199988],[49.09402030200016,-15.350202805999857],[49.105206265000106,-15.349538777999896],[49.11071031000017,-15.33867910999993],[49.174620768000125,-15.316613551999865],[49.18250653400014,-15.295487257],[49.21793559400021,-15.287016974999915],[49.23366815200018,-15.292318694999835],[49.26341015700018,-15.281926935999934],[49.27369067900008,-15.290277458999867],[49.31014433200011,-15.241526304999923],[49.32006328800014,-15.249118068999962],[49.33728735699998,-15.24243873699993],[49.34569247400009,-15.256160627999918],[49.36841186000015,-15.237545626999918],[49.365615244000026,-15.138871972999937],[49.350374490000036,-15.116179957999975],[49.355642476000185,-15.08079380800001],[49.36256664200005,-15.070912019999867],[49.371620026000016,-15.07963273699994],[49.38508786200009,-15.072288679],[49.390378841000086,-15.08757203499988],[49.391135870000085,-15.081176081999843],[49.403994989000125,-15.087931426999944],[49.41298744000011,-15.104562175999831],[49.418134703000135,-15.094958750999979],[49.42329134,-15.099546535999878],[49.42631326200012,-15.114971917999867],[49.44060129199994,-15.09396102200003],[49.45254427800012,-15.096345319999955],[49.44649578800005,-15.070670598999868],[49.46507182200014,-15.023151648999828],[49.45220687400007,-14.99149107799991],[49.46726552400014,-14.930249165999953],[49.464259866000134,-14.918664375999867],[49.43040261400006,-14.918265223999981],[49.41945869399996,-14.878522179000015],[49.442213425000034,-14.860389639999937],[49.45873504600024,-14.857497568999918],[49.47863300600011,-14.807831890999978]]]}},{"type":"Feature","properties":{"shapeName":"Antsohihy","shapeISO":"","shapeID":"10022922B54557741887580","shapeGroup":"MDG","shapeType":"ADM2"},"geometry":{"type":"Polygon","coordinates":[[[48.04088378200015,-15.439797065999926],[48.05014687299996,-15.425139758999876],[48.09009772600018,-15.411274964999961],[48.12050839600016,-15.379937659999882],[48.168154415999936,-15.386419507999904],[48.18072611600007,-15.37928476199994],[48.20701693500018,-15.380166637999821],[48.21814445899997,-15.36815390799984],[48.214578579000204,-15.349294892999978],[48.1992528290001,-15.343890095999882],[48.183779361,-15.304675261999932],[48.23200656800003,-15.22943696099992],[48.22011629700006,-15.19339802199994],[48.223289811000086,-15.133636090999971],[48.248849999000015,-15.094150004999847],[48.30159259600009,-15.047987164999938],[48.33198010600012,-15.050143402],[48.345116646000065,-15.043270391000021],[48.32423188300021,-15.003598715999829],[48.30459039600015,-15.007567539999854],[48.288146398000094,-14.987939872999902],[48.29607293700019,-14.969871769],[48.292324840000106,-14.953550986999915],[48.307365298000036,-14.932639657999971],[48.294583937000084,-14.916179190000037],[48.28650416900018,-14.884393662999912],[48.30132,-14.891980003999834],[48.31247539000009,-14.860037744999943],[48.34143310000013,-14.839929],[48.3687841200001,-14.844641739999815],[48.39406696100025,-14.884412790999875],[48.4301699990001,-14.895970004999924],[48.463729999000066,-14.871330004999834],[48.46204999900016,-14.762580004999961],[48.410814731000016,-14.782778966000024],[48.3428570050001,-14.72211385299994],[48.335540460000175,-14.697668140999838],[48.35928956900011,-14.684049412000036],[48.36065675700024,-14.662503052999853],[48.34507948000021,-14.615588566999918],[48.32095331800008,-14.58654357099988],[48.309224401000165,-14.584342898999864],[48.279942511000115,-14.597273034999887],[48.273562040999934,-14.614417717999856],[48.258352341000034,-14.624353305999819],[48.223700469000164,-14.621898667999858],[48.218487656000036,-14.542806753999855],[48.209442357000114,-14.52151809299994],[48.1802271320002,-14.509263479999959],[48.17252582500009,-14.515906677999908],[48.18706939900011,-14.521309765999945],[48.183351532000074,-14.530520655999908],[48.16039453100012,-14.52610382399996],[48.15471999900012,-14.509830005000026],[48.13494684900013,-14.525393046999852],[48.11918292700017,-14.504902659999914],[48.104217888000164,-14.513478386999907],[48.09373939200003,-14.508715799999834],[48.088622143,-14.517608492999955],[48.095647276000136,-14.534535701999857],[48.07180776100023,-14.55371259299983],[48.05454442400014,-14.54680346399988],[48.04735621100019,-14.525250923999977],[48.03788863800014,-14.521821909999858],[48.02812999899993,-14.537620004999951],[48.0039039520002,-14.552734811999926],[48.01110508300013,-14.588915203999989],[47.9950746720001,-14.596115911999902],[47.99715343600013,-14.609301943999867],[47.97959959900015,-14.618837712999891],[48.002745217000154,-14.756236308999974],[47.98175606800015,-14.787214369000026],[47.93976276900008,-14.811514773999988],[47.903429999000195,-14.799370005000014],[47.87669043100021,-14.801189611999916],[47.85350594400012,-14.7871240099999],[47.80503650400004,-14.80450110899983],[47.79457566399992,-14.865125129999967],[47.777940344,-14.900082519999842],[47.765344922000054,-14.908581142999935],[47.76819551300014,-14.92028244],[47.7910275430001,-14.93619194199988],[47.78761225400024,-15.002103463999845],[47.800961434000214,-15.0162588419999],[47.80394054800013,-15.035611976999974],[47.796388890999935,-15.073308471999894],[47.777961281000046,-15.069359321999912],[47.74801063800004,-15.084313559],[47.74560780700011,-15.121783494999818],[47.73454193500004,-15.121408745999815],[47.7171902730002,-15.151678275999927],[47.72476581299992,-15.200904302999902],[47.70845377500012,-15.213220882999963],[47.695830607000175,-15.268355995999912],[47.70039999900007,-15.28715000499983],[47.68918267100008,-15.30449530999988],[47.70190103400017,-15.357135043999847],[47.76864490700018,-15.401673949999974],[47.78427262600013,-15.40605621599991],[47.810752274000095,-15.373949347999826],[47.85137148100017,-15.354853263999871],[47.87905265600017,-15.367256423999834],[47.88131088900025,-15.401761819999876],[47.950807683000164,-15.370335599999976],[47.996103575000234,-15.396461061999958],[48.04088378200015,-15.439797065999926]]]}},{"type":"Feature","properties":{"shapeName":"Bealanana","shapeISO":"","shapeID":"10022922B56468572037030","shapeGroup":"MDG","shapeType":"ADM2"},"geometry":{"type":"Polygon","coordinates":[[[48.32562082900017,-14.589160092999919],[48.35417429499995,-14.633759360999875],[48.36065675700024,-14.662503052999853],[48.35928956900011,-14.684049412000036],[48.336322242,-14.695876271999907],[48.343912642000134,-14.724163687999976],[48.409801325000046,-14.783029238999859],[48.46040632100005,-14.760587960999885],[48.463729999000066,-14.871330004999834],[48.49926864900016,-14.876059371999986],[48.53166769500018,-14.902911874999916],[48.55500615200003,-14.899259354000037],[48.57951217100003,-14.910584124000025],[48.60674266900014,-14.91100880099998],[48.61580481400006,-14.903697908000026],[48.61655739300011,-14.881107597999971],[48.64129597400017,-14.884979435999867],[48.646085762000155,-14.86918738700001],[48.63599372099992,-14.862370557999895],[48.631755882999926,-14.833921653999937],[48.649075625000194,-14.801280562999978],[48.660017301000096,-14.796639611999865],[48.66656210800011,-14.811705291999942],[48.67760285100013,-14.814281463999919],[48.685285023000176,-14.806770029999882],[48.71395985800012,-14.80401472199992],[48.71241082500012,-14.816013120999855],[48.7343279590001,-14.831073467999829],[48.73928828100014,-14.848387258999935],[48.75485598700021,-14.850173766999944],[48.773532270000146,-14.876439950999952],[48.84993105600006,-14.904453339999918],[48.84832061700013,-14.915831243999946],[48.873623203999955,-14.958899677999966],[48.87485751200012,-14.976456953999957],[48.908737424000094,-14.968425258999957],[48.92377597700016,-14.952330581999831],[48.96795157300005,-14.947865832],[49.00535922200015,-14.91805943899982],[49.032886174000055,-14.920179843000028],[49.03722265300013,-14.875969762999944],[49.064673728000116,-14.86504447999988],[49.10374851200004,-14.829257342999938],[49.083347401000026,-14.78675438599987],[49.07893486000006,-14.757481519999885],[49.11430729900013,-14.755841316999977],[49.122671656999955,-14.764784554000016],[49.14851671500003,-14.754359607999959],[49.16100391400016,-14.765424129],[49.18991938100015,-14.749025103999827],[49.207346770000186,-14.751855612999975],[49.2112252660001,-14.73630613499995],[49.23767854300007,-14.719152193999832],[49.24600477200005,-14.699418702999822],[49.24192005900022,-14.671573833999958],[49.260509377000176,-14.652930056999935],[49.299152555000035,-14.72844689499982],[49.293247970000095,-14.744028569999955],[49.30688867900011,-14.752559874999918],[49.33687429600019,-14.739313071999959],[49.35320857000005,-14.744681026999842],[49.37621348300024,-14.732441593999852],[49.39901625600021,-14.738564375999829],[49.42233036699997,-14.732336389999944],[49.438742619000095,-14.705833995000035],[49.42282560100011,-14.692185943000027],[49.42328377100017,-14.6759336209999],[49.38840169100007,-14.621073196999873],[49.30931242600019,-14.608622910999827],[49.31291402800014,-14.586360044999878],[49.35638775300015,-14.543285730999969],[49.37309055000003,-14.540677758000015],[49.39202572900007,-14.52297053899997],[49.41188944300012,-14.521539028999825],[49.360897526000144,-14.479364452000027],[49.32885371200024,-14.47575396699989],[49.328507788000195,-14.465808566999897],[49.31404562500006,-14.458007617999897],[49.29297181600015,-14.460489705999919],[49.24960047800022,-14.41409227399987],[49.24571093100019,-14.37349098299984],[49.20054591100012,-14.358436551000011],[49.155785803000185,-14.319760846999884],[49.140530077,-14.293281964999892],[49.106662939000046,-14.260118661999968],[49.10689229600007,-14.194025099999976],[49.08017149600005,-14.20611766899998],[48.9878293380001,-14.156969735999894],[48.981549811000036,-14.162676807999844],[48.96834549900012,-14.148035064999874],[48.93093469800016,-14.164944710999919],[48.881035230000236,-14.21870894999995],[48.83898642800011,-14.236775227999942],[48.8126891500001,-14.265098757999908],[48.79221357600005,-14.260239387999832],[48.774385310000184,-14.223013807999962],[48.75585337900014,-14.209209359],[48.72741613200009,-14.208779595999943],[48.69645635800015,-14.237480874999903],[48.68137247400017,-14.240278782999951],[48.640657097000144,-14.23032178699998],[48.55424999900009,-14.227620004999892],[48.51337216500019,-14.21375236099982],[48.498523086000034,-14.193541942999957],[48.47697850500009,-14.193322492999926],[48.476179041000194,-14.215777052000021],[48.45007661500017,-14.262941500999943],[48.43525025800011,-14.27661991499997],[48.39958741800024,-14.282095585999969],[48.41234878800003,-14.293375100999867],[48.41519234100002,-14.311258054999882],[48.436371107000184,-14.325588244999949],[48.4286113070001,-14.36033666399993],[48.415275535000205,-14.376492946999974],[48.43425899700003,-14.388735599999904],[48.43943387000019,-14.435542047999945],[48.43301609400015,-14.445301267],[48.37408274800009,-14.451127362999841],[48.352949894000176,-14.461667256999817],[48.344352406999974,-14.476960427999984],[48.34153545000004,-14.570017322999831],[48.32562082900017,-14.589160092999919]]]}},{"type":"Feature","properties":{"shapeName":"Mampikony","shapeISO":"","shapeID":"10022922B54995100782210","shapeGroup":"MDG","shapeType":"ADM2"},"geometry":{"type":"Polygon","coordinates":[[[48.2325538450001,-16.240528791999964],[48.186941206000085,-16.171032692999916],[48.14100042600012,-16.128734540999915],[48.13318550999992,-16.129294632999915],[48.12245353600014,-16.098185260000037],[48.06804237300008,-16.05331921499993],[48.035899690000235,-15.998015600999906],[47.99001248100018,-16.005798342999924],[47.98011723899998,-15.994009107999943],[47.94720505600009,-15.983856561999971],[47.9399917880001,-15.990955948000021],[47.90042779600003,-15.989517051999883],[47.8694068690001,-16.00305324599998],[47.85471245100018,-15.97742261899998],[47.813031464,-15.960484512999813],[47.80517341500007,-15.94201530499987],[47.80862623500013,-15.921396437999874],[47.794422602000054,-15.930142948999958],[47.79103799600017,-15.915943372999948],[47.76760551600006,-15.910952500999826],[47.746612528000185,-15.874662756999953],[47.718376239000065,-15.857596646999923],[47.70687141500014,-15.874702965999916],[47.68097221000011,-15.879539710999893],[47.6605771990001,-15.784534712999971],[47.63526255000011,-15.792100972999833],[47.62806059000019,-15.77751004199996],[47.60729779800022,-15.77855168100001],[47.61208679000015,-15.791663376999963],[47.60311907900001,-15.815954455999872],[47.60404126800023,-15.851012572999878],[47.58225473400006,-15.873549714999967],[47.56798304700004,-15.90919640299984],[47.550647273000095,-15.907999145999895],[47.54448029700018,-15.897401510999941],[47.51733232600009,-15.884189239000023],[47.46693513600019,-15.88202785999988],[47.450543173000085,-15.915550696999958],[47.430353966000155,-15.924586549999844],[47.40527472600007,-15.960826802999975],[47.383409885000106,-15.975711728000022],[47.27490984700012,-16.01109069699993],[47.22221048600011,-16.002296571999977],[47.21717776000003,-15.989827266999896],[47.18407585500006,-15.98478326999998],[47.16630851400021,-15.98455379599983],[47.16214038100003,-15.994483454000033],[47.1610431740001,-16.00594182799989],[47.17453708100004,-16.022454020999817],[47.172470984000086,-16.04002921599988],[47.19390681000016,-16.04720157799983],[47.20084773100007,-16.083140466999907],[47.21526441500009,-16.09405782700003],[47.23554127400013,-16.089125576999947],[47.238085396000145,-16.09417932699995],[47.22085103699993,-16.11264334399982],[47.22952833800019,-16.12889923799986],[47.22683678700014,-16.14527156299988],[47.237668595,-16.147468172],[47.244526158000156,-16.13924797100003],[47.27189143600003,-16.15513450799989],[47.2772176150001,-16.171526022999956],[47.268789845000185,-16.186240745999953],[47.267826638000145,-16.21561536799993],[47.28352399500017,-16.246933254999817],[47.34883217700013,-16.253471271999956],[47.345976724000195,-16.28825934799994],[47.33300762100015,-16.303680096],[47.33929691200012,-16.320300572],[47.35974277300011,-16.32334384599983],[47.36881662500019,-16.317041093999876],[47.37857845400009,-16.327394083999934],[47.39531061100013,-16.320612868000012],[47.43400742400013,-16.35576441099994],[47.43619974600017,-16.389681453999856],[47.42578248600012,-16.417659796999942],[47.50508854500015,-16.437485964999894],[47.52811849600005,-16.436073321999913],[47.53038932000021,-16.409637116999875],[47.57915221800005,-16.421732088],[47.62895464200011,-16.415657345],[47.639305074000106,-16.428370216999895],[47.67406385000015,-16.43413395700003],[47.66324131300007,-16.466697457999885],[47.669958405000216,-16.505047388999856],[47.702073512000084,-16.507697825999855],[47.745214216000136,-16.54340520299985],[47.75649626500024,-16.544678220000037],[47.75330790400011,-16.549444517999973],[47.76489511300025,-16.551228135999906],[47.77778415800009,-16.534428051999953],[47.824917555000184,-16.56543133699995],[47.8596490020002,-16.56152780100001],[47.89259400900016,-16.587748211999838],[47.90451913700008,-16.583555919],[47.730620354,-16.381028937999815],[47.69714337000016,-16.31507255199989],[47.71077075000005,-16.309741342999928],[47.73492038300009,-16.356796887999906],[47.78415421000011,-16.399595126999884],[47.807027444000084,-16.400658045],[47.87198678500005,-16.377892160999977],[47.92431875100016,-16.311949265999942],[47.948344353000095,-16.295480363000024],[47.96100032000021,-16.251206622999916],[47.957019686000194,-16.241891512999928],[47.9799005480001,-16.258017189999862],[48.02061788200001,-16.250357459999975],[48.03331522700017,-16.260703653999826],[48.11224229300018,-16.282286143999897],[48.13625056100017,-16.26855301299986],[48.15692591100003,-16.274465008],[48.17290761999993,-16.25454606999989],[48.18982244200009,-16.247000403999948],[48.211939356000016,-16.25014750799994],[48.2325538450001,-16.240528791999964]]]}},{"type":"Feature","properties":{"shapeName":"Maevatanana","shapeISO":"","shapeID":"10022922B61824869015313","shapeGroup":"MDG","shapeType":"ADM2"},"geometry":{"type":"Polygon","coordinates":[[[47.3489250340001,-17.77743079100003],[47.364300913000136,-17.77002276599984],[47.35066685700002,-17.746393542999897],[47.38825953300005,-17.729957908999893],[47.398852563000105,-17.6891872249999],[47.395366592000244,-17.679159107999908],[47.370518987000025,-17.66660978999994],[47.39000665800012,-17.623216573999855],[47.36717645300001,-17.59565571099995],[47.36438604500006,-17.55675080999987],[47.35658097400011,-17.548642909999955],[47.35424077400006,-17.56653199899995],[47.34080082299994,-17.5615173139999],[47.326951509000196,-17.530942101],[47.338011403999985,-17.52150437],[47.324580333000085,-17.517525799999873],[47.31093184800011,-17.477190183],[47.31701543900016,-17.45755498899996],[47.307303287000195,-17.456535311999858],[47.29343074200017,-17.423142987999825],[47.268039259999966,-17.412612329000012],[47.28247485700007,-17.385538287999964],[47.25183254600017,-17.342545178999842],[47.24262902600003,-17.290512412],[47.2245389000002,-17.2643748079999],[47.18926678500003,-17.273504565],[47.18144358000012,-17.24368027599985],[47.16248599300019,-17.250646463999885],[47.15578388400013,-17.23025273899998],[47.141382840000176,-17.22331236299982],[47.13985599100005,-17.206406812999944],[47.12849464400017,-17.20321523099983],[47.12372619900003,-17.182494171999906],[47.098500079000246,-17.164190027999837],[47.09669532900011,-17.143079344999933],[47.117450425000186,-17.117466091999972],[47.13623830700004,-17.11678436899996],[47.144148690000065,-17.098214817999974],[47.15595099900003,-17.09809794199998],[47.187182330000155,-17.076460018999853],[47.21648415499993,-17.032287002999908],[47.24376220900007,-17.055903770999976],[47.250222649000136,-17.052372736999928],[47.25110101500013,-17.022778117999962],[47.266379999000094,-16.99878000399997],[47.30771867100009,-17.014357397000026],[47.32743,-16.99340000399991],[47.327149999000085,-16.953420002999962],[47.31677147400012,-16.94147373899989],[47.324440506000144,-16.932915529999832],[47.31740779500012,-16.91504516999987],[47.32513000000017,-16.90020000499993],[47.30512009300003,-16.894554658999823],[47.31326184900007,-16.872907241],[47.30123780099996,-16.863175884999862],[47.305679748000045,-16.85314760799986],[47.29495417900017,-16.82359907299997],[47.312668226000085,-16.76794467799988],[47.31460775900007,-16.74934484399995],[47.30564473200019,-16.73327366699982],[47.317504665000115,-16.723661155999935],[47.295810420000066,-16.699564873999975],[47.292828442000086,-16.661922787999856],[47.240587456000014,-16.647520705999966],[47.22681343800008,-16.621396926999864],[47.213523951000184,-16.613472993999892],[47.19815419699995,-16.611866929999962],[47.19441220100015,-16.621059724999952],[47.179498899000066,-16.622422052999866],[47.15720923900005,-16.603264487],[47.13804798400014,-16.60563446499998],[47.13479538600012,-16.591437294],[47.11351038100014,-16.584481137999887],[47.09589999900004,-16.566250003999926],[47.09294999900021,-16.578670003999946],[47.05241388700017,-16.56156021700002],[47.00646999900016,-16.562880003999965],[46.95856538700008,-16.60529438599997],[46.948079408000126,-16.605631648999918],[46.94579367,-16.59536188599992],[46.92545557300008,-16.63020468699989],[46.91048406800007,-16.62839205],[46.89672754900005,-16.65201699399995],[46.86326391999995,-16.654365907999875],[46.78649962200018,-16.613502008999887],[46.7480957570001,-16.623988507999968],[46.71875882400025,-16.620271112999887],[46.702649929000074,-16.60467659099993],[46.693268471000124,-16.604844393999883],[46.67745268900018,-16.627633362999916],[46.676486763000185,-16.712169020999852],[46.65675679300017,-16.728851170999917],[46.65809112599999,-16.795485476999886],[46.619013425000105,-16.83362824099987],[46.6289834910001,-16.85799151499998],[46.629124201000195,-16.88438108299988],[46.620000038000114,-16.903636198999834],[46.592900780000036,-16.914311356999917],[46.59960247600014,-16.934921709999912],[46.594956776000174,-16.964822155999855],[46.558646183000064,-17.00015623099989],[46.53314358299991,-16.978897064999842],[46.51525122200019,-16.980926494999892],[46.51262711200013,-16.992258537999874],[46.49001580300006,-16.988357888999985],[46.46603596100016,-17.027360165999937],[46.46011062400004,-17.069284778999815],[46.47732191000023,-17.12277307399995],[46.452460950000045,-17.13813774299996],[46.45919377500013,-17.149177345999817],[46.45088977000006,-17.18558920899983],[46.41861343300019,-17.230423928999926],[46.3648570270002,-17.268867919999877],[46.339269958000045,-17.265130548],[46.28994598300005,-17.281056464000017],[46.29146592300009,-17.295010659999946],[46.318225796000036,-17.328991608000024],[46.34814692900011,-17.341075981999893],[46.367223795000086,-17.358911029999945],[46.38665706799992,-17.43491706999987],[46.42792634600005,-17.448667284999885],[46.445957952000015,-17.436297485999944],[46.467679657000076,-17.477416479999988],[46.47216076100011,-17.497934543999918],[46.459208223000076,-17.51677078899985],[46.46483691600014,-17.52350084],[46.45154643800004,-17.54116253399991],[46.44076869400021,-17.543218755999874],[46.46515721200018,-17.591505132999885],[46.4788868870001,-17.59985663499998],[46.482506984000054,-17.618337310000015],[46.47179515399995,-17.641540147999933],[46.47588013500018,-17.65151385399986],[46.441931602000125,-17.688111975999846],[46.443421668000155,-17.70825387499991],[46.465500587000065,-17.74563741099996],[46.48600769500007,-17.76396286699992],[46.49630790300017,-17.76027067799987],[46.504584176000094,-17.767778602999954],[46.52207997100004,-17.75914891999986],[46.52565898200015,-17.737772207999853],[46.539048947000026,-17.728173175999927],[46.54638574200004,-17.75032170699984],[46.58907743300017,-17.751653370999975],[46.61050840900003,-17.74325553899996],[46.63141957200014,-17.754464250999945],[46.65236730100008,-17.737483573999953],[46.66299040700011,-17.73930150099983],[46.73453014499995,-17.708719713],[46.77997579200007,-17.712998604999825],[46.80050625400003,-17.74453023099983],[46.79677249200017,-17.82705310900002],[46.805486694000194,-17.841934447999847],[46.81098275700009,-17.845098907000022],[46.85543948900016,-17.814540614999885],[46.918627669000216,-17.832092537999984],[46.92717920600012,-17.841531455999984],[46.963090020000095,-17.83217881699983],[46.97911260799992,-17.837974373999828],[46.993118049000145,-17.817368266000017],[47.04462802800015,-17.879099599999847],[47.0531128140002,-17.874860070999887],[47.05648088500004,-17.82944171699984],[47.09978743500017,-17.78583091299987],[47.11476069200012,-17.782848785999875],[47.14620254500011,-17.798850076],[47.16196484999995,-17.79024270499997],[47.16854395200005,-17.767003844999977],[47.18560285100011,-17.75538621499993],[47.21241430900017,-17.766328681],[47.243600497000216,-17.751455025999917],[47.27305536800009,-17.74958023499994],[47.31762596600015,-17.763854588000015],[47.32418071200016,-17.77846887099986],[47.3489250340001,-17.77743079100003]]]}},{"type":"Feature","properties":{"shapeName":"Tsaratanana","shapeISO":"","shapeID":"10022922B96360954496738","shapeGroup":"MDG","shapeType":"ADM2"},"geometry":{"type":"Polygon","coordinates":[[[47.487429637000105,-17.909081312999945],[47.496155018000024,-17.90941141799982],[47.50713408500013,-17.941230190999875],[47.550407999000186,-17.92108546399993],[47.569708732000095,-17.896872396999925],[47.57955381300013,-17.896365646],[47.58284922800004,-17.91915180599989],[47.65217303800006,-17.908151921999888],[47.65439999900019,-17.88062000399998],[47.6345826590001,-17.853695097000013],[47.672832080000205,-17.811344177000024],[47.68059413800012,-17.785395328],[47.67658079300014,-17.76440026499995],[47.71264540600009,-17.759827157999837],[47.74005309000012,-17.77629604299983],[47.76123626000009,-17.778862844999935],[47.790917270000136,-17.750924629999815],[47.80744066000017,-17.76225899399998],[47.832717252000066,-17.75059151299996],[47.895398028000045,-17.800184664000028],[47.890394899000114,-17.837255908999907],[47.86267999900002,-17.855700003999914],[47.86369999900006,-17.87318000399989],[47.88154999900013,-17.874380003999875],[47.89442999900018,-17.863530003999927],[47.886549999000124,-17.848780003999934],[47.892239115999985,-17.83922120899996],[47.91948239300018,-17.874984528999903],[47.93879352400006,-17.87961470899984],[47.936194681000075,-17.864207051999983],[47.958883670000034,-17.814580860999854],[47.95078742200019,-17.787611456999855],[47.973613773000125,-17.754611281999928],[47.97750501799993,-17.72964240399989],[47.999927779000075,-17.724621248999938],[47.988068398000166,-17.715120311999954],[47.99149858100003,-17.691514499999982],[48.01039599100005,-17.67992142399993],[48.036728150000215,-17.679351043],[48.04992518500012,-17.65341850999988],[48.01026994000023,-17.63421565199991],[48.00958000000014,-17.618400003999852],[47.975120000000175,-17.586830003999864],[47.98282942900005,-17.556872267999893],[47.96016325800019,-17.560831499999836],[47.942694686000095,-17.53201594199993],[47.9324423650001,-17.528624722999837],[47.91846695700019,-17.484256873999925],[47.92299186500014,-17.462106013999914],[47.93444971600019,-17.4717518249999],[47.96802643900003,-17.442504291999967],[47.993085721000114,-17.44633318699988],[48.025429953000184,-17.394206956],[48.04477773800011,-17.407929822999904],[48.06549203200018,-17.407430020999925],[48.07270411400003,-17.42194606499993],[48.09863683699996,-17.413499687999888],[48.10795630200005,-17.383444769999926],[48.096957462000034,-17.36339148599984],[48.10336047499999,-17.33895988599994],[48.110922481000046,-17.333012927000027],[48.12763755800012,-17.337857508999946],[48.149361203000126,-17.321689802999913],[48.14837414800007,-17.281574872999897],[48.139369466000176,-17.261782335999897],[48.1497111270001,-17.23144734799996],[48.17284382600019,-17.230080563999934],[48.196195893000095,-17.185788479999815],[48.17602179300013,-17.152800692999847],[48.18072906400016,-17.059177887999965],[48.13468465500006,-17.069606452999892],[48.11736653600008,-17.04850234099996],[48.101243759000226,-17.05645922199983],[48.085717289,-17.042770735999852],[48.084637663000024,-17.03028396799982],[48.05253956700005,-16.986872388],[48.070367654000165,-16.972819966999907],[48.05194167300016,-16.96366798999992],[48.0480699540002,-16.949004295],[48.06333505400005,-16.929510178999976],[48.066004988000145,-16.903381238999884],[48.0457334780001,-16.89675869699994],[48.03099746300006,-16.86839298899997],[48.005074628000045,-16.85554405],[48.01164883299998,-16.834784467999896],[47.985035326999935,-16.78643953],[47.948082262000185,-16.76060041599999],[47.92649066100006,-16.728015395999876],[47.945036365000135,-16.701851846999944],[47.9373829220001,-16.668674208999903],[47.94758098500017,-16.64013158800003],[47.91837733300025,-16.589135201000033],[47.8908535920001,-16.585394421999865],[47.86416771400013,-16.563198785999873],[47.82895853900004,-16.567097345999855],[47.779029021000156,-16.534190305999914],[47.76489511300025,-16.551228135999906],[47.754401191000056,-16.551860264999902],[47.75715314500002,-16.54561074499992],[47.70373258299992,-16.508689727999865],[47.67093596500007,-16.50513627700002],[47.66269696400025,-16.462563417999945],[47.675003575000176,-16.4362448629999],[47.639305074000106,-16.428370216999895],[47.634681672,-16.41786408299987],[47.578389263000076,-16.42157485899986],[47.528605944000105,-16.410355532999915],[47.52999581400013,-16.43496336699991],[47.50656473100008,-16.437250845],[47.432000562000155,-16.41758813799987],[47.41445473300013,-16.420122652999964],[47.388156533000085,-16.400721533000024],[47.33511910700008,-16.338565986999868],[47.32437486900017,-16.33576361899992],[47.301658402000044,-16.347230121999814],[47.289020301,-16.380159231999983],[47.301554035999914,-16.39151290999996],[47.298140512000145,-16.396300559999872],[47.27581012100018,-16.39736953499994],[47.24226966600014,-16.422080437999966],[47.23238112000013,-16.465788276999888],[47.20537415600006,-16.45938863299989],[47.18385035999995,-16.482216602999983],[47.16995058200007,-16.482355668999844],[47.16483808900011,-16.502595148999887],[47.17393315900017,-16.52131166399988],[47.196885889000214,-16.522514690999856],[47.200803322999946,-16.535825684999963],[47.21558627100006,-16.543447247999893],[47.21720933900008,-16.569711476999885],[47.23056996899993,-16.562311631999933],[47.26746132000011,-16.579883773],[47.299096214000144,-16.597508776999916],[47.30264765400017,-16.61277677499993],[47.309381508000115,-16.596562481999854],[47.320984518000216,-16.59789370099986],[47.33054419500007,-16.621372557999905],[47.340556930000105,-16.623859253999854],[47.33584270500006,-16.638156504999927],[47.34247489100011,-16.654544811999926],[47.324772950000124,-16.688827928999956],[47.310712105000164,-16.695129346999977],[47.30994805600011,-16.714063034],[47.318496833000154,-16.721123003999878],[47.30530243400011,-16.730670302999897],[47.31394999899999,-16.764500003999956],[47.295620249000024,-16.822583588999976],[47.304267077000134,-16.85075357300002],[47.299777286,-16.86078203199986],[47.315749999000104,-16.877750002999846],[47.3045629770001,-16.89047697099994],[47.32513000000017,-16.90020000499993],[47.3177135750002,-16.914011467999956],[47.32410170600019,-16.930796477],[47.315393306000146,-16.9446096719999],[47.327149999000085,-16.953420002999962],[47.32743,-16.99340000399991],[47.30771867100009,-17.014357397000026],[47.266379999000094,-16.99878000399997],[47.25331186300008,-17.019459354999924],[47.24786999900016,-17.055900004000023],[47.21605558200008,-17.031210630000032],[47.187182330000155,-17.076460018999853],[47.14043151300007,-17.10125351499994],[47.13623830700004,-17.11678436899996],[47.118598103000124,-17.117337178999946],[47.104837719000045,-17.12857895399992],[47.097005747000026,-17.159980618999896],[47.12492395100003,-17.184659607999947],[47.1271887800001,-17.20064903999986],[47.14111307600007,-17.20884766300003],[47.14201387800017,-17.225224922999985],[47.15387866000009,-17.22776748899986],[47.16424414000011,-17.252232102999812],[47.181925678000084,-17.244232144999955],[47.18661819700009,-17.27150730299985],[47.22141466900024,-17.26346419799995],[47.24160937300013,-17.287863317999836],[47.25246490700022,-17.34434208999994],[47.2818633330001,-17.38844790899992],[47.27040501000016,-17.398968594],[47.269154084000036,-17.414799787999982],[47.29374616200016,-17.423810565999815],[47.307671651000135,-17.453050427999926],[47.31701543900016,-17.45755498899996],[47.31093184800011,-17.477190183],[47.32365498900009,-17.515038382999876],[47.337707507000175,-17.518275695999932],[47.327976071000194,-17.534051665999982],[47.346455037000055,-17.567328461999864],[47.356054249000124,-17.563755549],[47.35347189200024,-17.551932835999935],[47.36264193300019,-17.554105909999976],[47.366997652000066,-17.59355763299982],[47.389754943000185,-17.62247372099995],[47.370518987000025,-17.66660978999994],[47.395366592000244,-17.679159107999908],[47.398852563000105,-17.6891872249999],[47.38825953300005,-17.729957908999893],[47.35066685700002,-17.746393542999897],[47.36500534800007,-17.76952673699992],[47.346547722000025,-17.78199848599985],[47.342832028999965,-17.812379064000027],[47.35016520500011,-17.833499583999867],[47.37707658,-17.865084618999845],[47.427129698000215,-17.883609859999922],[47.42531041700005,-17.895440949999966],[47.45820912500017,-17.907944404999853],[47.487429637000105,-17.909081312999945]]]}},{"type":"Feature","properties":{"shapeName":"Kandreho","shapeISO":"","shapeID":"10022922B38821373259374","shapeGroup":"MDG","shapeType":"ADM2"},"geometry":{"type":"Polygon","coordinates":[[[46.4586063320001,-17.738793996999846],[46.44139724800016,-17.69064256099989],[46.47325648600008,-17.65424791699985],[46.48324431100002,-17.610329005999972],[46.46139436500016,-17.57655928399987],[46.45725043100009,-17.57952341099991],[46.440984078999975,-17.54172265799997],[46.459569284000224,-17.53228747299994],[46.46289452700012,-17.503447093000034],[46.47216076100011,-17.497934543999918],[46.46126075000018,-17.458047356],[46.44793914799999,-17.438170131999925],[46.42792634600005,-17.448667284999885],[46.38665706799992,-17.43491706999987],[46.36790728700015,-17.36132012199988],[46.34814692900011,-17.341075981999893],[46.318225796000036,-17.328991608000024],[46.290581738000185,-17.294064902999935],[46.30525837400023,-17.203510075999986],[46.27495426600018,-17.135104958999875],[46.272672476000025,-17.08890057799988],[46.23510952000015,-17.105103982999935],[46.2125450110002,-17.10313344599996],[46.18320343400012,-17.14835824],[46.17641111200015,-17.14832749200002],[46.15785712200011,-17.059913022999865],[46.13538390300005,-17.050700182000014],[46.12031314800004,-17.01773846499998],[46.13312496300023,-17.000873322999894],[46.11934277400019,-16.969014649999906],[46.10933336700009,-16.968850696999937],[46.118408677000104,-16.95576263099997],[46.11556970700002,-16.945597294999914],[46.10514682900009,-16.944240331999822],[46.10070163000006,-16.92852487099998],[46.106608059000166,-16.92055395700004],[46.066121670000086,-16.92184077299993],[46.067037948000234,-16.948917173999973],[46.04632614200017,-16.938590668999893],[46.037531532000116,-16.957265147999863],[46.02067600600009,-16.966434032999928],[46.017466800000136,-16.99255692299994],[45.988333897000075,-16.984295651999957],[45.94984083900016,-16.99817756899995],[45.86706323800013,-16.995249272999956],[45.849915807,-16.981104414999947],[45.77380098000003,-16.954853193999952],[45.67956591800015,-16.951441997999893],[45.67278993399992,-16.976542462999987],[45.679855871000086,-17.008763776999842],[45.679589824000175,-17.086812729999963],[45.66539922700014,-17.127934636999896],[45.6164545900001,-17.178147781999826],[45.62002435700015,-17.206557734],[45.61276865100018,-17.217385947000025],[45.63907491999993,-17.242837696000038],[45.659149998999965,-17.27973000399993],[45.65285957500015,-17.3032327439999],[45.602695790000155,-17.350710729999832],[45.570088222000095,-17.36469665300001],[45.57423441700007,-17.380504044999896],[45.584459827000046,-17.380174790000012],[45.59889017200004,-17.399164484999858],[45.58916512700017,-17.431889511999827],[45.5949857830002,-17.441793211999823],[45.62972747300006,-17.461585591999835],[45.65033961799992,-17.45482500600002],[45.749084887000095,-17.46893008499984],[45.76959377999992,-17.457986181000024],[45.7982408850001,-17.46628650599996],[45.817839986000195,-17.457309440999893],[45.82339307900003,-17.446190143000024],[45.857288427000015,-17.437785010999846],[45.864647766000076,-17.444673659999864],[45.887823389000175,-17.427199459999827],[45.89777983800019,-17.430794138999886],[45.952726197000175,-17.55077220899983],[45.937219102000086,-17.55010570199994],[45.92809285699997,-17.564290393999954],[45.937510369999984,-17.577347501999895],[45.932157483000026,-17.605574565999973],[45.944313205000014,-17.66120038999992],[45.93630197400023,-17.701192381999874],[45.939138540000044,-17.71113890199996],[45.96141455299994,-17.722263187999886],[45.962259898000184,-17.75685444999982],[45.96959345200014,-17.76976760599996],[45.97129410100007,-17.813935952999884],[45.949379724000096,-17.838546352999913],[45.94260338200024,-17.860001369999907],[45.946440329000154,-17.880919630999983],[45.98813974500018,-17.90050212999995],[46.01599871400015,-17.92560176199987],[46.08890004100016,-17.93116186100002],[46.104668023000045,-17.923954455],[46.142171733,-17.931281367999873],[46.15180227900015,-17.943230729999925],[46.172187368000095,-17.91446551799993],[46.174785862000135,-17.88020118199995],[46.18831641800023,-17.86352121199991],[46.20437952700013,-17.85929987299994],[46.20752511700016,-17.84483606899994],[46.23397977100018,-17.87547829099998],[46.235072461000186,-17.863281367999946],[46.24631874200014,-17.854982820999965],[46.26089192800015,-17.858071006999864],[46.26792198900017,-17.843160828999885],[46.297790673000065,-17.822748378999904],[46.35405837200011,-17.831119492999846],[46.35076713500018,-17.804361329000017],[46.36715337000021,-17.803701519999947],[46.39839370400006,-17.766123815000014],[46.410327967000114,-17.77177149399995],[46.42196881000007,-17.76169464499992],[46.43724198300015,-17.767660501999956],[46.4586063320001,-17.738793996999846]]]}},{"type":"Feature","properties":{"shapeName":"Besalampy","shapeISO":"","shapeID":"10022922B83460232588272","shapeGroup":"MDG","shapeType":"ADM2"},"geometry":{"type":"Polygon","coordinates":[[[44.8689798970002,-16.200375832999953],[44.852731631000154,-16.215226322999968],[44.803680033000035,-16.2265226049999],[44.79236516600008,-16.22499743599991],[44.80138538300008,-16.212483492999866],[44.797066764999954,-16.202830681999842],[44.78669968600008,-16.206521674999976],[44.77786350100001,-16.199461459999952],[44.63396188100012,-16.199613319999912],[44.61432664899996,-16.19001421099989],[44.482135589000166,-16.175774032999982],[44.43721775800009,-16.194634839999935],[44.44567440500015,-16.228190289999873],[44.43501445300012,-16.239081430999875],[44.43978949500013,-16.24841000299989],[44.42395395400024,-16.296935038999948],[44.40377110600008,-16.319630787999927],[44.4023898920002,-16.359057532999827],[44.44022965200003,-16.426216936999822],[44.43504647700007,-16.427309889000014],[44.46864962600017,-16.500334214999896],[44.453761336000014,-16.550824265999893],[44.4329852350001,-16.55970169],[44.422754141000155,-16.574654447999876],[44.423966435000125,-16.548067722999917],[44.417079168000214,-16.545422008999935],[44.40606330600019,-16.573076487999856],[44.43636934800003,-16.65653176499984],[44.433071415000086,-16.70177726999998],[44.39542797100012,-16.737611421],[44.37138206400016,-16.777072229999874],[44.35903504000015,-16.787882873999877],[44.35062674000005,-16.785800795],[44.33210381800012,-16.832976089999818],[44.29472374200009,-16.883256913999958],[44.312410043,-16.896188541999834],[44.30966763900011,-16.90514538100001],[44.32619780800013,-16.92758258099991],[44.322541563000016,-16.953156324999895],[44.35366915200012,-16.964961484999833],[44.34656609700011,-16.971930266999834],[44.36327907300023,-17.006426173999955],[44.38421790500024,-17.009184039],[44.3807920750001,-17.01346068099997],[44.39585026500009,-17.020857430999854],[44.40278957100014,-17.01175704299999],[44.410215676000234,-17.018975267999906],[44.43048009900008,-17.015233003],[44.42739686800019,-17.03096309199998],[44.44461858799991,-17.037459104999925],[44.445150058000195,-17.054042083999946],[44.45736271900023,-17.065596618999848],[44.48532682500007,-17.069133309999813],[44.49369058900004,-17.083809898999846],[44.49049942200003,-17.093270643999972],[44.528058617000056,-17.10820916099982],[44.52896200600014,-17.136737196000013],[44.54685782800004,-17.145335478],[44.56686779300003,-17.180041228],[44.591738830000054,-17.18981042599995],[44.64856824900022,-17.188175191999846],[44.66360229600025,-17.221680942999853],[44.65916558000015,-17.233480860999975],[44.67615290200024,-17.238613182999813],[44.67052877100019,-17.25084672499986],[44.68022983800023,-17.257410344],[44.681583979000095,-17.27633877799991],[44.71721509700018,-17.288135722],[44.74519820600011,-17.285941166999862],[44.75815647500019,-17.31141134799998],[44.74932957300007,-17.35519220499998],[44.75564928200009,-17.37629057199996],[44.79308167200003,-17.3903217699999],[44.810959931000184,-17.40540992999985],[44.83410642000018,-17.40793305699998],[44.870687641000075,-17.460572964],[44.87613924800024,-17.482771940999896],[44.90288546800025,-17.4729509579999],[44.92817315999997,-17.480680379999853],[44.950272197000174,-17.45959156299989],[44.97281558400016,-17.480733680000014],[44.999650507000126,-17.47131170499989],[45.03591225000008,-17.50609076500001],[45.05688759300017,-17.50664429699998],[45.09308409300013,-17.492048645999887],[45.122023592000176,-17.501245608999966],[45.128245204000166,-17.477573329999814],[45.15136535800019,-17.47075959699987],[45.18302307700003,-17.478856789999952],[45.19529755100007,-17.493392587999892],[45.23707997200012,-17.505054274999964],[45.24126094000019,-17.513804544999914],[45.27282960499997,-17.50085102999998],[45.30644954100012,-17.53595258199988],[45.32057188300013,-17.509525693],[45.33333942400003,-17.517027156999916],[45.35074576400012,-17.507719049],[45.370989027000064,-17.520463935999885],[45.387975151000035,-17.50503981399993],[45.401762091000194,-17.519111437],[45.418959788000166,-17.521292264999943],[45.4484855820001,-17.50712930899988],[45.47355340900009,-17.527928505999967],[45.48355546500005,-17.52031049699997],[45.47058064700013,-17.47911031899997],[45.48266534100014,-17.471132880999846],[45.466150760000176,-17.451363358999856],[45.48106282900005,-17.409343197999874],[45.46528230100017,-17.381729978999886],[45.48716086100012,-17.383206808999887],[45.50677545800005,-17.4053577009999],[45.539992332000054,-17.41104135199987],[45.56354818500017,-17.401034031999814],[45.56238713900018,-17.391548708999892],[45.58321760700011,-17.405229739999868],[45.59609164700004,-17.395599712999854],[45.58618023399998,-17.38114800699998],[45.57423441700007,-17.380504044999896],[45.569991512000115,-17.357667709999816],[45.55236314400008,-17.344429609999906],[45.55403804500003,-17.33815050100003],[45.53236577399997,-17.33234761699987],[45.52225156800017,-17.320973635999906],[45.531726014000185,-17.277075431999947],[45.511899872000015,-17.25898595299998],[45.50666936000016,-17.19024574299982],[45.484154705000094,-17.144250703999944],[45.495790136000096,-17.111791582999842],[45.48246309500007,-17.092450984999914],[45.49206835500007,-17.071973212999865],[45.48268991000009,-17.03589018699995],[45.50307110800014,-17.029504076999956],[45.50299856200019,-17.019179919999885],[45.51968988900023,-17.00302861499995],[45.51705313000008,-16.994586839999954],[45.46528194000001,-16.976465610999924],[45.46886728200002,-16.94907869099984],[45.45739343800017,-16.93633263499993],[45.44436999900023,-16.877720003999855],[45.413963609000064,-16.856702576999908],[45.37260750300004,-16.851474816999826],[45.36521927500013,-16.832296020999877],[45.346719999000186,-16.81532000399983],[45.29228639899992,-16.801447751000012],[45.28243181800019,-16.78992165699998],[45.27651659400016,-16.75852932699985],[45.264935746000106,-16.746805208999888],[45.273071722000225,-16.71677959799996],[45.26496433400018,-16.710265937999964],[45.27064941300006,-16.70826665300001],[45.270302514000036,-16.67620745699986],[45.26279066700016,-16.681254919999958],[45.22788829000007,-16.675315984],[45.221934634000036,-16.683525606999922],[45.186080954000204,-16.628151631999913],[45.15059194200012,-16.634228880999956],[45.13070974300007,-16.628001242999915],[45.12631429400011,-16.610848573999817],[45.10511807300003,-16.601438964999943],[45.07408044200014,-16.569251589000032],[45.052503249000154,-16.585807037999814],[45.03912722000018,-16.570251756],[45.027004965000174,-16.574518451999893],[44.99505523000016,-16.566087357999947],[45.01054689700021,-16.54088441800002],[45.00306427600003,-16.517598954999926],[44.970387700000174,-16.50190810299989],[44.95083460100017,-16.503006094999876],[44.93889302200023,-16.475324634999936],[44.94238051000008,-16.43859996899988],[44.91872999900016,-16.408130003999872],[44.92856917600005,-16.34843429499989],[44.90941999900008,-16.285750003999965],[44.91455550300009,-16.262371764000022],[44.925043057000096,-16.258697699999857],[44.91957662800013,-16.244704229999854],[44.90186250200014,-16.24465405799998],[44.8689798970002,-16.200375832999953]]]}},{"type":"Feature","properties":{"shapeName":"Ambatomainty","shapeISO":"","shapeID":"10022922B59098628147577","shapeGroup":"MDG","shapeType":"ADM2"},"geometry":{"type":"Polygon","coordinates":[[[45.887258674000066,-18.016001992999918],[45.893337798000175,-18.008037880999893],[45.885282499000084,-17.995334357999866],[45.90158765700022,-17.994539897999857],[45.919178037999984,-17.97328809699991],[45.929801725000175,-17.972914927000033],[45.93594199100016,-17.95790709499994],[45.930896758000074,-17.94893319299996],[45.94523145700015,-17.930942319999872],[45.95174826500005,-17.90095905699991],[45.9422938200002,-17.86134456199983],[45.949379724000096,-17.838546352999913],[45.97129410100007,-17.813935952999884],[45.96257586200022,-17.726795038000034],[45.959232667000094,-17.716933460999883],[45.935383054000226,-17.705187528999943],[45.93652605699998,-17.672859908999897],[45.94503561900012,-17.659229419999917],[45.93302487700004,-17.6087200259999],[45.937510369999984,-17.577347501999895],[45.92566703099999,-17.55817678199992],[45.95427209700017,-17.548722361999864],[45.895186374,-17.428926950999937],[45.86778750200017,-17.442215461999865],[45.824402952000185,-17.445854249999854],[45.7982408850001,-17.46628650599996],[45.76268751200013,-17.45844676699994],[45.75280364400021,-17.470787178000023],[45.65302581900005,-17.45459995699997],[45.633362127000055,-17.462269587999856],[45.59042971000008,-17.43504122899992],[45.59927999700005,-17.40045798999995],[45.58238285100015,-17.404306006000013],[45.566194838,-17.391471468999896],[45.54241008499997,-17.41132724099998],[45.50677545800005,-17.4053577009999],[45.49012425500018,-17.384600200999955],[45.468878999000026,-17.380549316999918],[45.480124731000046,-17.404736818999936],[45.46640048300014,-17.449040189999835],[45.48266534100014,-17.471132880999846],[45.47047921600017,-17.48037567299997],[45.48172401000011,-17.517080863999922],[45.47569232699993,-17.526534633999916],[45.4484855820001,-17.50712930899988],[45.420841446000054,-17.519777880999982],[45.40308443000009,-17.519180213999903],[45.388987444000236,-17.50566144599992],[45.36999038100004,-17.520788584999934],[45.354341849000036,-17.508858336999936],[45.333854702,-17.516981807999912],[45.32071260400011,-17.509452438999972],[45.30931931300006,-17.53817256399998],[45.273484225000175,-17.5009980829999],[45.24403659500007,-17.515957337999964],[45.23567822400014,-17.50440646399983],[45.20806653300019,-17.49547643099993],[45.19265415400014,-17.52677363299989],[45.16425647400007,-17.545739567999988],[45.14560560100011,-17.54153189199991],[45.130464370000084,-17.55857897999988],[45.120524003000185,-17.55088752399996],[45.11373981200006,-17.55672593399987],[45.10987505800006,-17.545511537999857],[45.100060430000156,-17.550518523999983],[45.097414279000134,-17.538147653999943],[45.082980306000195,-17.544209460999866],[45.07085216600018,-17.535674327000038],[45.063915900999916,-17.541946406000022],[45.06310902200005,-17.53151791399995],[45.04691530300016,-17.529667519999975],[45.039634785000146,-17.547708789999945],[45.05452575400005,-17.554401004999875],[45.06187610600017,-17.57477478100003],[45.098005248000106,-17.60103213499991],[45.13346226900006,-17.606660774999852],[45.16024672799995,-17.637538722999864],[45.156984102000195,-17.686411958999884],[45.17719735499992,-17.693395009999904],[45.203149219000125,-17.674308068999892],[45.23482737700016,-17.67555869099982],[45.25600401900016,-17.749946812999895],[45.28184611000023,-17.749685418999945],[45.29066502100005,-17.774231824000026],[45.27586930900014,-17.794825800000012],[45.266354216000025,-17.817414808999956],[45.27160380600009,-17.82777988700002],[45.259585759,-17.84301009399985],[45.26855242600004,-17.865982744999826],[45.28402262100008,-17.873649296],[45.29245077300004,-17.860465893999958],[45.31220929600016,-17.865440890999935],[45.33371490000019,-17.853295125999864],[45.352164113000185,-17.86285240399991],[45.373538128,-17.894109111999967],[45.41294035700014,-17.91617006799993],[45.427461523999966,-17.93667584399998],[45.4190071980002,-17.95198054699995],[45.428012165000155,-17.962371778999852],[45.42611617800003,-17.98905594099989],[45.45800306599995,-18.048333375999903],[45.512083308000115,-18.07369944199985],[45.52876106700006,-18.0739349669999],[45.565660881000156,-18.11116769199998],[45.53907037200014,-18.136702205999825],[45.53327336900003,-18.162402159999885],[45.53602064000006,-18.179308306999815],[45.557762433000164,-18.211330971999928],[45.540757721000034,-18.23689716099983],[45.545830930000136,-18.24872804499995],[45.57383411700016,-18.218099388999974],[45.591299929999934,-18.21309881399992],[45.60250100600018,-18.18400629999985],[45.599582814000144,-18.157302155999957],[45.614408708999974,-18.119427537999968],[45.62886181200008,-18.114102768999828],[45.629259141000034,-18.103503168999907],[45.64618348200014,-18.104531676999898],[45.648966379000115,-18.095112247999907],[45.66414791200009,-18.098410748],[45.661953087000086,-18.088180157999943],[45.676480196000114,-18.07698092399994],[45.6870042390002,-18.086221008999928],[45.69803483600009,-18.076871126999833],[45.72240602200003,-18.08199638799988],[45.725985461000164,-18.071510932999956],[45.73217075100018,-18.07954793499988],[45.74127649800016,-18.07691638800003],[45.75301928099998,-18.066179464000015],[45.766016662000084,-18.073875657999963],[45.776846922000175,-18.042551002999858],[45.79225472100006,-18.041964669999913],[45.793831076000174,-18.032149507999975],[45.80084894100008,-18.038681062999842],[45.799954707000154,-18.020924633999982],[45.82902802300015,-18.01969561699991],[45.844050169000184,-17.998636848999922],[45.887258674000066,-18.016001992999918]]]}},{"type":"Feature","properties":{"shapeName":"Antsalova","shapeISO":"","shapeID":"10022922B48021466276127","shapeGroup":"MDG","shapeType":"ADM2"},"geometry":{"type":"Polygon","coordinates":[[[44.801640490000125,-18.364965891999873],[44.76913245400016,-18.34050691899995],[44.76680831100015,-18.32209177299984],[44.750143090000165,-18.31821858299992],[44.720205609000175,-18.331390347999957],[44.67894815900013,-18.317566335000038],[44.657416491000106,-18.318154411999842],[44.64695613500004,-18.320960809999974],[44.657956677000016,-18.32616359899987],[44.65040134000009,-18.352118072999815],[44.63325827200009,-18.33744851900002],[44.613548082000136,-18.35153474999987],[44.59519209500024,-18.339735129999838],[44.58409689100006,-18.356165096999916],[44.55573312500013,-18.358115339999983],[44.55766639500024,-18.379820317999872],[44.54626201400015,-18.409631432999902],[44.49332489200009,-18.41600907799983],[44.484788114000196,-18.404915252999842],[44.45922785000005,-18.41960212699985],[44.46128023300014,-18.440331050999987],[44.43777557900012,-18.51472832299993],[44.40681959400007,-18.49524591599993],[44.39246080100014,-18.504558392999854],[44.35599312900007,-18.502599797999892],[44.33492295900004,-18.521366744999966],[44.32042761700012,-18.555212696999945],[44.2985537790002,-18.562310915000012],[44.246528055000226,-18.52637724099992],[44.22405386499997,-18.52563855199992],[44.217445816000065,-18.533972189999872],[44.172689704000106,-18.511681967999948],[44.145948285999964,-18.533349221999913],[44.13462469700016,-18.525315890999877],[44.142942633000075,-18.535271143999864],[44.14120798199997,-18.550687572000015],[44.165122669000084,-18.587170385999855],[44.15696643000018,-18.596238951999965],[44.2036799990002,-18.68507000300002],[44.21686495300008,-18.678958040999873],[44.2360673550001,-18.714393354999913],[44.2613491190001,-18.72219483299989],[44.26708929400013,-18.73481714499985],[44.26484892500014,-18.73938904499994],[44.25692647300008,-18.721579627999972],[44.22860692800003,-18.71359937299985],[44.21232813700004,-18.691532561999963],[44.25721503200009,-18.811218870999937],[44.259625917000164,-18.85745703500004],[44.24101139200019,-18.875122176],[44.24885699200007,-18.89833450099991],[44.24541121800007,-18.94850498200003],[44.27806277000019,-18.9754009159999],[44.247342532000175,-18.963244848999864],[44.255846191000046,-18.975777860999813],[44.245127287000116,-18.966316955999957],[44.244334473000094,-18.98595677299994],[44.233993078000196,-18.937544588999913],[44.231603134000125,-19.057263384999885],[44.23451697900009,-19.063857574999986],[44.235469233000174,-19.05731930899998],[44.26419248899998,-19.059327377999864],[44.24853067600009,-19.07175126299984],[44.23192957600014,-19.066915880999886],[44.24217075900009,-19.09188415899996],[44.26050263400015,-19.093984096999975],[44.26283948299994,-19.099071350999907],[44.24884902900004,-19.09704208999989],[44.27081776200009,-19.144700212999965],[44.27160849800015,-19.12516820399992],[44.282452883000076,-19.11222455599983],[44.27520191800011,-19.127289010999903],[44.278536743000075,-19.155960641999968],[44.320602026000245,-19.170665738999958],[44.36331339900005,-19.16639009799985],[44.39953843300009,-19.176888640999948],[44.412458857000104,-19.165447851999886],[44.50136300700018,-19.17220069799987],[44.511629999000036,-19.1561200029999],[44.55464551900002,-19.17198945799987],[44.61788699600015,-19.17009167999987],[44.676407331000235,-19.1969422169999],[44.70232713599995,-19.19824237099982],[44.73087740900013,-19.188312905999908],[44.73421999900012,-19.19847000299984],[44.72727079400005,-19.20694624699985],[44.75068292200007,-19.222843653999917],[44.75859522700006,-19.2176909719999],[44.778715168000076,-19.228496425],[44.779806637000036,-19.245445360999838],[44.8071405340001,-19.282038901999897],[44.81934446300011,-19.28441567199991],[44.82424708100018,-19.302073236999945],[44.8380399350001,-19.31281620300001],[44.86495941200013,-19.31469678399992],[44.88539297000011,-19.30533063199988],[44.892334732000165,-19.28120375399999],[44.9101187440001,-19.282686847999855],[44.92215753500011,-19.27115950299998],[44.9642507260001,-19.263695265999843],[44.97840066500015,-19.27131123700002],[45.00274533999993,-19.26549876599995],[45.021754213000065,-19.27038449199989],[45.03551135300023,-19.262658584999883],[45.03889765100007,-19.25145694399987],[45.048429941999984,-19.260761302999924],[45.09025312200015,-19.257060030999924],[45.12064739900006,-19.237306452999917],[45.076036203,-19.185878832999947],[45.06364022100024,-19.189153100999988],[45.03369188600004,-19.178752455],[45.035065465000116,-19.15412797999994],[45.023885316000076,-19.124042111999927],[45.06102735500002,-19.092347874999973],[45.05810550400014,-19.052092366999887],[45.04547534999995,-19.036705154999936],[45.04323309400007,-18.993145068],[45.0301134500001,-18.964681018999954],[45.00947339900017,-18.94273161399991],[44.99940679500003,-18.956674669999813],[44.98192764300012,-18.951849049999964],[44.971879775000104,-18.90891383500002],[44.975662261000025,-18.8926581959999],[44.99589814300015,-18.885531502],[45.01367701400011,-18.853320587999917],[45.00641052599997,-18.817685538000035],[44.981365776000075,-18.78161347599996],[44.980005437000045,-18.762077388999842],[44.97219323999997,-18.75424922799988],[44.95985872700004,-18.76661082299995],[44.94489799200022,-18.743772749000016],[44.97089367700022,-18.70563555799987],[44.95528604400016,-18.702536074000022],[44.91700687599996,-18.667845661999877],[44.916245423000134,-18.64914816499993],[44.902233711000235,-18.636597651999978],[44.90108138800019,-18.595590215999835],[44.89149063799994,-18.583148534999907],[44.87488087499992,-18.504522821000023],[44.801640490000125,-18.364965891999873]]]}},{"type":"Feature","properties":{"shapeName":"Maintirano","shapeISO":"","shapeID":"10022922B40533998311047","shapeGroup":"MDG","shapeType":"ADM2"},"geometry":{"type":"MultiPolygon","coordinates":[[[[43.9424523990001,-18.58373898699989],[43.94149382100022,-18.57430527199989],[43.935054806000096,-18.578020789999982],[43.9424523990001,-18.58373898699989]]],[[[43.93681978700022,-18.416828235999844],[43.93946599700013,-18.407416175999913],[43.93459038499992,-18.41209251599986],[43.93681978700022,-18.416828235999844]]],[[[44.29472374200009,-16.883256913999958],[44.21129801100005,-17.032054205999827],[44.201003440000136,-17.036438820999876],[44.16028036400013,-17.099460726999837],[44.146683856000095,-17.104912694999825],[44.14848335400012,-17.094133592999867],[44.140947028000085,-17.10015652199985],[44.11722262300009,-17.148213596999824],[44.12244223,-17.146578734999935],[44.10183130400014,-17.157201383999904],[44.09434421600008,-17.186292129999913],[44.11414711500015,-17.16792725],[44.11967633100005,-17.179107797999848],[44.116820764000124,-17.185059864999914],[44.113158710000164,-17.175717540999926],[44.10135930399997,-17.185519310999837],[44.073164906000045,-17.262799043999905],[44.058371403000024,-17.27258729699986],[44.020022969000195,-17.326905720000013],[44.02188269600015,-17.353813855999817],[44.028217632000064,-17.35335899999984],[44.03402859400023,-17.33430254599989],[44.03214415499997,-17.351564884999902],[44.01848425199995,-17.362513938999882],[44.006090992000225,-17.341417816999922],[43.985901688999945,-17.39963190799989],[43.98031105800004,-17.41021808099987],[43.97862277900009,-17.403658507999978],[43.97044006800007,-17.411150233],[43.93045660300004,-17.493686411999875],[43.95294369900006,-17.51506220399989],[43.9527130940001,-17.533671884],[43.9636676290001,-17.53860733499988],[43.96302151100008,-17.552615158999913],[43.974517905000084,-17.552508727999907],[43.97272459400011,-17.562374928999816],[43.977811702,-17.558059508999975],[43.973894672000085,-17.564909478],[43.97423488200019,-17.556641351999872],[43.95941936100013,-17.553038740999966],[43.961241809000114,-17.541114075],[43.948138365000034,-17.535690321999937],[43.948124816000245,-17.517077568999923],[43.93462428700008,-17.505218181000032],[43.929387960000156,-17.549422693999816],[43.94126970900015,-17.61974173899995],[43.952783006000175,-17.64516645199984],[43.9541299440001,-17.7160460529999],[43.97417648000015,-17.73794760699991],[44.007182237000166,-17.74670482399989],[44.028706022000165,-17.775568690999876],[44.03847089299995,-17.80802491499992],[44.03386229600011,-17.860582028999886],[44.02031313300023,-17.86917183999998],[44.015477682000096,-17.891419069],[44.03408939100018,-17.901029726],[44.017764900000145,-17.901319903999934],[44.01114415800015,-17.912055821999957],[44.01512098400002,-17.96058051599988],[44.01254142500005,-17.93573704499994],[44.00996867000009,-17.949730702999943],[44.02065429300018,-18.09714312599982],[44.03569157600015,-18.12487428199995],[44.02763651600014,-18.12482961699982],[44.01958469300018,-18.105402865999963],[44.01879909700017,-18.110911437000027],[44.033656845999985,-18.153579977999925],[44.059172496000144,-18.151772233999907],[44.04073936900011,-18.16468064399993],[44.03575878000021,-18.15935133399995],[44.04836890400014,-18.229567139999972],[44.072649671000136,-18.250965688],[44.046713996000165,-18.233874430999833],[44.050906535000195,-18.336228571999982],[44.043431697000074,-18.356609806999927],[44.0555211950001,-18.372129043999962],[44.05089447200021,-18.376215896999895],[44.04305600999999,-18.367173133999984],[44.04372857700014,-18.39062143599989],[44.05495526800007,-18.398325658999966],[44.05863056300018,-18.393305257999884],[44.05175587800005,-18.40380369899998],[44.04199575500013,-18.39474515300003],[44.0426137610001,-18.403252818999874],[44.059410706000165,-18.422039338],[44.05441775400004,-18.422454217999928],[44.06879012399992,-18.44903157499982],[44.11376744800009,-18.495911630999842],[44.13353075200018,-18.53655455699993],[44.13999517500008,-18.540302309999845],[44.136515194000026,-18.524868365999964],[44.14344706800017,-18.533595499999876],[44.171920761000194,-18.51059252599987],[44.214972652000085,-18.533122206999963],[44.24340520700008,-18.525540297999953],[44.27077938100018,-18.549301950999848],[44.30021034700013,-18.562094569999942],[44.31848810200012,-18.557895703999918],[44.333261715000106,-18.523538716999894],[44.35362871900003,-18.503263426999922],[44.38908761500011,-18.504395923],[44.4032520020001,-18.49597036],[44.43777557900012,-18.51472832299993],[44.46128023300014,-18.440331050999987],[44.46123453600018,-18.417644791999976],[44.48242270299994,-18.40452236899995],[44.49313120699992,-18.41534413999989],[44.55133260100018,-18.408661126999903],[44.55630028700017,-18.35604355999999],[44.585132957000155,-18.355402836999815],[44.59782743400024,-18.33920080499996],[44.611171813000055,-18.35167483099991],[44.62405093700005,-18.348043937999876],[44.628352955000025,-18.33813599499996],[44.65213005900023,-18.35139758299988],[44.65716413500019,-18.33930022599992],[44.65815444799995,-18.327432110999837],[44.634215400000244,-18.302230512999813],[44.628664836000155,-18.279965352000033],[44.61319264500014,-18.272953313000016],[44.57851494999994,-18.285218978999865],[44.58788716000004,-18.245857802999865],[44.59752762300019,-18.237279108999815],[44.59254645600009,-18.214105036999968],[44.562070647000155,-18.177533037999922],[44.55799823700016,-18.15623938899995],[44.51610458800013,-18.138424709],[44.513959023000155,-18.086998610999956],[44.53119000200007,-18.052154998999924],[44.52270035800018,-18.0283422199999],[44.544839853000155,-17.99859535099995],[44.535440580000056,-17.970474463999892],[44.51904805800018,-17.960711898999932],[44.521007013000144,-17.93501565899993],[44.502776177000214,-17.916423494999833],[44.51387379100004,-17.900828599999954],[44.507711294000046,-17.891972832999897],[44.50771796400011,-17.83935953699995],[44.48810742100011,-17.819432634999828],[44.48031057800006,-17.78660148399996],[44.477268459000186,-17.746856952999963],[44.486075976000166,-17.734501263999846],[44.46464909000008,-17.69209347199984],[44.46974930900012,-17.664839895999876],[44.50133836900005,-17.661104584999975],[44.522779327999956,-17.683741353999892],[44.5378072580001,-17.68648946899998],[44.54331614400013,-17.701779132999945],[44.55331279100005,-17.700430639999922],[44.567123749000075,-17.676948708999987],[44.58675444700003,-17.66822572699988],[44.596294019000084,-17.673793643999886],[44.595383674000175,-17.685446832999958],[44.620506557000056,-17.69522671399983],[44.63320937800012,-17.68585276099998],[44.63143175300024,-17.670336137999982],[44.63945804200006,-17.659466269999882],[44.63298445800018,-17.65008587499983],[44.61323640500018,-17.649458767999818],[44.61258737600002,-17.637597669999877],[44.591091249000215,-17.62478486999987],[44.595571384000095,-17.614236741000013],[44.57455828700006,-17.607215217999908],[44.584078942000076,-17.593047637999973],[44.57928197000018,-17.58319687699992],[44.588740211000186,-17.58497059899986],[44.59405964800004,-17.57656197900002],[44.59101659199996,-17.565972587999852],[44.60631550900007,-17.55727657999995],[44.61923408500013,-17.564131379999935],[44.62758659700023,-17.542077836999965],[44.64181473000019,-17.543570449000015],[44.641642248000096,-17.51078418000003],[44.65427184700013,-17.50835859499989],[44.67379225900004,-17.522319388999847],[44.68571392100023,-17.50883024599983],[44.76063477900004,-17.509019944999977],[44.78103061600018,-17.516250775],[44.78961970300003,-17.506916332999936],[44.829540864999956,-17.50489358599998],[44.83920026900017,-17.510877615999846],[44.864735324000094,-17.501034523999976],[44.87987086800007,-17.485324709999816],[44.849407130000145,-17.423912007999945],[44.83334145800012,-17.40689851699983],[44.82112421600016,-17.401374411],[44.81251369200004,-17.40660576599987],[44.796093692,-17.391427063999856],[44.758324653000045,-17.379395354999815],[44.749713127,-17.35383742],[44.755986661000236,-17.304240758],[44.74081251200016,-17.28505450599988],[44.71721509700018,-17.288135722],[44.68162438000013,-17.278871045000017],[44.68022983800023,-17.257410344],[44.671811969000146,-17.253037102],[44.67657837200005,-17.240156748],[44.65916558000015,-17.233480860999975],[44.665040412000224,-17.22444413099987],[44.646778655000105,-17.18621058199983],[44.636169486000085,-17.19110941299988],[44.56791182400019,-17.182355177999966],[44.54685782800004,-17.145335478],[44.52909533700006,-17.138849987999834],[44.532044202000066,-17.11806374500003],[44.525100765000104,-17.10926087199988],[44.51767956600008,-17.100414752],[44.50831213100014,-17.104812774999914],[44.49666672400019,-17.093188386],[44.49133038300016,-17.096137405000036],[44.49389697100008,-17.082430295999927],[44.47945002900019,-17.06585957299984],[44.45746526299996,-17.06672168799986],[44.445547788000056,-17.05263851399991],[44.445681445999924,-17.0393138309999],[44.43526519700009,-17.028047440999956],[44.42995804599997,-17.03166089399997],[44.43048009900008,-17.015233003],[44.410984788000064,-17.019729095999935],[44.40355306100008,-17.011569086999884],[44.3897401750001,-17.018377392999923],[44.38335372800003,-17.008639284999845],[44.367111328000135,-17.007867436000026],[44.34753294400008,-16.976242115999923],[44.35172755000019,-16.963988283999868],[44.322541563000016,-16.953156324999895],[44.32017319100021,-16.937919485999885],[44.32726407600006,-16.929550359999837],[44.31523972100018,-16.918313787999864],[44.30893203100021,-16.899798069999974],[44.31398175599992,-16.898726926],[44.29472374200009,-16.883256913999958]]]]}},{"type":"Feature","properties":{"shapeName":"Morafenobe","shapeISO":"","shapeID":"10022922B27026898293410","shapeGroup":"MDG","shapeType":"ADM2"},"geometry":{"type":"Polygon","coordinates":[[[45.546534650000126,-18.249906959999976],[45.54134254200005,-18.234971991999885],[45.55689565600011,-18.20799249399994],[45.53747805699993,-18.182780694999963],[45.53301627600018,-18.16189877099987],[45.540198152000016,-18.134355349999908],[45.565660881000156,-18.11116769199998],[45.52876106700006,-18.0739349669999],[45.512083308000115,-18.07369944199985],[45.45800306599995,-18.048333375999903],[45.42611617800003,-17.98905594099989],[45.428012165000155,-17.962371778999852],[45.41729490400007,-17.946632709999847],[45.425640304000126,-17.932371437999905],[45.373397375000195,-17.892739150999887],[45.34883054400012,-17.863051185000018],[45.32992206100016,-17.852828980999845],[45.32722941800023,-17.861121218999926],[45.31098860800006,-17.865998069999932],[45.30148265000014,-17.859942351999905],[45.28457132700021,-17.873539034000032],[45.26650096600014,-17.862849685999947],[45.25923514100015,-17.845458169999972],[45.26991872000008,-17.830878558999814],[45.26675442600015,-17.81416665299986],[45.29066502100005,-17.774231824000026],[45.282541614000195,-17.767367485999955],[45.28366902400006,-17.75082473599997],[45.25418534000022,-17.747440402999928],[45.24386874900006,-17.716285958999947],[45.24483542700011,-17.69053335399991],[45.23604795300008,-17.678460865999966],[45.216511159000106,-17.671040316999893],[45.17926262499992,-17.691045185999883],[45.15609268000014,-17.68541319799982],[45.16192141700009,-17.64048940500004],[45.13708957800009,-17.609110627999883],[45.085139844000196,-17.594158029999846],[45.05343401399995,-17.5650991039999],[45.05452575400005,-17.554401004999875],[45.039634785000146,-17.547708789999945],[45.04627139500019,-17.530901504999918],[45.06310902200005,-17.53151791399995],[45.063915900999916,-17.541946406000022],[45.06948957800006,-17.53546832099994],[45.08423647100011,-17.54505905499991],[45.094384499000114,-17.53874487799999],[45.09688099200014,-17.54857832899995],[45.10649514500011,-17.542646730999877],[45.11837508800011,-17.556177031999937],[45.13670353900022,-17.55816961799985],[45.134265061000065,-17.547577249999904],[45.14560631299997,-17.542960817999926],[45.167769388000124,-17.544918428999893],[45.19237498700005,-17.527737116000026],[45.20602825800023,-17.496023001999845],[45.184355596000046,-17.479935062999914],[45.15245126700006,-17.470512876999976],[45.128245204000166,-17.477573329999814],[45.122729907000064,-17.500125263999905],[45.09308409300013,-17.492048645999887],[45.03666681700008,-17.50704323899987],[45.00232707300006,-17.47150287],[44.97128449399992,-17.480825647999893],[44.949363323000114,-17.45963723099993],[44.93269452100009,-17.47927996599998],[44.91881906200018,-17.481182828999863],[44.904368719000104,-17.472400033999975],[44.842727431000185,-17.51002702699992],[44.79430032000016,-17.505803011000012],[44.77779260000011,-17.51692024199997],[44.76063477900004,-17.509019944999977],[44.699699908000184,-17.513087599999835],[44.6890972450002,-17.50748773899994],[44.674682205000124,-17.52243186599992],[44.6495180400002,-17.506848276999904],[44.63970575000013,-17.513285352999844],[44.640327060000175,-17.544924384999945],[44.62619695899997,-17.54382951499997],[44.620540173,-17.56432084299996],[44.60887258100007,-17.558067342000015],[44.59439909700018,-17.564790013],[44.59116484400016,-17.584129106999967],[44.580434888000184,-17.582380095999838],[44.584078942000076,-17.593047637999973],[44.57434271899996,-17.606387643999824],[44.59372623100006,-17.612672691],[44.58936588500006,-17.62269226299992],[44.609687185000155,-17.633780444999957],[44.61460251500006,-17.649987688999886],[44.63770751600015,-17.656316721999872],[44.629255121000085,-17.689736404999962],[44.62084209400001,-17.695020369999895],[44.60032162300007,-17.688161698999863],[44.588192516000106,-17.667996638999853],[44.563408154999934,-17.680394436999904],[44.548493880999956,-17.70272525599995],[44.53936171999993,-17.6986958519999],[44.539724616000115,-17.687594064999985],[44.522779327999956,-17.683741353999892],[44.50232097100019,-17.661151096000026],[44.46951042100005,-17.663713316999917],[44.46330963800011,-17.68813821599997],[44.48509135700016,-17.737143363999962],[44.47778654900003,-17.76064868899988],[44.48652543100013,-17.81752337399996],[44.50802870800004,-17.841428113999882],[44.507711294000046,-17.891972832999897],[44.51387379100004,-17.900828599999954],[44.50138550500009,-17.914261523999926],[44.52287866100011,-17.93630487499985],[44.517128163,-17.959606211999926],[44.535440580000056,-17.970474463999892],[44.54436019400015,-17.997238789999983],[44.53928542500012,-18.01368317299989],[44.52270035800018,-18.0283422199999],[44.530858704000025,-18.05144077099999],[44.51423687000016,-18.092068100999825],[44.514900604,-18.134296671999834],[44.52218143600004,-18.14564734499993],[44.554300013000045,-18.152908882999895],[44.566532609000205,-18.183359869999833],[44.59254645600009,-18.214105036999968],[44.60117143400015,-18.235095400999967],[44.590041730000166,-18.24159352700002],[44.57811353600016,-18.28357177800001],[44.61319264500014,-18.272953313000016],[44.62840583900015,-18.27987533599986],[44.64581417800014,-18.31968680799997],[44.67894815900013,-18.317566335000038],[44.720205609000175,-18.331390347999957],[44.750143090000165,-18.31821858299992],[44.7679766130002,-18.319398202],[44.770051336000165,-18.342021784999872],[44.80637178800009,-18.36183087500001],[44.827332599000044,-18.32502750099991],[44.877029530000186,-18.31347148499998],[44.88636366500003,-18.29938948499995],[44.91268562500011,-18.30087322099996],[44.91433891400004,-18.285392816999945],[44.943228450000106,-18.245288430999835],[44.96559108400015,-18.234258100999966],[44.98232137600007,-18.21189125499984],[45.00083573400025,-18.215035459000035],[45.00457933900009,-18.196320395999976],[45.01901249400015,-18.186197807999918],[45.03740730900006,-18.18941303899993],[45.045787283000095,-18.203697204999912],[45.041700899000034,-18.21591915399995],[45.05320912600018,-18.204964682999957],[45.07084867699996,-18.21170858999983],[45.07635407700002,-18.238117975999955],[45.10058722000019,-18.261483571999918],[45.114899032000096,-18.242746183],[45.13968783000013,-18.24009128499989],[45.155298337999966,-18.22406253299988],[45.16594425300019,-18.224224552999885],[45.171483836000164,-18.208040674000017],[45.23195934500018,-18.222571706999815],[45.25641513700003,-18.251420485999972],[45.29410035800021,-18.262373134999905],[45.32066908700017,-18.284276195999837],[45.335655610000174,-18.278784958999893],[45.364649769000096,-18.303938517999825],[45.36852963200005,-18.323484124999936],[45.41779771400013,-18.332407901999943],[45.427767822000135,-18.348803875999863],[45.45488241200002,-18.36048268399992],[45.507338703000016,-18.321446857999945],[45.48891517000004,-18.302893265999955],[45.49921657300018,-18.272013736999895],[45.48611573499994,-18.26271745399987],[45.48566054200006,-18.2478428149999],[45.50907640300011,-18.235137474],[45.532874796000215,-18.25140669199999],[45.546534650000126,-18.249906959999976]]]}},{"type":"Feature","properties":{"shapeName":"Toliary-I","shapeISO":"","shapeID":"10022922B36331574429859","shapeGroup":"MDG","shapeType":"ADM2"},"geometry":{"type":"Polygon","coordinates":[[[43.70324941600012,-23.381304703999945],[43.68748,-23.360530000999916],[43.691158626000174,-23.34431957099997],[43.66286148000006,-23.331398522999905],[43.66265355400009,-23.30171489299994],[43.61531933600014,-23.314695433999987],[43.641023500000074,-23.36321431799996],[43.63553126000005,-23.342146911999976],[43.668068505000235,-23.360509209999975],[43.67221838900002,-23.368128738999985],[43.66474638200009,-23.37665187399989],[43.67221997000007,-23.369977865999942],[43.68943057900009,-23.387425649999955],[43.68764304200005,-23.381439805000014],[43.70324941600012,-23.381304703999945]]]}},{"type":"Feature","properties":{"shapeName":"Beroroha","shapeISO":"","shapeID":"10022922B39697778193382","shapeGroup":"MDG","shapeType":"ADM2"},"geometry":{"type":"Polygon","coordinates":[[[45.79197534700023,-21.01893721299996],[45.78393511300004,-21.00666367299982],[45.79469343300025,-20.990294624],[45.77500959700012,-20.955603395999958],[45.78101037200008,-20.947254565999913],[45.76891414600021,-20.91299708699995],[45.684818913000186,-20.91010037399991],[45.66661352500006,-20.925628154000037],[45.65846154000013,-20.95230989599986],[45.66432946000015,-20.962239619999878],[45.65545691300014,-20.976218060999884],[45.63135674199992,-20.99127942599995],[45.62033276300025,-20.988566332],[45.615382235000084,-20.972148739999966],[45.57163113000024,-20.990796368999952],[45.55321534500018,-20.980436047000012],[45.53246103200007,-20.986373058999902],[45.50765516000018,-20.977348100999848],[45.49822777700007,-20.989704638999854],[45.50413944700017,-21.02028211299995],[45.494648165,-21.02284627599994],[45.48624017600025,-21.042643543],[45.44419804400013,-21.059227935999957],[45.437876255000106,-21.067088596999838],[45.44737954500016,-21.079318371999932],[45.395561444000066,-21.110561226999835],[45.36889111400012,-21.13957774899984],[45.37112825300022,-21.14936658499994],[45.351425052000195,-21.153504612999825],[45.347110697000176,-21.17650015899983],[45.33210732400005,-21.176853256000015],[45.33446555600011,-21.162720839999963],[45.31670362700015,-21.155043810999814],[45.31230367500007,-21.141563131999987],[45.22934308100008,-21.146474111999964],[45.17944348000009,-21.19870974999992],[45.159441457000014,-21.200933333999956],[45.15074763800004,-21.213810806999902],[45.14049963500008,-21.21333006399982],[45.11696262599992,-21.232233941999937],[45.09865621700004,-21.266220777999877],[45.09855201000005,-21.286548922999884],[45.041436114999954,-21.287380214999928],[45.01725189600012,-21.296568620999892],[44.93798669000017,-21.28693843799988],[44.9093609840001,-21.228946603999816],[44.8762689400001,-21.211284278999926],[44.83311723600019,-21.209568653999895],[44.79775457300002,-21.196486293999897],[44.77113883600009,-21.19838437599998],[44.7441,-21.24265000199989],[44.71203557700005,-21.252469817999952],[44.715165508000155,-21.27740092199997],[44.69552513600013,-21.284501501999955],[44.68363785999992,-21.313247008999895],[44.682225293000045,-21.339470209999888],[44.70050773000008,-21.397236153999813],[44.695918622000136,-21.441055602],[44.67754714900019,-21.478163307999978],[44.683701867000195,-21.484936992999906],[44.67702908300015,-21.498726780999903],[44.680126282000174,-21.521680491999916],[44.694591017000164,-21.54182718100003],[44.68093315500005,-21.554904856],[44.69794142200021,-21.571577830000024],[44.69610581900008,-21.58602707899996],[44.718611893000116,-21.602309252999987],[44.75139999900017,-21.654670000999886],[44.74445071300016,-21.706397249999952],[44.751523099000224,-21.739247468999906],[44.77411086200016,-21.73148454499983],[44.809157460000165,-21.740410796999868],[44.82413966500019,-21.73261630499985],[44.86615621000004,-21.731843558999856],[44.934077838000064,-21.706897565999952],[44.94244502200013,-21.721697185999858],[44.92987955500024,-21.769283452999957],[44.945306759000175,-21.79584940599989],[44.943333827,-21.818273400999942],[44.954530680000175,-21.82769182599992],[44.95252112200018,-21.84595138099985],[44.96468205500014,-21.88666546099995],[44.956047701000216,-21.901989802999935],[44.96405048600019,-21.923519823999925],[44.94531102600013,-21.93378549899984],[44.92737132899998,-22.01012790899989],[44.90289913800012,-22.03109982899997],[44.90886357600016,-22.046129],[44.94589197800019,-22.03374278599989],[44.9940851990001,-22.05002899799996],[45.01934130000018,-22.042606420999903],[45.079604765000056,-21.99043807499993],[45.09080090300006,-22.01052018400003],[45.08501642500016,-22.036557760999926],[45.140117722000184,-22.059696675],[45.15910418100003,-22.084299300999817],[45.16154745500023,-22.100513593999892],[45.20980899500012,-22.099135953999962],[45.22510380300014,-22.06519203499994],[45.26524451000006,-22.06547697999997],[45.28260933600012,-22.020376098999975],[45.26280918200018,-21.951015511000037],[45.24267562500012,-21.97445062999998],[45.21582865000022,-21.96912653599992],[45.20193741000014,-21.900655570999845],[45.226449003000084,-21.88381339299997],[45.24350817100009,-21.899231356999962],[45.28152185900012,-21.88809531199996],[45.29499267800014,-21.896837824999977],[45.32825026100022,-21.898154268999917],[45.32807262200015,-21.882730989000038],[45.351620897000146,-21.85994481499995],[45.346473779000064,-21.793169976999877],[45.406009537000045,-21.714501567000013],[45.41285116100022,-21.684666448999963],[45.42332643500009,-21.685296692999884],[45.42912466500019,-21.695269160999885],[45.45571749200002,-21.692898983999896],[45.48230519400005,-21.669974154999977],[45.49973913200017,-21.680431886999884],[45.539693223000086,-21.680938585999968],[45.50895096100004,-21.627377621999983],[45.55154526400008,-21.616051408999965],[45.5325956760002,-21.57623142800003],[45.52247134899994,-21.52570815899992],[45.52207403800003,-21.505415430999903],[45.53946370600022,-21.51009953599987],[45.52560727700006,-21.461253692000014],[45.56306243000017,-21.428650105999964],[45.57618745400009,-21.387418631999935],[45.57296447899995,-21.371642049999934],[45.58423452300002,-21.35709539699991],[45.586479311000176,-21.31708988199989],[45.61711286000019,-21.317358722999927],[45.6241930970001,-21.294034389999922],[45.64020866600015,-21.282257025999854],[45.66122831600006,-21.287607987999934],[45.65352198700009,-21.27024663599991],[45.67779695600018,-21.27370987699993],[45.74850730400016,-21.239860257999965],[45.75581271300018,-21.196722883999826],[45.744402022000145,-21.164060692999897],[45.75186050200011,-21.132556116999922],[45.7366491910002,-21.110333293999986],[45.733486628000094,-21.080358365999814],[45.75353228000006,-21.067500408],[45.77462747300012,-21.025622962],[45.79197534700023,-21.01893721299996]]]}},{"type":"Feature","properties":{"shapeName":"Morombe","shapeISO":"","shapeID":"10022922B72547257848133","shapeGroup":"MDG","shapeType":"ADM2"},"geometry":{"type":"MultiPolygon","coordinates":[[[[43.249787265000066,-22.18208303199998],[43.25332,-22.168980000999852],[43.24678884299993,-22.166677668999966],[43.23726147000008,-22.181391254999937],[43.249787265000066,-22.18208303199998]]],[[[43.187151836,-22.125165873999833],[43.19645639100008,-22.095917777999944],[43.189590423000084,-22.076824080999927],[43.17969689400013,-22.085488516999987],[43.17716571700004,-22.10815806200003],[43.17873009600004,-22.123840662999896],[43.187151836,-22.125165873999833]]],[[[43.19174110200015,-22.070872810000026],[43.19591640800007,-22.05601594399991],[43.18682691300023,-22.06317567299999],[43.19174110200015,-22.070872810000026]]],[[[43.23604518399998,-22.022507210999834],[43.230860369000084,-22.022365926999953],[43.23414578400025,-22.030846173999862],[43.23604518399998,-22.022507210999834]]],[[[43.23801121900004,-22.023666786000035],[43.238328353000156,-22.021902988000022],[43.23677263000013,-22.023125275999917],[43.23801121900004,-22.023666786000035]]],[[[43.238461242000085,-22.02009217999995],[43.238273844,-22.01810274600001],[43.23595041800013,-22.020519556999943],[43.238461242000085,-22.02009217999995]]],[[[43.2421317670001,-22.015412748000017],[43.24234179200016,-22.01429443499984],[43.24119715000012,-22.015783789999887],[43.2421317670001,-22.015412748000017]]],[[[43.23437312200019,-22.010215397999957],[43.23386744400011,-22.007960989999845],[43.23341817000005,-22.009420193999972],[43.23437312200019,-22.010215397999957]]],[[[43.24169523000012,-21.9983659909999],[43.243126034,-21.99803381299995],[43.24145033800011,-21.995286709000027],[43.24169523000012,-21.9983659909999]]],[[[43.20661843000005,-21.959149519],[43.209579803000054,-21.95238574299998],[43.206389514000136,-21.95195977599991],[43.20661843000005,-21.959149519]]],[[[43.27391945800025,-21.915504787999964],[43.274365487000125,-21.915026591000014],[43.273794807000115,-21.914803779999943],[43.27391945800025,-21.915504787999964]]],[[[43.27410079200013,-21.912705744999982],[43.27424507400019,-21.912067138999817],[43.27352392500012,-21.912361153],[43.27410079200013,-21.912705744999982]]],[[[43.287709272000086,-21.886750738999922],[43.287558998000065,-21.88592110399992],[43.28689701500008,-21.886622504999877],[43.287709272000086,-21.886750738999922]]],[[[43.288374590000046,-21.88361415700001],[43.28867855500005,-21.882838251999942],[43.287934399000164,-21.882890272999873],[43.288374590000046,-21.88361415700001]]],[[[43.310019951000186,-21.875089047999836],[43.30987735399998,-21.87360674599995],[43.30944580000016,-21.876590464],[43.310019951000186,-21.875089047999836]]],[[[43.29156167400015,-21.868764783999893],[43.28887034200005,-21.867202467000027],[43.288447959000166,-21.868896942],[43.29156167400015,-21.868764783999893]]],[[[43.29782654000019,-21.855790029],[43.29769518600011,-21.854813690999833],[43.29724076700012,-21.855220952999957],[43.29782654000019,-21.855790029]]],[[[43.3004320190002,-21.837432223999826],[43.30021268400009,-21.83687653099986],[43.29976085700008,-21.83756331099994],[43.3004320190002,-21.837432223999826]]],[[[43.29561368700013,-21.83877036399997],[43.29292285800017,-21.83720815399994],[43.29250064200022,-21.838902645999895],[43.29561368700013,-21.83877036399997]]],[[[43.30070106100004,-21.835260601999835],[43.30074429000018,-21.834446184999933],[43.300017642000114,-21.834767899999918],[43.30070106100004,-21.835260601999835]]],[[[43.30077176400016,-21.833601548999866],[43.301728235000155,-21.83215670899989],[43.300911738000195,-21.831877460999863],[43.30077176400016,-21.833601548999866]]],[[[43.29995556800009,-21.82815712099989],[43.2997367640001,-21.827577443999985],[43.29942018600002,-21.827955122999867],[43.29995556800009,-21.82815712099989]]],[[[43.29698265700006,-21.833144256999958],[43.29504407900009,-21.814922188999958],[43.291928979999966,-21.822359008999854],[43.29698265700006,-21.833144256999958]]],[[[44.25880421200014,-21.860211392999872],[44.240597273000105,-21.854445111999894],[44.21969180399992,-21.811584917999937],[44.17378703900005,-21.80139193299982],[44.14189724900007,-21.814475258000016],[44.122022659999914,-21.838464047999935],[44.088716532000205,-21.836824095999873],[44.06216239800011,-21.86666293899998],[44.05342128500007,-21.890822275],[44.02909030500007,-21.904247659999953],[43.954579424000144,-21.901757385999986],[43.935132266000096,-21.880435939999927],[43.88918494300009,-21.874736274999975],[43.881271523000066,-21.86775919999991],[43.87239357100003,-21.828863641999988],[43.848448403000134,-21.793497487999957],[43.77227130000017,-21.70702027999988],[43.75801879900018,-21.634058609999954],[43.73457478900019,-21.58779802599986],[43.73433438100017,-21.571241700999906],[43.642012191000106,-21.469348882999952],[43.63897511900018,-21.45076182600002],[43.59979382200004,-21.433507828999893],[43.60566413800012,-21.419265896999946],[43.59546071600016,-21.400494540999944],[43.59724281300009,-21.366368515999966],[43.586772396000185,-21.347593249999818],[43.546768831000065,-21.30098120400004],[43.51695629000011,-21.313173894999977],[43.509964985000124,-21.333883229999913],[43.5038094790001,-21.31203012000003],[43.497825249000016,-21.313654211999847],[43.468436207000025,-21.34235369599992],[43.46368762199995,-21.36824834099997],[43.46736622500015,-21.437881461000018],[43.45722138200017,-21.477623954000023],[43.46872269600021,-21.481654603999914],[43.45985403500015,-21.497573837999823],[43.45762469500005,-21.54253374999996],[43.46704917200009,-21.547531595999942],[43.463624182000046,-21.557908045999966],[43.474002716000086,-21.59103763399986],[43.465530797000156,-21.638666885999953],[43.444160609000164,-21.655928485999823],[43.430669736000084,-21.652253024999823],[43.38905339700011,-21.722188810000034],[43.348705040000084,-21.748070696999946],[43.332088937000094,-21.796946010999932],[43.327716980000105,-21.86685035200003],[43.342616568000096,-21.885495507999963],[43.34298959300014,-21.902370170999973],[43.31322475900015,-21.91338694699988],[43.30539676400019,-21.865517533999878],[43.29702685600006,-21.871409168000014],[43.294747892000146,-21.889725354],[43.287654319999945,-21.88857267399993],[43.27628301400023,-21.905264682999928],[43.26156449299998,-21.948032038999827],[43.25723583800004,-21.965433378999876],[43.26356282000006,-21.997609211999986],[43.23965694299994,-22.047881593999932],[43.23722867200024,-22.07883378299988],[43.24742388200019,-22.081129808999947],[43.23510511400019,-22.09801648399997],[43.260620449000044,-22.15694211099992],[43.25599999900004,-22.182200001999888],[43.31182000100006,-22.207900001999917],[43.296319999000104,-22.23922000199991],[43.28430721700005,-22.223588758999938],[43.24148,-22.223670001000016],[43.22130543099996,-22.25281007299992],[43.224636217999944,-22.26961092299996],[43.23801784700004,-22.280436495999936],[43.22802609300004,-22.30109787099991],[43.22830381800003,-22.322148662999837],[43.25844463200025,-22.367701321999903],[43.26966575500006,-22.436915207999903],[43.30200804800012,-22.436248584999987],[43.39612191100019,-22.41431831199992],[43.403767578000156,-22.406996189999916],[43.39339732200011,-22.382934707],[43.43151805100001,-22.37070731800003],[43.496607440000105,-22.375856437999914],[43.53353353000023,-22.360444849999908],[43.54632000000015,-22.38625000199994],[43.63589654499998,-22.332489206999924],[43.661191116000055,-22.360377708999863],[43.68629999900003,-22.36358000199988],[43.68618876800019,-22.389732634999973],[43.728133613000125,-22.408447196999987],[43.872032647000026,-22.429675191999934],[43.89224643200015,-22.42466815399996],[43.95722032100008,-22.44709242599987],[44.019078501000195,-22.414753929999904],[44.0289586020001,-22.419354456999883],[44.03641875400007,-22.404458509],[44.055641046000176,-22.409233963999952],[44.05924096600012,-22.42228346199994],[44.09827112500017,-22.42860650399996],[44.12468722500006,-22.38854752499998],[44.11311511500003,-22.337156519999837],[44.14931999900017,-22.323376235999888],[44.16348613400015,-22.309444694999968],[44.166144723000116,-22.283635065],[44.178806574000134,-22.271430606999957],[44.19758505800013,-22.21690318199984],[44.197324889000186,-22.18987046199993],[44.21477531400012,-22.158779195999955],[44.206656225000074,-22.141597249999847],[44.234774701000106,-22.1155902509999],[44.233768044000044,-22.088615131999973],[44.25082935400019,-22.053767889999904],[44.23977547900017,-22.04419483399988],[44.24527296399998,-22.014580199999955],[44.229478116000166,-22.001257589999966],[44.26918985800023,-21.993029330999946],[44.2999460920002,-21.96655668499983],[44.299901723000175,-21.940572948999943],[44.26732618900013,-21.910701348999964],[44.25880421200014,-21.860211392999872]]]]}},{"type":"Feature","properties":{"shapeName":"Ankazoabo","shapeISO":"","shapeID":"10022922B67140219559440","shapeGroup":"MDG","shapeType":"ADM2"},"geometry":{"type":"Polygon","coordinates":[[[45.26524451000006,-22.06547697999997],[45.22510380300014,-22.06519203499994],[45.212582325000085,-22.09803530800002],[45.16122231300011,-22.099796552999976],[45.158672319000175,-22.083632862999934],[45.13954949200024,-22.0591265839999],[45.087693771000204,-22.040218555999957],[45.09095848700014,-22.0097584479999],[45.084378848000085,-21.9901808059999],[45.030346528000166,-22.027805242999875],[45.02258206100015,-22.041950713999938],[44.98899123800004,-22.04922988100003],[44.94589197800019,-22.03374278599989],[44.90886357600016,-22.046129],[44.89907660600022,-22.032209772999977],[44.926794407000045,-22.011481332999892],[44.94493357200014,-21.934829650999916],[44.96405048600019,-21.923519823999925],[44.95574046400009,-21.902761810999948],[44.96501576200012,-21.880845666999903],[44.95252112200018,-21.84595138099985],[44.95598270499994,-21.82530367399994],[44.941755158000035,-21.814618935],[44.945942813000045,-21.79944335099998],[44.92987955500024,-21.769283452999957],[44.94348556800003,-21.732757523999908],[44.934279368000034,-21.707410538999852],[44.873775081000076,-21.730293376999953],[44.828058512000155,-21.73232342599988],[44.80859782299996,-21.74047101499997],[44.77411086200016,-21.73148454499983],[44.697489537000195,-21.745266732999937],[44.61104263800013,-21.74916785599993],[44.56515640700019,-21.796517810999944],[44.52722554800016,-21.79607351199985],[44.43398743599994,-21.836982336999824],[44.381241709000165,-21.84346616499994],[44.34803972300017,-21.83637515599986],[44.317823010000154,-21.859924385999932],[44.30868783500006,-21.854280280999944],[44.308143224999924,-21.835614701999816],[44.27753585100004,-21.816330754999967],[44.274806820000094,-21.836511015999918],[44.25880421200014,-21.860211392999872],[44.262885156000095,-21.899125684000012],[44.28520632500016,-21.933112931999972],[44.29836015300015,-21.939072019999912],[44.2999460920002,-21.96655668499983],[44.26918985800023,-21.993029330999946],[44.229478116000166,-22.001257589999966],[44.246062338000115,-22.01590447099983],[44.239060872000096,-22.04033403199992],[44.25017619000016,-22.05184229999992],[44.23310371100024,-22.091276361999974],[44.23587416000004,-22.112460902999885],[44.23092806200009,-22.12470991499987],[44.219269818000214,-22.125125422999872],[44.20669453599993,-22.139706596999815],[44.21477531400012,-22.158779195999955],[44.19758016900016,-22.187700066999867],[44.19851494900024,-22.21253238199995],[44.178806574000134,-22.271430606999957],[44.16651320200015,-22.282200357999955],[44.16348613400015,-22.309444694999968],[44.13940502600019,-22.329520508999963],[44.11438632300002,-22.333702969],[44.11149062700008,-22.349742307999975],[44.12468722500006,-22.38854752499998],[44.10052835700009,-22.423440489999905],[44.095211018000214,-22.44502236300002],[44.11298558899995,-22.472040641999968],[44.13203829600013,-22.48004716599985],[44.13412659200009,-22.49758010399995],[44.16199429600016,-22.524708419999968],[44.19546213200016,-22.51358689199992],[44.21015480100016,-22.486003300999982],[44.24090642099992,-22.476162503999944],[44.298302736000096,-22.480975648999845],[44.322231224000234,-22.520507794999958],[44.34297999900019,-22.52947000200004],[44.37117842600003,-22.529208515999983],[44.45820877700004,-22.500325224999983],[44.45325237200018,-22.48416712299985],[44.46522349100013,-22.473953845999915],[44.50383571700013,-22.490015327999856],[44.516334515000096,-22.49959504799989],[44.51390364600013,-22.511577326],[44.53208186100005,-22.52249063399995],[44.54754307100018,-22.51596053099985],[44.55450705000004,-22.52867667699985],[44.574010541000234,-22.51663035699994],[44.584701261000134,-22.518687513999964],[44.58894837700018,-22.5089954259999],[44.63054935800011,-22.483891475999883],[44.64884224800005,-22.529914954],[44.66134110600018,-22.535202482999864],[44.67472050300012,-22.528914476999887],[44.67680875400015,-22.49738524499992],[44.69835017499997,-22.48943145099986],[44.71618810800021,-22.468719751999913],[44.73495720400007,-22.41294962199993],[44.764173578,-22.430567905999965],[44.77513230000011,-22.427791957999887],[44.82969226500006,-22.461700671999836],[44.83623014400018,-22.451617269999986],[44.90834513200025,-22.461167291999857],[44.93896822800019,-22.44045978299988],[44.98407633700009,-22.45801961399991],[45.04436972200017,-22.491646975000037],[45.051547495000136,-22.506916659999945],[45.04270667100013,-22.532068076999963],[45.07044827900006,-22.54229972400003],[45.078032793000034,-22.557183060999932],[45.089058215000136,-22.552226856999823],[45.09775298900007,-22.51334456099994],[45.10894977800007,-22.508931558999848],[45.11758139300025,-22.489586812000027],[45.15629818100018,-22.47948343799993],[45.16144436000013,-22.471963478999896],[45.17340559900009,-22.439458167999987],[45.19700791500003,-22.41660812999993],[45.19545998700022,-22.38746791599982],[45.21121323500017,-22.357100702999958],[45.22165171900019,-22.360035323999853],[45.238434962000156,-22.348838527],[45.225185735000196,-22.30852855400002],[45.23197210100017,-22.301869357999976],[45.22753827500014,-22.28317111299998],[45.23333763400012,-22.258170159999963],[45.24830418100004,-22.256804510999928],[45.24363810700015,-22.237770717999922],[45.255469188000234,-22.227521533999834],[45.26255980800016,-22.234312941999974],[45.27751350800003,-22.231910543999902],[45.28716776800019,-22.19548530499992],[45.27457350900005,-22.174661756000035],[45.30005388400019,-22.15535058099988],[45.304999999000074,-22.140030000999843],[45.28843295100012,-22.129899589999923],[45.27912869300019,-22.102870887999984],[45.280974381000135,-22.07494021699995],[45.26524451000006,-22.06547697999997]]]}},{"type":"Feature","properties":{"shapeName":"Betioky Atsimo","shapeISO":"","shapeID":"10022922B63491232053463","shapeGroup":"MDG","shapeType":"ADM2"},"geometry":{"type":"Polygon","coordinates":[[[44.663702042000125,-23.22071146899998],[44.655512928000064,-23.225915138999937],[44.636945434000154,-23.216974155999935],[44.624338286000125,-23.22949933900003],[44.60323892599996,-23.22397981099988],[44.579261140000085,-23.229473692999875],[44.529130379000094,-23.193383212999947],[44.493958774000134,-23.204077261999885],[44.46234427900009,-23.228236120999952],[44.41428340500005,-23.249089025999865],[44.38513556100014,-23.235589454999968],[44.3715293460001,-23.244227626999987],[44.35,-23.227170000999934],[44.346257980000075,-23.253266647000032],[44.320927591999975,-23.231798485000013],[44.3083340930001,-23.201161974],[44.29437410000014,-23.193707803],[44.27950523599998,-23.21539110799995],[44.2397412520001,-23.229846711999983],[44.19592879100014,-23.291776490000018],[44.153900000000135,-23.290180000999896],[44.142194104000055,-23.305744999999888],[44.13532,-23.318930000999956],[44.14902000000012,-23.344080000999895],[44.16218107700007,-23.344347661999905],[44.18895437700019,-23.326767898999833],[44.190290560000165,-23.334106915],[44.14771374100013,-23.379128237999964],[44.14933144000014,-23.386884489999943],[44.16503067800005,-23.392118308999898],[44.18302146100012,-23.429607501999897],[44.133816351000064,-23.449240158],[44.121207544000185,-23.463794003999908],[44.13184345000019,-23.497079472999815],[44.15443455700023,-23.514225963999934],[44.130013916000166,-23.56923932599983],[44.13797299600003,-23.572297942999967],[44.135461502000055,-23.57993072900001],[44.12177875900011,-23.585896266999953],[44.09786601800016,-23.572892670999863],[44.08403568700004,-23.583490528000027],[44.08106537200024,-23.557703723999907],[44.072062113000015,-23.55332048699995],[44.04794723899994,-23.603282866999848],[44.028581433000056,-23.61106923799997],[44.00831974600004,-23.645919268999933],[43.93723261200017,-23.690703135999968],[43.96245177600014,-23.69442535299993],[43.967896395000025,-23.724232766],[43.942534251000154,-23.766963800999918],[43.93658951700013,-23.80779479999984],[43.94510933200013,-23.84221632799995],[43.9292840920001,-23.868669418999957],[44.01285842500016,-23.85665225499997],[44.10225891500011,-23.828918897],[44.12614467600014,-23.837288100999956],[44.13996387300017,-23.86877015999994],[44.175051403000055,-23.895704509999973],[44.18265931800005,-23.915779950999934],[44.159446893000165,-23.971565473999874],[44.1523,-23.97383000099984],[44.13635000000022,-23.939420000999974],[44.130319590000056,-23.94677885399983],[44.125359490000164,-23.965257998999903],[44.13700429400018,-23.981113005999816],[44.12615272600004,-23.980012034999845],[44.09964641900012,-23.95538814899993],[44.06499836000006,-23.953947478000032],[44.08458629300014,-23.981945157999917],[44.07059363000013,-24.017671278999956],[44.05669483199995,-24.02198954100004],[44.05366325500023,-24.034422610999968],[44.028168951000055,-24.054224557999987],[44.006431276000114,-24.112696535999874],[43.996702878000065,-24.195976107999968],[44.02374238300007,-24.185632512999916],[44.05502243200016,-24.155911411999966],[44.073312578000184,-24.16615755399988],[44.08918660400019,-24.15179843699991],[44.11106240200007,-24.166552949],[44.127686660000165,-24.157128284],[44.16379683000008,-24.167145578999907],[44.177771357999916,-24.144266737999885],[44.211053827000114,-24.116422879999902],[44.22255647400016,-24.092085447999978],[44.310496630000046,-24.040305041999886],[44.36078371600007,-24.020661749999874],[44.40392755499994,-24.018725233999874],[44.437521242000116,-24.037696562999884],[44.48236256800004,-24.03665290799995],[44.49591806900014,-24.026873361000014],[44.49966554900004,-24.01147057499992],[44.52302996200012,-24.00346357],[44.538288553000086,-23.987014736],[44.61220519200003,-24.000385629999982],[44.63899959100024,-23.99124112699991],[44.67402537000004,-23.960500531999912],[44.72693824300018,-23.956501765999974],[44.751191702000085,-23.942784348999908],[44.772364734000064,-23.959350949],[44.80315530200005,-23.967005326999868],[44.83914099900011,-23.951924546999976],[44.85745941900018,-23.93194773099998],[44.87637045800017,-23.953667743999972],[44.88820780100019,-23.950155163000034],[44.913434617000064,-23.958816854999952],[44.93094300700011,-23.94860792499992],[44.947367376000045,-23.975379275999956],[44.956853555000066,-23.95846941399998],[44.963000000000136,-23.965970001000017],[44.95565,-23.978530000999967],[44.99277,-23.98657000099996],[45.017309510000075,-23.975713988999928],[45.002780635000136,-23.956738548000033],[45.008511832000124,-23.946877595999922],[45.062309901000106,-23.898500125],[45.07046787700011,-23.905064562999826],[45.06692338800019,-23.917117788999974],[45.04105618400007,-23.91987103799994],[45.05455865800013,-23.934095893],[45.02104788300005,-23.94783339099996],[45.02188644100016,-23.953914715999986],[45.03278,-23.949320000999933],[45.03724353400008,-23.96495058799985],[45.05242,-23.964420000999837],[45.052266138000164,-23.976085200999933],[45.03393651500011,-23.98304515899997],[45.05324817100012,-23.985408530999962],[45.05748685599991,-23.993216934999964],[45.104314018000025,-23.982351350999863],[45.07298,-23.963570000999937],[45.08479782600011,-23.881938302999856],[45.07454759900014,-23.8219908129999],[45.13775000000021,-23.797280001],[45.13440000000014,-23.742170000999977],[45.10256866500009,-23.71278187199988],[45.09960752800015,-23.701159142999927],[45.12960000000015,-23.662420000999987],[45.09408,-23.637970000999815],[45.036386040000025,-23.653326169999843],[45.03373000000016,-23.65972000099987],[45.00853,-23.640930000999845],[44.97092000000015,-23.654750000999968],[44.934940721000146,-23.654993696999895],[44.92358022200011,-23.67314952399994],[44.89645031800018,-23.67448063400002],[44.880972687,-23.651436358999888],[44.89292801800025,-23.614859170999864],[44.88559894300016,-23.584074384999838],[44.88898450500017,-23.548298227999908],[44.85988824800012,-23.515347745999918],[44.84753842500015,-23.51274806599986],[44.830365696000115,-23.528255180999963],[44.8316127440001,-23.50617815699991],[44.822455554000214,-23.493933202999983],[44.827902950000066,-23.477423130999966],[44.81028259600021,-23.455995971999982],[44.78405180000021,-23.452810969999973],[44.78702800499997,-23.42209280299994],[44.77478891300018,-23.396777224],[44.73736169200009,-23.407592164],[44.73371299900009,-23.39551873299996],[44.747263267000164,-23.374490655999864],[44.751498550000235,-23.340631304999818],[44.77815838999999,-23.30893048300004],[44.74729299000006,-23.286347269000032],[44.75356936400016,-23.25100391999996],[44.72516586100005,-23.23580651499998],[44.68880002200018,-23.237892609999847],[44.663702042000125,-23.22071146899998]]]}},{"type":"Feature","properties":{"shapeName":"Ampanihy Ouest","shapeISO":"","shapeID":"10022922B9355726550011","shapeGroup":"MDG","shapeType":"ADM2"},"geometry":{"type":"Polygon","coordinates":[[[43.996702878000065,-24.195976107999968],[43.97443179399994,-24.20437691799998],[43.89855038299993,-24.20831612199993],[43.87704019500012,-24.22605066099993],[43.81336164900017,-24.226303739999935],[43.79205330500014,-24.216334571999937],[43.727613846000224,-24.229731169999923],[43.70691405600007,-24.21556408500004],[43.66499248200017,-24.215658409999946],[43.659349378000115,-24.24040596099985],[43.66646421400009,-24.319204249],[43.68142069700008,-24.372834306000016],[43.75302256700013,-24.460620469999867],[43.83882995400023,-24.517987644999835],[43.91690317300004,-24.603318113],[43.93238072599996,-24.631427070999962],[43.942764749999924,-24.687235386],[43.918719321000026,-24.713852910000014],[43.92021078000005,-24.737501925],[43.94846979000016,-24.776053729999887],[43.95686601700004,-24.813587917999882],[44.019821825000065,-24.87483353899995],[44.016919259000076,-24.912822419],[44.03556304399996,-24.966091772000027],[44.0182258320001,-24.997318245999907],[44.021334050000235,-25.013451236999913],[44.029880869000124,-25.015914483999893],[44.04067375800008,-25.003375774],[44.054756202000135,-25.00974789499992],[44.06616531100008,-25.020874025000012],[44.06550586800017,-25.04278115099993],[44.07668765699992,-25.055930714999988],[44.060860426000204,-25.049758087999976],[44.060661870000104,-25.055045526999947],[44.111094366999964,-25.097211195999876],[44.10228228000017,-25.074687177999976],[44.12222664799992,-25.081655887999887],[44.14646191499992,-25.069591943000034],[44.166482283000164,-25.07070119499997],[44.20776660600018,-25.089197977999902],[44.2824383250001,-25.145417860999885],[44.34065972200017,-25.198322365000024],[44.35974462500019,-25.24266392899989],[44.351053898999965,-25.26488317999997],[44.43892784400015,-25.271162040999968],[44.5164034710001,-25.289767001999962],[44.49661776600021,-25.24329411799988],[44.51871277400011,-25.184451215999843],[44.533491660000095,-25.183183128999815],[44.53299294499993,-25.162902825999936],[44.553887421000184,-25.166630146999864],[44.5566803480001,-25.156750088999956],[44.57733060000021,-25.147576797],[44.57830130000025,-25.13633847899996],[44.59481231999996,-25.132407840999917],[44.628636806000145,-25.092975548999902],[44.65769433200006,-25.075037208999902],[44.667083110000135,-25.053339752999932],[44.68398630100006,-25.050529006999966],[44.687851780000074,-25.02899184200004],[44.72060412200017,-25.02243882499988],[44.73364531400006,-24.999743260999935],[44.77255911700007,-24.97390177],[44.77621284000014,-24.95799457499993],[44.797498159000156,-24.955948607999915],[44.80852410500012,-24.937596792000022],[44.8454426130001,-24.9288724619999],[44.873742644000174,-24.90649612999988],[44.90212307700011,-24.914684217999934],[44.91458152000001,-24.879676855999946],[44.96546029800015,-24.832443369999908],[44.9785119,-24.776527813999962],[44.989224348000164,-24.781461736999972],[44.99423133500011,-24.769709654999986],[45.02404311300006,-24.77859517499985],[45.02492436000006,-24.75599031799993],[45.031767336000144,-24.747636874999955],[45.04353334500013,-24.748292321999827],[45.04274596400006,-24.723688402999983],[45.055785174000164,-24.701531281999962],[45.05060564000007,-24.686842150999894],[45.06844319900006,-24.659067113999924],[45.05368858700018,-24.62038227199986],[45.05762637600009,-24.592277600999978],[45.09366309100011,-24.56459352899992],[45.08799513600019,-24.54406581899991],[45.096556205000184,-24.519380285999887],[45.08196401500004,-24.498909625999886],[45.085285813999974,-24.48453297899988],[45.07122102800014,-24.477053152999986],[45.072398567000164,-24.457022197999947],[45.05253213800012,-24.411143233999894],[45.058324979000076,-24.40260549200002],[45.049876699000095,-24.36564698899997],[45.05670115400011,-24.326529769999922],[45.0481425050001,-24.307261188999917],[45.06313578200013,-24.300662425999974],[45.075900594000075,-24.261927716999878],[45.11903251900003,-24.22327918999997],[45.14965931800003,-24.175751499],[45.14749983899998,-24.086068086999944],[45.1644103430001,-24.018407842999977],[45.15479752400012,-24.00235525399995],[45.18550517300025,-23.977615930999832],[45.175469244000055,-23.942622998999866],[45.176419741000075,-23.913809052000033],[45.164428377000206,-23.905026537999902],[45.129222438,-23.909204327999873],[45.084888794,-23.889600014999985],[45.07326416400008,-23.95884776899993],[45.1027736260001,-23.97914815699994],[45.05197510300013,-23.995439086999966],[45.05563000000012,-23.984570000999952],[45.034510283000145,-23.981608283999947],[45.04900030800013,-23.97942596400003],[45.052354674000185,-23.966510746999973],[45.033130227000186,-23.961520362999977],[45.03278,-23.949320000999933],[45.01825,-23.948829999999816],[45.05263265299999,-23.93644891999992],[45.05047736500023,-23.927268691999814],[45.03775169700015,-23.922638334999874],[45.066145395000035,-23.920543753999937],[45.07073,-23.90218000099992],[45.065307401000155,-23.897886201],[45.006876944000226,-23.946055106999893],[45.017309510000075,-23.975713988999928],[45.00790000100022,-23.98433000099999],[44.95565,-23.978530000999967],[44.96188533600014,-23.960834606999924],[44.9518,-23.961650000999896],[44.94557986700005,-23.97357217000001],[44.93153388100018,-23.948514429],[44.9120563030001,-23.95902235299991],[44.87637045800017,-23.953667743999972],[44.85918247600017,-23.93208277499997],[44.847750014000155,-23.936414930999945],[44.83961139000019,-23.951928870999893],[44.809569747000126,-23.966046116999905],[44.77252022100009,-23.95938550400001],[44.751191702000085,-23.942784348999908],[44.72799125500006,-23.956307821999815],[44.675119370000175,-23.959736544999828],[44.634559191000164,-23.993718864000016],[44.6129828980001,-24.00035383399984],[44.53466481700008,-23.98876738599995],[44.52351475700016,-24.003012243999876],[44.49719924599998,-24.01333519000002],[44.486289498000076,-24.036497790999817],[44.437521242000116,-24.037696562999884],[44.40392755499994,-24.018725233999874],[44.36817347500016,-24.018696173999956],[44.317067951000126,-24.044506457999887],[44.30810833400017,-24.041522955999937],[44.22625705500019,-24.089420696999866],[44.21047273300019,-24.117480884999964],[44.177771357999916,-24.144266737999885],[44.16379683000008,-24.167145578999907],[44.127686660000165,-24.157128284],[44.11158721700008,-24.167359904999955],[44.08918660400019,-24.15179843699991],[44.07487117400018,-24.166590979000034],[44.05657919800018,-24.15586182499993],[44.02374238300007,-24.185632512999916],[43.996702878000065,-24.195976107999968]]]}},{"type":"Feature","properties":{"shapeName":"Sakaraha","shapeISO":"","shapeID":"10022922B49716742274905","shapeGroup":"MDG","shapeType":"ADM2"},"geometry":{"type":"Polygon","coordinates":[[[45.07738468000014,-22.556908251999914],[45.06960373900017,-22.541714550999927],[45.04270667100013,-22.532068076999963],[45.051867302000176,-22.509387529999913],[45.047840610000094,-22.493892088],[44.98407633700009,-22.45801961399991],[44.9356767110001,-22.440344508999942],[44.913163308000094,-22.46046819499992],[44.84075206200009,-22.45101442899994],[44.82748765200017,-22.46143861799993],[44.77898461200016,-22.429837367999937],[44.76211194500007,-22.429614863999916],[44.7383320470002,-22.414240191999852],[44.717279273000145,-22.468244231999904],[44.70014237900011,-22.489653251999925],[44.67680875400015,-22.49738524499992],[44.67582601300006,-22.52546536499989],[44.66134110600018,-22.535202482999864],[44.649484383000186,-22.53232342699988],[44.63916521400017,-22.49508828300003],[44.62769985100016,-22.482922740999925],[44.587012575000074,-22.509743635999882],[44.584701261000134,-22.518687513999964],[44.550960084,-22.528247150000027],[44.54845602700004,-22.517988357999855],[44.53078051500023,-22.521881121999968],[44.51322451899995,-22.50868937299998],[44.514845135000144,-22.498226297999963],[44.467319922000115,-22.47369388499999],[44.45196277600007,-22.486585598999852],[44.45701879700016,-22.496779694999816],[44.44116039100004,-22.50928557499992],[44.37117842600003,-22.529208515999983],[44.3430922550001,-22.52946052799996],[44.322231224000234,-22.520507794999958],[44.299954529000104,-22.481767945999934],[44.24356817600017,-22.476438013999825],[44.21015480100016,-22.486003300999982],[44.19673495700022,-22.512710793999815],[44.15669914200009,-22.52341977200001],[44.13412659200009,-22.49758010399995],[44.13306508900013,-22.48035911699992],[44.108863982000116,-22.46872111999994],[44.097699999000156,-22.451380001999894],[44.0983917100001,-22.432542111999908],[44.05924096600012,-22.42228346199994],[44.053510183000185,-22.406191731999968],[44.03483889600011,-22.40458779599993],[44.030394166000065,-22.41713442799994],[44.019078501000195,-22.414753929999904],[44.002102226000034,-22.42713605299997],[43.98019286300013,-22.43059394699992],[43.96186254000003,-22.446684532999882],[43.93015010400018,-22.44081751499982],[43.909965513000145,-22.427619771999957],[43.872275753000054,-22.429511029000025],[43.86313726000003,-22.436737402999825],[43.85525538100006,-22.469819702999985],[43.822778355000025,-22.48893615799983],[43.804665259000046,-22.520325028999935],[43.820339387,-22.528605571000014],[43.82463074600008,-22.555756223],[43.82177434199997,-22.581042418999914],[43.807183347000034,-22.603723079999952],[43.814968237000244,-22.61122494199992],[43.82600832500009,-22.604967146999968],[43.8470682210002,-22.609536503999834],[43.82814989400009,-22.638304595999898],[43.87699256800016,-22.66000273000003],[43.871635926000124,-22.69179059999982],[43.83999059100006,-22.726340378999964],[43.79831726900005,-22.725906252999835],[43.74654485700012,-22.75586421299994],[43.67565107900003,-22.77629133299996],[43.67711470200004,-22.820745485999907],[43.696883621000154,-22.838342366999882],[43.679948670000044,-22.84348212799989],[43.66294684100012,-22.873270158999958],[43.662491503000126,-22.923132485999815],[43.67515069400008,-22.953086791999965],[43.69445853200017,-22.95340435199995],[43.73482339700013,-22.942787308999982],[43.78173560400006,-22.916106201999867],[43.806780600000195,-22.914370703999964],[43.825925356000084,-22.89333130299991],[43.846329590000096,-22.91133349499995],[43.87583089100002,-22.899595277999936],[43.90009515500003,-22.904540130999976],[43.97318088300011,-22.850774404999925],[43.982509366000045,-22.857525808999867],[43.979082633000075,-22.88531981799997],[43.98491510900004,-22.890321899999947],[43.99484685200014,-22.892550943999822],[44.013259989000176,-22.875529760999882],[44.095437395000204,-22.91569788700002],[44.10602627200012,-22.968500684],[44.11933677500019,-22.975084150999976],[44.132851675999916,-23.002669397999966],[44.15641845700003,-23.007245150000017],[44.166460520000044,-23.029284578999864],[44.196676825,-23.06043543899989],[44.19571903100018,-23.071425904000023],[44.175617357000135,-23.07474612299984],[44.186670000000106,-23.087630000999866],[44.20002474100011,-23.07845090899997],[44.20995579000015,-23.088036245000012],[44.17395952100014,-23.117510734999883],[44.17573094200003,-23.12305760999982],[44.18733,-23.122680000999935],[44.24194081700006,-23.081397614999958],[44.292327171000125,-23.107845666],[44.34451637700016,-23.117471647999935],[44.32947298300013,-23.147648964999973],[44.301128425999934,-23.1618145729999],[44.293562616000145,-23.190026572999955],[44.34515296900008,-23.25529041799996],[44.349970594000126,-23.23108328799998],[44.36777000000012,-23.243400000999884],[44.387832857000205,-23.235994359999893],[44.41721982600012,-23.24817581499991],[44.46234427900009,-23.228236120999952],[44.49137166800011,-23.205067171],[44.529130379000094,-23.193383212999947],[44.57661496200012,-23.228902835999975],[44.605728957000224,-23.22400661399996],[44.624338286000125,-23.22949933900003],[44.636945434000154,-23.216974155999935],[44.660907875000134,-23.225855145999958],[44.67023227800007,-23.164060318999816],[44.68895081300013,-23.145848893],[44.70255121500014,-23.14089013999984],[44.76317912200017,-23.15059186000002],[44.790721869000095,-23.115838852999843],[44.80555062399998,-23.112964083999827],[44.838498935000075,-23.063567106999926],[44.86400863300008,-23.063814002999834],[44.88487720099994,-23.05355206699994],[44.902410546,-23.012188991999892],[44.91615564100016,-23.022987304000026],[44.94025762600012,-23.015916850999872],[44.96937238800018,-23.020883630999947],[45.002561884000045,-23.005575185999874],[45.00096275800007,-22.988101815999983],[44.97822457800004,-22.950651511999922],[44.98890761400003,-22.912398374999952],[45.06433617199997,-22.89795680399982],[45.07638819200008,-22.885150126999974],[45.059601747000045,-22.816072052000038],[45.030835382000134,-22.80272055299986],[45.030657162000125,-22.785673560999896],[45.01877638600013,-22.767658961],[45.04469249800019,-22.746184814999935],[45.028026285000124,-22.681300659999977],[45.069056563,-22.62860674999996],[45.07738468000014,-22.556908251999914]]]}},{"type":"Feature","properties":{"shapeName":"Toliary-II","shapeISO":"","shapeID":"10022922B75767771564463","shapeGroup":"MDG","shapeType":"ADM2"},"geometry":{"type":"Polygon","coordinates":[[[43.70324941600012,-23.381304703999945],[43.727814717999934,-23.42308411],[43.759088609999935,-23.446599263],[43.76541804600015,-23.481499058999873],[43.745316957000114,-23.532307668999977],[43.73569530000009,-23.511315647],[43.73152080600016,-23.516202513999872],[43.74433001600005,-23.550080738999952],[43.75498298800005,-23.549974942],[43.75952847900021,-23.566318770999942],[43.72690559400024,-23.593095928999844],[43.68652423900011,-23.597248990000026],[43.65949223800021,-23.611102164999863],[43.647697974000096,-23.655435592999936],[43.634979154000234,-23.670701233999864],[43.65081259700014,-23.67846793299998],[43.639746310000135,-23.72015741899986],[43.64597364600024,-23.747160693000012],[43.63319180200011,-23.748721465000017],[43.66128740800002,-23.811573001],[43.6621984840001,-23.822525195999958],[43.649955250000176,-23.838268337999864],[43.66331955100003,-23.85836455799989],[43.67272928700004,-23.89784962599998],[43.659651777000136,-23.920020215999955],[43.66634641000013,-23.983788300000015],[43.66017844700019,-24.001117732999887],[43.67625942600017,-24.041207388000032],[43.66388788800009,-24.214388992999886],[43.704320984000105,-24.215116034],[43.72362652000015,-24.22962480000001],[43.774527369000054,-24.216865890999827],[43.81336164900017,-24.226303739999935],[43.879212915000096,-24.226363763999927],[43.897440334,-24.20849925099992],[43.97691857100011,-24.204257250999945],[43.99807162500008,-24.19199389900001],[43.994237972000235,-24.176486454999974],[44.00650194900021,-24.142339292999907],[44.00568843900004,-24.115971103999925],[44.028168951000055,-24.054224557999987],[44.07461538000018,-24.010484169999927],[44.082994062000125,-23.983088563000024],[44.0618146700001,-23.957232820999877],[44.09964641900012,-23.95538814899993],[44.12615272600004,-23.980012034999845],[44.13700429400018,-23.981113005999816],[44.125359490000164,-23.965257998999903],[44.130319590000056,-23.94677885399983],[44.13635000000022,-23.939420000999974],[44.15040194200009,-23.969735453999988],[44.159446893000165,-23.971565473999874],[44.18291165600016,-23.91768976299994],[44.177016552,-23.89683818499998],[44.13996387300017,-23.86877015999994],[44.12614467600014,-23.837288100999956],[44.10438405100007,-23.827978305999977],[44.01285842500016,-23.85665225499997],[43.927420841000014,-23.871085800999936],[43.94510933200013,-23.84221632799995],[43.93658951700013,-23.80779479999984],[43.9412067290001,-23.77122392599989],[43.96759623100007,-23.72223794399997],[43.96249406100014,-23.697069066999916],[43.93876515000011,-23.690038076999826],[44.0070300000001,-23.648200000999907],[44.0282755560001,-23.611082861999876],[44.04711411500011,-23.603806479000013],[44.072062113000015,-23.55332048699995],[44.08106537200024,-23.557703723999907],[44.08403568700004,-23.583490528000027],[44.10192398300006,-23.57343059799996],[44.12177875900011,-23.585896266999953],[44.13908600600007,-23.57523418599999],[44.13223657499992,-23.56649899599995],[44.15412100599991,-23.511073465000038],[44.13184345000019,-23.497079472999815],[44.121207544000185,-23.463794003999908],[44.133816351000064,-23.449240158],[44.18302146100012,-23.429607501999897],[44.16503067800005,-23.392118308999898],[44.147224992000076,-23.383705149999855],[44.1802057160001,-23.35051184999986],[44.19100605099993,-23.328057991999913],[44.15802555300013,-23.34646582499994],[44.14902000000012,-23.344080000999895],[44.13532,-23.318930000999956],[44.138874096000166,-23.310864381999977],[44.15774277700018,-23.29046265399984],[44.19592879100014,-23.291776490000018],[44.2397412520001,-23.229846711999983],[44.28214738999992,-23.213071480999872],[44.298373681000214,-23.16530852699998],[44.32947298300013,-23.147648964999973],[44.346299680000186,-23.120203370000013],[44.292327171000125,-23.107845666],[44.24596859000019,-23.08367118699988],[44.17833,-23.12575000100003],[44.17695135000014,-23.114823059],[44.2100595010001,-23.09098635999993],[44.20114821700014,-23.079290313999877],[44.183514923000075,-23.08503735200003],[44.178629649000186,-23.070694636999917],[44.19933294900005,-23.066563629999962],[44.18486754700007,-23.04257998600002],[44.166460520000044,-23.029284578999864],[44.154887294000105,-23.00465221899998],[44.13099736700008,-23.001864333999947],[44.12149370299994,-22.97731791699988],[44.10434864000007,-22.965813469999944],[44.095437395000204,-22.91569788700002],[44.01552403199997,-22.87688957499995],[43.99816073299996,-22.890679122999927],[43.98491510900004,-22.890321899999947],[43.979082633000075,-22.88531981799997],[43.985936542000104,-22.859002807999957],[43.97318088300011,-22.850774404999925],[43.90009515500003,-22.904540130999976],[43.87089056100018,-22.899824028999944],[43.84306714599995,-22.90975822999991],[43.825925356000084,-22.89333130299991],[43.810121338000215,-22.911679683999978],[43.772800785000015,-22.918706893000035],[43.73482339700013,-22.942787308999982],[43.67506197500012,-22.953996537000023],[43.660473845000126,-22.91310230999983],[43.66186509500017,-22.876038242999925],[43.677532826,-22.845707243999982],[43.69641423300004,-22.839288852999857],[43.67711470200004,-22.820745485999907],[43.67470710000015,-22.777620865999836],[43.742728675000194,-22.757395511999903],[43.79950077900014,-22.725246025999922],[43.83643541300006,-22.728575696],[43.86981721000012,-22.695775342999923],[43.87449344700025,-22.65814276599997],[43.82836680600013,-22.641189142999906],[43.84797421200011,-22.61257713499998],[43.807358209000085,-22.607205513999986],[43.81126905600013,-22.589478633],[43.82142430100009,-22.582945177999875],[43.82463074600008,-22.555756223],[43.820339387,-22.528605571000014],[43.80491910799998,-22.514780755999936],[43.82201327400003,-22.489768895],[43.85660356600016,-22.467550562999975],[43.86880891900012,-22.43188361999995],[43.70847930400009,-22.403865597999868],[43.68240013900015,-22.385866857999872],[43.68329560600006,-22.362171792999902],[43.661191116000055,-22.360377708999863],[43.63589654499998,-22.332489206999924],[43.54632000000015,-22.38625000199994],[43.534037284000135,-22.360034685999892],[43.49999692500012,-22.375197350999827],[43.435252345000094,-22.370486095999922],[43.40971765700016,-22.375703854999983],[43.38922908900008,-22.386846190999904],[43.40309492600011,-22.40603342399993],[43.39612191100019,-22.41431831199992],[43.27402,-22.438050000999908],[43.26923750000009,-22.448418396999898],[43.27317818900008,-22.473079239999834],[43.288345099000026,-22.4957577159999],[43.28592503700014,-22.57842686999993],[43.32897877100015,-22.683461170999863],[43.34883410100019,-22.759384679],[43.35575695299991,-22.809664056999907],[43.34314954900003,-22.850849005999976],[43.39007100100014,-22.877462181999988],[43.43897415200013,-22.920775670999944],[43.44989878700011,-22.950907384999937],[43.483460040000125,-22.985093472999836],[43.489868340999976,-23.009748826999953],[43.511722684000176,-23.00873023099996],[43.59070444200012,-23.0658112349999],[43.60878947000009,-23.102087734],[43.60764815500005,-23.16703502500002],[43.623643328000185,-23.204874737999887],[43.618513016000065,-23.236202485999968],[43.63420092799993,-23.268537626999944],[43.630611747000046,-23.287330248999922],[43.62338623500017,-23.25185176699995],[43.615528550999954,-23.311153460000014],[43.625569956000106,-23.314864755999963],[43.661284471000045,-23.29919087399992],[43.66286148000006,-23.331398522999905],[43.66862283400019,-23.327483843999914],[43.685180001000106,-23.3396200009999],[43.70324941600012,-23.381304703999945]]]}},{"type":"Feature","properties":{"shapeName":"Benenitra","shapeISO":"","shapeID":"10022922B93003724204974","shapeGroup":"MDG","shapeType":"ADM2"},"geometry":{"type":"Polygon","coordinates":[[[45.00347656100013,-22.993799796999895],[44.99906352600016,-23.00619000699993],[44.975798860000054,-23.020067985999958],[44.94025762600012,-23.015916850999872],[44.91749528700018,-23.02303606599986],[44.90397392400024,-23.01191686399983],[44.88644347300004,-23.052223919000028],[44.86683894100014,-23.063269478],[44.8426212330001,-23.062429392999945],[44.80555062399998,-23.112964083999827],[44.79385668200018,-23.113505438999937],[44.76317912200017,-23.15059186000002],[44.69168943600016,-23.14390674699996],[44.66900168300015,-23.167592008999918],[44.66410307399991,-23.219629815999838],[44.68880002200018,-23.237892609999847],[44.72516586100005,-23.23580651499998],[44.75249704000004,-23.248320567999883],[44.747620582000195,-23.288363786],[44.77815838999999,-23.30893048300004],[44.752726890000076,-23.338322064999886],[44.73553870400008,-23.406784996],[44.752455662000216,-23.408745183],[44.767868971000155,-23.39250804400001],[44.77683101300005,-23.398394064999934],[44.78766825600013,-23.42552578899995],[44.78048656600009,-23.439029521999828],[44.78521925500007,-23.453582471999937],[44.81261339900004,-23.457334978],[44.827902950000066,-23.477423130999966],[44.82259354499996,-23.49860199099993],[44.8316127440001,-23.50617815699991],[44.82942009900012,-23.527593098999887],[44.85608609700006,-23.51396921899982],[44.88708858200005,-23.544196463],[44.89292801800025,-23.614859170999864],[44.88000138900014,-23.646724596999945],[44.893784917000175,-23.67445481099992],[44.92423000600024,-23.671609799999885],[44.934940721000146,-23.654993696999895],[44.97092000000015,-23.654750000999968],[45.00853,-23.640930000999845],[45.03373000000016,-23.65972000099987],[45.036386040000025,-23.653326169999843],[45.09408,-23.637970000999815],[45.12960000000015,-23.662420000999987],[45.09960752800015,-23.701159142999927],[45.10256866500009,-23.71278187199988],[45.13440000000014,-23.742170000999977],[45.13775000000021,-23.797280001],[45.10638,-23.814680000999942],[45.07424885100011,-23.82052155899993],[45.07512580700018,-23.84196999799991],[45.08388570800014,-23.886132448999945],[45.14348170399995,-23.911934173999896],[45.16692347000014,-23.905536613999914],[45.19360851400006,-23.862924379999868],[45.174629288000176,-23.83623435899989],[45.18529195100018,-23.832774511999958],[45.195498863999944,-23.840941441999973],[45.20884730499995,-23.81991946599993],[45.2460687050002,-23.817069631999857],[45.266709976000186,-23.80553610899983],[45.23985732300014,-23.76787468499998],[45.24425787700011,-23.76397515299982],[45.34048990000014,-23.78850816899984],[45.422572289000186,-23.776362743999982],[45.42708472800007,-23.725866132999954],[45.46509338800007,-23.701432534],[45.45302446600016,-23.689930714999832],[45.44715855300018,-23.656834652999976],[45.40599405600011,-23.62464766599993],[45.432017632000225,-23.593049982999958],[45.42768512300012,-23.56646240500004],[45.45938571000016,-23.541824633999852],[45.459826239999984,-23.526855088999923],[45.44628234900017,-23.510314916999903],[45.442781014000104,-23.481819346999828],[45.397121870000035,-23.470799036999892],[45.39699403600008,-23.459980903999906],[45.372061119000136,-23.45305622],[45.362835134000136,-23.42945490799997],[45.32941787800007,-23.441627413999925],[45.31954974100012,-23.47016504899983],[45.30686138100009,-23.474833171],[45.29998425900004,-23.466293196000038],[45.27240526799994,-23.462422936999985],[45.23949320700024,-23.467236548000017],[45.20693001800004,-23.455573897999955],[45.20147344500003,-23.446366751999847],[45.20073629700016,-23.418796603999965],[45.2156232800001,-23.407830193999985],[45.21905429800012,-23.39206205099987],[45.27570664600012,-23.364634032000026],[45.30653849200013,-23.300610263999943],[45.326392979,-23.23785849099994],[45.32892594600008,-23.199578991999942],[45.35125223199992,-23.167886871999883],[45.346522129000164,-23.119677992999982],[45.32113396500006,-23.10811985299995],[45.28580356100019,-23.10845396699989],[45.26700357300024,-23.09986215299989],[45.265197510000064,-23.09053248500004],[45.238225656000054,-23.0990281199999],[45.22679390200011,-23.079390761999832],[45.190725462000046,-23.06343255099989],[45.12022885599998,-23.049684268999954],[45.10519875900013,-23.059049439999967],[45.075225998000235,-23.05281454199985],[45.039940615000035,-23.010057428999914],[45.00347656100013,-22.993799796999895]]]}},{"type":"Feature","properties":{"shapeName":"Beloha","shapeISO":"","shapeID":"10022922B63714971659336","shapeGroup":"MDG","shapeType":"ADM2"},"geometry":{"type":"Polygon","coordinates":[[[44.51769300300003,-25.289834168000027],[44.71278693700009,-25.31243101299998],[44.80346290600011,-25.33924285899991],[44.9369101110002,-25.419124310999962],[44.941485770000156,-25.43843640900002],[44.97581188099997,-25.477437348999956],[45.11799815900008,-25.536913975999937],[45.138212637999914,-25.50986724799992],[45.13123,-25.47972],[45.13933024699992,-25.451584702],[45.192371387000094,-25.41621545199996],[45.25197312599994,-25.338765700999943],[45.31510113900009,-25.339872852999918],[45.33153478899999,-25.3214040819999],[45.32805,-25.296720000999983],[45.36619796800022,-25.275496174999944],[45.34804458900021,-25.27530551899997],[45.34614122500011,-25.259105339999905],[45.36703949300011,-25.262603974999934],[45.367270180000105,-25.25285380899993],[45.28340786399991,-25.229640312999834],[45.268921252000155,-25.20112809699998],[45.28063431900006,-25.13743325199988],[45.30664376500022,-25.134849759999895],[45.33830000000012,-25.109970000999965],[45.35783,-25.11320000099994],[45.37332419600011,-25.085691830999963],[45.35890437300009,-25.043957026999863],[45.32206299799992,-25.04037762899992],[45.30584964000013,-25.005848426999876],[45.349551980000115,-24.934780548999868],[45.35118476200023,-24.887392477999924],[45.36957673100011,-24.880184256],[45.35801971999996,-24.852062749999902],[45.36600155400015,-24.815966848999892],[45.36081908700004,-24.801466450999953],[45.37947469200003,-24.780431834999945],[45.3656963370002,-24.764760685999875],[45.36695510600015,-24.754285137999887],[45.352490772000124,-24.747788948999926],[45.33237098900008,-24.722358030999942],[45.28368120199997,-24.723974184999975],[45.235507084000176,-24.69346684399983],[45.213338379000106,-24.690848982000034],[45.20329172300018,-24.67581634499993],[45.19311562400014,-24.677260981000018],[45.15185222100024,-24.620293398999877],[45.160518073000105,-24.599395947999824],[45.1550710410001,-24.588409378999927],[45.13099867700015,-24.56403688099988],[45.109229202999984,-24.561872056999903],[45.06078957799997,-24.587031017999834],[45.053662562000056,-24.619853404999958],[45.06856882400007,-24.65883703999998],[45.05060564000007,-24.686842150999894],[45.055785174000164,-24.701531281999962],[45.043072484000106,-24.722998277999977],[45.044339269000034,-24.748107444999903],[45.029124372000126,-24.74970889399998],[45.02339058700011,-24.75877414299987],[45.02837323700004,-24.77502706999985],[45.01376313200012,-24.779937636],[44.995316819999914,-24.7699060569999],[44.989224348000164,-24.781461736999972],[44.9750618,-24.77892894599995],[44.97971868100012,-24.794337128999928],[44.96414755700016,-24.834369543000037],[44.91593446099995,-24.878810444999942],[44.89967076500005,-24.916552485999887],[44.87203950200012,-24.907688196999914],[44.86150345900012,-24.919819709999956],[44.81086499700018,-24.936813930999904],[44.79778450800012,-24.95568832699996],[44.77621284000014,-24.95799457499993],[44.77255911700007,-24.97390177],[44.73364531400006,-24.999743260999935],[44.72060412200017,-25.02243882499988],[44.687851780000074,-25.02899184200004],[44.68398630100006,-25.050529006999966],[44.667083110000135,-25.053339752999932],[44.65932431500005,-25.073962706999907],[44.62984668000007,-25.09186536599998],[44.59655295800013,-25.131089246999977],[44.57572735800005,-25.13798126799992],[44.57659886600004,-25.148131910000018],[44.56023845300007,-25.15367538600003],[44.55189191700009,-25.166748782000013],[44.53105086300019,-25.164800245999913],[44.53439930600024,-25.181220560999975],[44.51984852200013,-25.182903646999875],[44.496543409000196,-25.24560150399992],[44.51769300300003,-25.289834168000027]]]}},{"type":"Feature","properties":{"shapeName":"Tsihombe","shapeISO":"","shapeID":"10022922B95964642483948","shapeGroup":"MDG","shapeType":"ADM2"},"geometry":{"type":"Polygon","coordinates":[[[45.12077215700009,-25.539249825999946],[45.133572152,-25.555879590999837],[45.13030175000017,-25.576823618999924],[45.13864928800018,-25.592835785999966],[45.177772923000134,-25.605399234999936],[45.308589415000085,-25.580697612999813],[45.51077840900007,-25.57395029599985],[45.59431202200011,-25.547668170999884],[45.67040487300005,-25.504977923999945],[45.71761143400016,-25.459234769000034],[45.80838981300013,-25.406746358999953],[45.7809035520001,-25.36468466399998],[45.82093993000018,-25.330728972999964],[45.822551855000086,-25.267040580999947],[45.794599255000094,-25.264504375999877],[45.75675000000024,-25.273050000999945],[45.7494,-25.268750000999887],[45.74960305600024,-25.254888647999906],[45.698912550000045,-25.25310105999995],[45.68660854100011,-25.21826503099993],[45.657260237000116,-25.199796615999958],[45.651453773000185,-25.179866744000037],[45.659761671000126,-25.165346629999988],[45.65161953599994,-25.14112008699982],[45.60686091700006,-25.118841063999866],[45.62881953300007,-25.09459089199987],[45.62393192600024,-25.092720690999954],[45.52364290100007,-25.085388507999824],[45.48609239600006,-25.09767425199982],[45.47057258299998,-25.10876331399993],[45.46798824700005,-25.125575229],[45.45564279300015,-25.128146538999943],[45.36041235600004,-25.118964328999937],[45.35432295900006,-25.11077718499996],[45.33830000000012,-25.109970000999965],[45.31433379700019,-25.130276839999965],[45.28063431900006,-25.13743325199988],[45.26938327600004,-25.197112627000024],[45.28340786399991,-25.229640312999834],[45.367270180000105,-25.25285380899993],[45.36838041100003,-25.262036639999963],[45.34624977300018,-25.257916868999814],[45.34784951900002,-25.27438977399987],[45.36604994000004,-25.275495374999878],[45.33182524999995,-25.29350843599991],[45.33174369300025,-25.323351473],[45.31510113900009,-25.339872852999918],[45.251164514999914,-25.33964153199986],[45.192371387000094,-25.41621545199996],[45.13575717000015,-25.455325480999875],[45.130496583000195,-25.482438079999895],[45.13836337500004,-25.505747240999824],[45.12077215700009,-25.539249825999946]]]}},{"type":"Feature","properties":{"shapeName":"Ambovombe-Androy","shapeISO":"","shapeID":"10022922B3330352702203","shapeGroup":"MDG","shapeType":"ADM2"},"geometry":{"type":"Polygon","coordinates":[[[45.3588875690001,-25.113617053999917],[45.35592395000015,-25.11768034800002],[45.36722834400018,-25.120255085999986],[45.4636329490001,-25.127577935999966],[45.47143000000017,-25.106570001000023],[45.52364290100007,-25.085388507999824],[45.62664096900011,-25.092495973999917],[45.60686091700006,-25.118841063999866],[45.653628047000154,-25.14357763299995],[45.65975328900015,-25.167337556999883],[45.65180344900017,-25.176804972000014],[45.656092956000066,-25.197189],[45.67643773799995,-25.217646748999925],[45.692479751000064,-25.218767013],[45.698912324999924,-25.25404339100004],[45.751110618999974,-25.25489294399989],[45.75675000000024,-25.273050000999945],[45.769680000000164,-25.275920000999918],[45.78688,-25.265850000999933],[45.82002024399992,-25.26619146400003],[45.81918539200012,-25.33491699900003],[45.78124224800007,-25.362346688],[45.81194923000004,-25.40441112399992],[45.87136775199991,-25.365324749999843],[46.030308730999934,-25.29035930799995],[46.25584341000007,-25.207584281000038],[46.24478510800009,-25.195768296999915],[46.27396675199998,-25.171678395999947],[46.26480357100007,-25.160997220000013],[46.27039207200016,-25.15685966699988],[46.262830330000156,-25.133900777999884],[46.27495845900006,-25.091254513999957],[46.264125463000084,-25.07082693599989],[46.28831937900014,-25.04248871699997],[46.25164049199992,-24.984865082],[46.22954298999997,-24.990569172999983],[46.20918984600013,-25.014821837],[46.193047906000174,-25.00859416399993],[46.19784667000005,-24.997330560999956],[46.18752430100011,-24.981428423999944],[46.175892646999955,-24.985005018999857],[46.16789224400014,-25.0009055029999],[46.16121969100004,-24.947102140999903],[46.14461249800007,-24.951850454999942],[46.13607905800012,-24.966881422999904],[46.12909586300009,-24.885571224999865],[46.09744299400012,-24.893663407999895],[46.07302981700013,-24.873206691],[46.0620911310001,-24.84692936099998],[46.023732467000116,-24.830070685999885],[45.98353611300013,-24.824456951],[45.98626160999993,-24.817060355999956],[46.036683317000154,-24.801341192],[46.01939010400008,-24.789746654999988],[46.02997425899997,-24.77980571899991],[46.022175704000176,-24.756226384999934],[45.97991226800025,-24.72050478699998],[45.98608906200025,-24.683252922999827],[45.97235487500012,-24.663702417000025],[45.93700279700022,-24.6604935819999],[45.927506392000055,-24.644501007999963],[45.927450832999966,-24.633511999999882],[45.95650510000007,-24.618101387999957],[45.967467616000135,-24.599899800999935],[45.93876041200002,-24.56060692099993],[45.92671237600007,-24.525739319999957],[45.94821200700022,-24.495681501999854],[45.98587837200023,-24.509206162999874],[46.009730460000014,-24.477736801999868],[45.98340066500009,-24.437188098999968],[45.98313685000005,-24.414046692999875],[45.973381362000055,-24.402351533999877],[45.95821257500006,-24.400055204999944],[45.95990018200018,-24.384385320999968],[45.973473397000134,-24.37611957199988],[45.96050984100009,-24.351917070999832],[45.90310803600016,-24.33051561399992],[45.900826255000084,-24.311575556999912],[45.9233076710002,-24.285428303999822],[45.84792164000015,-24.245736532000024],[45.815561605000084,-24.217622657999925],[45.81137125900011,-24.19734543199985],[45.78961827800015,-24.195268342999952],[45.75959452600023,-24.220466785999974],[45.76686686099998,-24.263111714999866],[45.756640469000104,-24.283974857999908],[45.754617882,-24.314724231999946],[45.72166203199993,-24.370348722999893],[45.69911655400006,-24.384653633999903],[45.69764733799997,-24.4013481799999],[45.67520252900016,-24.40672764199985],[45.679258155000184,-24.430438793999826],[45.69025738100004,-24.432179532999953],[45.69442656900003,-24.448001919000035],[45.6743955030002,-24.44397943199982],[45.66492569200011,-24.464883841000017],[45.654198175999966,-24.464341649999824],[45.62117,-24.410980000999984],[45.587400001000105,-24.42082],[45.57218154200012,-24.43479125799996],[45.586173794,-24.48193175799986],[45.58127371300003,-24.49154039599989],[45.5538200000002,-24.49658000099987],[45.55046804700004,-24.52175089299982],[45.53491963900018,-24.542012307999983],[45.511682536000194,-24.54783437599997],[45.515822321000144,-24.568526834999943],[45.48724759400011,-24.57493310000001],[45.50229784100003,-24.59270874699996],[45.49483360500011,-24.61323515899994],[45.46065272900006,-24.588465206999842],[45.42814493800006,-24.615268964999814],[45.41801970000017,-24.63591977899989],[45.4434486080001,-24.669885645999955],[45.43489126700018,-24.683174852000036],[45.43955685100025,-24.723769869999956],[45.414571618000195,-24.751891608999927],[45.3858120430001,-24.76337417899998],[45.37984058300003,-24.782662544999937],[45.362180171000034,-24.80110367899988],[45.36600155400015,-24.815966848999892],[45.357635560000176,-24.851373255999874],[45.36965212400003,-24.87988161499993],[45.35118476200023,-24.887392477999924],[45.355478296,-24.89729965600003],[45.34605884300004,-24.901505391999933],[45.3513069010001,-24.92020738599996],[45.34393858000021,-24.950349186999915],[45.303763263000064,-25.00443093199982],[45.32297420900011,-25.0404870239999],[45.35735226600019,-25.04272168599988],[45.361856492000186,-25.049520778999863],[45.37512278600025,-25.07665663399996],[45.3588875690001,-25.113617053999917]]]}},{"type":"Feature","properties":{"shapeName":"Bekily","shapeISO":"","shapeID":"10022922B6580820782603","shapeGroup":"MDG","shapeType":"ADM2"},"geometry":{"type":"Polygon","coordinates":[[[45.07727843700013,-24.577374421999934],[45.109229202999984,-24.561872056999903],[45.13099867700015,-24.56403688099988],[45.15967901800008,-24.597101188999943],[45.15141787500016,-24.61859459300001],[45.177611063000086,-24.662729143999968],[45.21472497700012,-24.69180828399982],[45.237667879000185,-24.693526485999882],[45.285166328000116,-24.72442680199987],[45.33429483400022,-24.723786693000022],[45.36421238200006,-24.75152859499991],[45.37728245099993,-24.778165424999827],[45.38213833700007,-24.765202152999905],[45.41529120500013,-24.751235694],[45.43598809100018,-24.73147588300003],[45.44099881700015,-24.668062976999863],[45.41858323200012,-24.634542928999906],[45.44133000000011,-24.599269999999876],[45.463173482,-24.589247521999823],[45.49483360500011,-24.61323515899994],[45.50229784100003,-24.59270874699996],[45.48724759400011,-24.57493310000001],[45.50247,-24.567119999999875],[45.51315187600005,-24.57101491299983],[45.51048485500013,-24.54968878199992],[45.53550566000007,-24.541933678999897],[45.55173420000011,-24.519137655999884],[45.5538200000002,-24.49658000099987],[45.58288511200004,-24.487746794999964],[45.586925012000165,-24.472660602999895],[45.57218154200012,-24.43479125799996],[45.587400001000105,-24.42082],[45.62117,-24.410980000999984],[45.65623800200018,-24.46482236999998],[45.66669182500016,-24.46236564499992],[45.671964849000176,-24.444788279999955],[45.69378256000016,-24.45189142099997],[45.68726227500002,-24.43059842499997],[45.67726435600014,-24.428730234999932],[45.67482981100005,-24.402512429999945],[45.69764733799997,-24.4013481799999],[45.69911655400006,-24.384653633999903],[45.72166203199993,-24.370348722999893],[45.754617882,-24.314724231999946],[45.75754616100011,-24.278031716999976],[45.7667360640001,-24.26410148899987],[45.75838144300013,-24.226656961999936],[45.764231752,-24.21118302499991],[45.800928497000086,-24.19253173599992],[45.819248125000115,-24.204999160999932],[45.8306310980002,-24.18004096699991],[45.840143211000225,-24.146460676999936],[45.83055532200012,-24.14947352500002],[45.819500439000194,-24.138001635999842],[45.80455258400019,-24.140979445999847],[45.746451670000056,-24.097047759999896],[45.755144163000125,-24.061176581999916],[45.747854619000066,-24.05068198099997],[45.751089561000185,-23.997025989999827],[45.73668418300025,-23.980055067999956],[45.716685085000165,-23.980088901999977],[45.70416548300011,-23.989561739999942],[45.706159495000065,-23.934154640999964],[45.69107904800012,-23.932886395999844],[45.67910971100014,-23.950624282999854],[45.66299293500015,-23.946321183999885],[45.65031918200003,-23.96556953800001],[45.616887786000234,-23.98167193499995],[45.599528740000096,-23.97920468299992],[45.577110752000124,-23.999028860999886],[45.56329914699995,-23.9837548189999],[45.53103052000017,-24.003863060999947],[45.49958849800015,-23.99379561799998],[45.47865655800018,-23.978931374999945],[45.48359129800008,-23.94687435899982],[45.4670860610002,-23.936636074000035],[45.478065215000186,-23.900541673999896],[45.50214579500005,-23.87876980599998],[45.50376269999998,-23.872335018999934],[45.49076850800009,-23.869775270999867],[45.49722058799995,-23.85604328200003],[45.51445984200012,-23.837311146],[45.47279127000019,-23.832755334999888],[45.447980795000205,-23.805899470999975],[45.449264177000146,-23.78991284299991],[45.42989430299991,-23.764832727999988],[45.41759115800011,-23.77931903399991],[45.34048990000014,-23.78850816899984],[45.29540432699997,-23.772084740999958],[45.277828423000244,-23.774516911999854],[45.250945732999924,-23.761026838999953],[45.24116117800014,-23.76500198899987],[45.270471466000174,-23.806852488999937],[45.21064513200014,-23.819153591999964],[45.20533339900021,-23.83478032899984],[45.19254428300019,-23.841817138999943],[45.17569752100019,-23.833063981999942],[45.17996706400004,-23.851301861000024],[45.19248508800018,-23.86033704899984],[45.16931177900011,-23.906311562999974],[45.176419741000075,-23.913809052000033],[45.185282708000045,-23.979247084999884],[45.156053279,-23.999818717999972],[45.164798854000026,-24.021847518999834],[45.146840999000176,-24.08844340299993],[45.150314182000045,-24.174848254999972],[45.121034930000064,-24.22159667199992],[45.07796924799999,-24.259670687999915],[45.06161651200023,-24.301675882999973],[45.047060472000226,-24.309354280999912],[45.056210410000176,-24.323981871999877],[45.049876699000095,-24.36564698899997],[45.058324979000076,-24.40260549200002],[45.05253213800012,-24.411143233999894],[45.072398567000164,-24.457022197999947],[45.07122102800014,-24.477053152999986],[45.08705331400006,-24.48938290199999],[45.08305824300015,-24.507163671],[45.0954460710002,-24.517197109],[45.08802527400019,-24.547193184000037],[45.093885184999976,-24.561925729999984],[45.07727843700013,-24.577374421999934]]]}},{"type":"Feature","properties":{"shapeName":"Taolagnaro","shapeISO":"","shapeID":"10022922B85658862424992","shapeGroup":"MDG","shapeType":"ADM2"},"geometry":{"type":"Polygon","coordinates":[[[47.12297383400005,-23.97541803099989],[47.11001722299994,-23.988355058999957],[47.11491034300019,-24.01361949099993],[47.12968277600004,-24.029173833000016],[47.1272251420001,-24.044129081999927],[47.113373035000166,-24.048453429999938],[47.12172541700005,-24.071661477999953],[47.10683617000012,-24.0833990509999],[47.088199537000094,-24.07885831199991],[47.08397114900015,-24.088549747999934],[47.06562133400024,-24.094662550999885],[47.047416828000166,-24.089320862999955],[47.02534808600012,-24.103634543999988],[47.01063718500018,-24.131765408999968],[47.01395175600004,-24.14806574199997],[47.037063952000096,-24.16696867500002],[47.04230585600004,-24.182064629000024],[47.035178442000074,-24.193877326999882],[47.03749237900013,-24.22290636500003],[47.00867118600013,-24.235531962999914],[47.00114846500003,-24.260676083999954],[46.97254516200013,-24.280460873999857],[46.951756172000046,-24.27885134999991],[46.93615975300003,-24.290203975999816],[46.88934974700015,-24.29536096899983],[46.89947759700004,-24.332584430999873],[46.887744989000055,-24.3505277619999],[46.887496582999916,-24.37733454299996],[46.86953692200012,-24.434088288999988],[46.85264925700022,-24.44564340599993],[46.82853587700009,-24.48635453099996],[46.83529314200007,-24.50657939099989],[46.78299070800011,-24.549456872999826],[46.7740013090002,-24.568307507999975],[46.7579244690001,-24.57261611499996],[46.71987236500007,-24.56463970099992],[46.69978655400024,-24.592195300999833],[46.706297262000135,-24.61317265999992],[46.69542856000004,-24.65386845400002],[46.63955797200009,-24.676543747999915],[46.61456495900012,-24.67752291699992],[46.60407623599991,-24.688806009000018],[46.583879238,-24.68221425699994],[46.5481373990001,-24.721908902999814],[46.542484792999915,-24.764840918999937],[46.533937751999986,-24.778240447999906],[46.55890270400005,-24.821612545999926],[46.54764137900008,-24.877963478999845],[46.55978600700007,-24.899760605999916],[46.54639111799992,-24.918195157000014],[46.55076923100006,-24.93390431599994],[46.53504927400013,-24.966405549999877],[46.537258337000026,-24.994447097999853],[46.50755388800013,-25.01112225499986],[46.520243957999924,-25.011394889999963],[46.532790599000236,-25.039111924999816],[46.56400807000006,-25.056141375999914],[46.5648357230001,-25.067686481999942],[46.53617083800003,-25.07686391599998],[46.53146589599993,-25.093409720999944],[46.515318336000064,-25.09673764299987],[46.50678681800008,-25.114896262999878],[46.483018752000135,-25.10974092999993],[46.49410115199993,-25.133032488999902],[46.520680001000244,-25.15217999899994],[46.50528856500023,-25.16592892099993],[46.56756822199992,-25.183793040000012],[46.62261714600015,-25.1846967379999],[46.63749928599992,-25.200394959999983],[46.69237831300018,-25.180214444999933],[46.72220264100014,-25.17921667899998],[46.74273061100007,-25.165214255999956],[46.73806554700013,-25.157230070999958],[46.743586795000056,-25.149044977999893],[46.75321571900025,-25.14673544399983],[46.76676067000017,-25.159384573999887],[46.80142124400004,-25.122646839999902],[46.82648663499998,-25.122476538999933],[46.835295242000086,-25.102776429999835],[46.858117321,-25.089091823],[46.92017750800011,-25.068463132999966],[46.9626060870001,-25.074310510999908],[46.966116667000165,-25.06468333399988],[46.96130000100004,-25.06726666799983],[46.95838333300014,-25.056533332999948],[46.964895471000204,-25.04473192200004],[46.97996684300017,-25.035317436999833],[46.999065768000094,-25.04062057999994],[46.99429140800015,-25.007914668999945],[47.0276,-24.981350000999953],[47.086738616000105,-24.97304327899991],[47.09757490400017,-24.994228232999944],[47.1080691090001,-24.954651250999973],[47.10404908900017,-24.94546692499989],[47.13773266700025,-24.922432135999827],[47.135759237,-24.907271831999935],[47.12300063200013,-24.90294021599982],[47.12017835300014,-24.891175844999964],[47.12837073000003,-24.8560097539999],[47.16337582300008,-24.80579562399987],[47.199307114999954,-24.784246739000025],[47.189075046000085,-24.75000296099995],[47.191941215000156,-24.721728547],[47.22398923800017,-24.66966627699992],[47.24041551600021,-24.619476494999958],[47.28112409100004,-24.53866928499997],[47.304050897000195,-24.465085031999877],[47.304742159,-24.42475028399997],[47.320338770000035,-24.37515912099991],[47.3484325400002,-24.298434791999966],[47.380599116000155,-24.248806211999977],[47.41483625600017,-24.142007045999947],[47.381277151,-24.098347533999856],[47.331626343000096,-24.092425464999963],[47.324980390000064,-24.068679375999864],[47.315295199000104,-24.06303891099998],[47.3055029250001,-24.070990053],[47.28275193600018,-24.06490187299994],[47.269544889000144,-24.03108362699993],[47.245488675000104,-24.03714958400002],[47.2136919240001,-23.999559989999966],[47.159092453000085,-23.996630763999974],[47.12297383400005,-23.97541803099989]]]}},{"type":"Feature","properties":{"shapeName":"Betroka","shapeISO":"","shapeID":"10022922B59412081262724","shapeGroup":"MDG","shapeType":"ADM2"},"geometry":{"type":"Polygon","coordinates":[[[45.34498384799997,-23.11854812899992],[45.352636260000054,-23.1355716409999],[45.35125223199992,-23.167886871999883],[45.32902462700014,-23.198728136999875],[45.326392979,-23.23785849099994],[45.30462064700015,-23.303951482],[45.28497051500017,-23.333016294],[45.27657920399997,-23.362964737000027],[45.222137873000065,-23.38801611699995],[45.2156232800001,-23.407830193999985],[45.20073629700016,-23.418796603999965],[45.20022328900018,-23.43956853000003],[45.20584517100008,-23.454828170999974],[45.23708556000008,-23.466554458999894],[45.269471930000066,-23.461614541999893],[45.31306579900007,-23.473118670999895],[45.32941787800007,-23.441627413999925],[45.357574913000235,-23.42805172999988],[45.371045993000166,-23.452057426999886],[45.39566473000008,-23.458112137],[45.39653335800017,-23.46993270099989],[45.442781014000104,-23.481819346999828],[45.45938571000016,-23.541824633999852],[45.42768512300012,-23.56646240500004],[45.42884381000016,-23.596353171999965],[45.40569163500004,-23.62403418599996],[45.447121390000234,-23.65621370899993],[45.45073035900015,-23.687775969999905],[45.46421798900019,-23.699020925999946],[45.42728719000013,-23.724656804999825],[45.425159277000205,-23.75813064699986],[45.43425925899993,-23.77863297],[45.44782254600017,-23.786457049999967],[45.449119286000155,-23.806641525999908],[45.473581537000086,-23.833548901999905],[45.51445984200012,-23.837311146],[45.49049052900011,-23.865959727000018],[45.503982978000124,-23.871542777999935],[45.50001785000012,-23.88230644899994],[45.473577904999956,-23.909898797999972],[45.467368887000134,-23.935779149999917],[45.47938326100018,-23.938994417999936],[45.48565521900025,-23.955042346000027],[45.47947449900005,-23.981060674999924],[45.52940248500005,-24.003625773999943],[45.56578430700006,-23.984970887999907],[45.5787551210002,-23.999793267999905],[45.595061291000036,-23.980682699999818],[45.6125067160001,-23.982699265999884],[45.64958293900014,-23.96615950199987],[45.66299293500015,-23.946321183999885],[45.678250643000126,-23.951051619999873],[45.701678402000084,-23.930066423000028],[45.70690487000019,-23.93817430400003],[45.70249770300012,-23.988619380999978],[45.73668418300025,-23.980055067999956],[45.751089561000185,-23.997025989999827],[45.747854619000066,-24.05068198099997],[45.755144163000125,-24.061176581999916],[45.74482955700006,-24.095172650999814],[45.79235434700013,-24.133464705999984],[45.81227969200023,-24.14548895799993],[45.820226229000184,-24.13800479999992],[45.832557953,-24.150599833999934],[45.849019080000176,-24.13860459099982],[45.85234462500006,-24.110151463999898],[45.863896481999916,-24.103967920999935],[45.85678477100009,-24.05290160100003],[45.86560539400011,-24.028400474999955],[45.8895344120001,-24.038822901],[45.89872029100013,-24.00825322599991],[45.94509783500013,-24.009619801999918],[45.95350267800018,-24.001650356999903],[46.04175804600004,-23.983073968999975],[46.036202522999986,-23.97351598199998],[46.051100115,-23.96646831299995],[46.06174361900014,-23.94067217699984],[46.07580595600024,-23.934198923],[46.10946569800012,-23.93653524599995],[46.129637225000124,-23.923047846999907],[46.182216605000065,-23.90784069999995],[46.202535288000036,-23.921017395999854],[46.217073191000225,-23.901622624999902],[46.204778779000094,-23.887846902999968],[46.23739596900003,-23.863198636999982],[46.240369810000175,-23.84265342699996],[46.25948393400017,-23.824924214999953],[46.28327608600023,-23.828449965999823],[46.28954137500017,-23.83751860299992],[46.3160602490002,-23.812321455000017],[46.34012278700021,-23.823172042999943],[46.35668518300014,-23.818791645999966],[46.371841275,-23.829947162999986],[46.39392715300011,-23.83063171999987],[46.3935440460001,-23.811092950999978],[46.41682418400018,-23.760455374],[46.41331801100006,-23.739202673999955],[46.43606068500014,-23.726024474999917],[46.44860349700019,-23.705171056999973],[46.453573441000174,-23.674215724999954],[46.48244512800011,-23.66136826399992],[46.500133162000054,-23.616357566000033],[46.49271418799992,-23.50306627099991],[46.41749484500019,-23.49118632499983],[46.42026371600019,-23.475775515999885],[46.400344798999924,-23.449943307000012],[46.402094256,-23.43468789899987],[46.44784885100006,-23.398952719999954],[46.4503255150002,-23.37459688899986],[46.47065361300014,-23.37182713299984],[46.47742130000006,-23.363309231999835],[46.46138429600012,-23.34902070399994],[46.45970259700016,-23.329195195999944],[46.4499131730002,-23.325213297],[46.45525655400007,-23.306688507],[46.44445259500009,-23.302379167999845],[46.450445226000056,-23.287007183999833],[46.46702498600018,-23.285621363999837],[46.473628386000144,-23.233835981000027],[46.4649040270001,-23.220158040999934],[46.47096783400008,-23.20446400499992],[46.46373359800015,-23.185656410999854],[46.443205986000066,-23.176742202000014],[46.438966477000235,-23.16702429000003],[46.38951999900013,-23.164070000999914],[46.366375617000244,-23.147086657999978],[46.36526996900005,-23.136988838999912],[46.35002498800014,-23.135084178999875],[46.34331153399995,-23.109677208999926],[46.350579583000126,-23.102681623999842],[46.334495035000145,-23.101626453999927],[46.340381927000124,-23.08407723],[46.279533648000154,-23.006483889999913],[46.28302214800016,-22.998718553999822],[46.269589516000224,-22.98683598599996],[46.266539478000084,-22.959188654],[46.23235341700007,-22.900090868999825],[46.218825507000076,-22.844835955999827],[46.20616538500008,-22.84039870499987],[46.196471100999986,-22.847109049999972],[46.1479222590001,-22.822009158000014],[46.12699304900019,-22.8275501],[46.10995034300015,-22.80495593699999],[46.08575464500012,-22.79230715899996],[46.07863413900003,-22.747243553999965],[46.06102173800019,-22.744557023999903],[46.065779723000105,-22.740927000999932],[46.05765388500015,-22.731899266000028],[46.03535779100008,-22.72537039299982],[46.005615227000135,-22.694274529999916],[45.98254499500018,-22.697179890999962],[45.977478803000054,-22.68037347699982],[45.97230383100015,-22.690571573999932],[45.95261893600008,-22.687769139999887],[45.948748231000195,-22.67425510299995],[45.94235130400017,-22.685226865999937],[45.923763601000076,-22.67477376399995],[45.912102564000065,-22.6868386889999],[45.90907208200014,-22.680959489999907],[45.895057442000166,-22.68923967199987],[45.87450415100017,-22.675589823999985],[45.852659008000046,-22.686476450999862],[45.820543196000244,-22.687299679000034],[45.82246569400013,-22.697386740999832],[45.803047420000155,-22.691666925999982],[45.742345937000096,-22.73298659499983],[45.73114676400007,-22.732610665999914],[45.721888445000104,-22.720630058999916],[45.688379369000074,-22.745179292999865],[45.661779527000135,-22.73927847899995],[45.65751803700016,-22.7522924189999],[45.650128506000044,-22.74286535599998],[45.647133811000174,-22.755358146],[45.63720077100004,-22.748050912999872],[45.61945246200014,-22.76098941299989],[45.58088426400025,-22.763752828],[45.57270881900013,-22.784499599999833],[45.561940907000235,-22.782438984999885],[45.55789717800019,-22.7917792799999],[45.53425126600001,-22.80267653199985],[45.52252385200012,-22.799620412999957],[45.51411093200022,-22.817838289999884],[45.502483253000094,-22.81751274399994],[45.495489990000124,-22.826075477999836],[45.477847886000234,-22.82426404199998],[45.46745142600014,-22.847148611999955],[45.43308712800024,-22.838205081999888],[45.43497673200005,-22.85593092099998],[45.41756064200024,-22.86958403499989],[45.405645754999966,-22.85970158799995],[45.39655434100024,-22.87416735399995],[45.40052011900008,-22.88514316599992],[45.3908067320001,-22.883790152999893],[45.39559189300019,-22.890592398999956],[45.38614846599995,-22.902778836999914],[45.39483571400024,-22.918367545000024],[45.3708005470001,-22.923186659999942],[45.36027472900014,-23.026889662999963],[45.36660724700005,-23.10026529000004],[45.36123278200006,-23.117014256999937],[45.340844294000135,-23.10943986399991],[45.34498384799997,-23.11854812899992]]]}},{"type":"Feature","properties":{"shapeName":"Amboasary-Atsimo","shapeISO":"","shapeID":"10022922B61088153240222","shapeGroup":"MDG","shapeType":"ADM2"},"geometry":{"type":"Polygon","coordinates":[[[46.39617722600019,-23.8292732189999],[46.371841275,-23.829947162999986],[46.35668518300014,-23.818791645999966],[46.342343123000035,-23.822115403],[46.317041412000094,-23.812123796999913],[46.29036347299996,-23.83673484499991],[46.28226551100016,-23.827175732],[46.26051163100004,-23.824567601999945],[46.24103951500007,-23.841623373],[46.23586106500005,-23.86662087399992],[46.20289047700021,-23.88898815699997],[46.21655607400015,-23.899117038999975],[46.20152552300004,-23.92174872199996],[46.184682400999975,-23.90792135399994],[46.127134265000166,-23.92385033399995],[46.114177747000156,-23.935025305999886],[46.07580595600024,-23.934198923],[46.05854229200003,-23.944540101999962],[46.04986003000016,-23.96775210200002],[46.036202522999986,-23.97351598199998],[46.04175804600004,-23.983073968999975],[45.95350267800018,-24.001650356999903],[45.94509783500013,-24.009619801999918],[45.89872029100013,-24.00825322599991],[45.8895344120001,-24.038822901],[45.86557459000005,-24.027610576999905],[45.85678477100009,-24.05290160100003],[45.863896481999916,-24.103967920999935],[45.85234462500006,-24.110151463999898],[45.85244117700006,-24.131782272999942],[45.81371929300002,-24.21162972000002],[45.84792164000015,-24.245736532000024],[45.9036012360001,-24.269650808999927],[45.926270193000164,-24.28791892399994],[45.90066343600023,-24.306793404000018],[45.90336287700018,-24.331170182999983],[45.95879036600019,-24.349620009000034],[45.973137368000096,-24.377119652000033],[45.9621431220001,-24.383140089999984],[45.95802255300015,-24.398584627999867],[45.98313685000005,-24.414046692999875],[45.98548908199996,-24.442051207999896],[46.008420812000224,-24.47571728699984],[45.98587837200023,-24.509206162999874],[45.94821200700022,-24.495681501999854],[45.92884391600006,-24.522144027999843],[45.93792859599995,-24.55828523599996],[45.9535510880001,-24.583567208999852],[45.96370745200005,-24.587131063999948],[45.9668606730001,-24.603670367],[45.95425471700014,-24.621556663000035],[45.927269367000065,-24.634557124999844],[45.93054762800017,-24.651344422999898],[45.936818058000085,-24.65983915299995],[45.97115568400011,-24.661749242999974],[45.98966523600018,-24.690653264999924],[45.980425689000185,-24.69489495499994],[45.98013783200008,-24.722104796999872],[46.02150717300003,-24.754707524000025],[46.02997425899997,-24.77980571899991],[46.01995028699997,-24.78586777799984],[46.03772016100015,-24.800499131999857],[45.98626160999993,-24.817060355999956],[45.98353611300013,-24.824456951],[46.02358234100012,-24.83002065799991],[46.0620911310001,-24.84692936099998],[46.07226971600022,-24.871677246999923],[46.09744299400012,-24.893663407999895],[46.12909586300009,-24.885571224999865],[46.133723142000065,-24.964346934],[46.16064782400008,-24.94389483299983],[46.165275635000114,-24.997857104999923],[46.18752430100011,-24.981428423999944],[46.19784667499994,-24.994547769999826],[46.19188474300012,-25.004353685000012],[46.20918984600013,-25.014821837],[46.22678060500016,-24.99109976199992],[46.250476803000026,-24.983407858999954],[46.28904386400012,-25.038778090999983],[46.26522036199998,-25.065958178999836],[46.276054506000094,-25.095451743999888],[46.26400359900015,-25.109346918999904],[46.27037114900014,-25.156744570999933],[46.26480357100007,-25.160997220000013],[46.274663930000145,-25.169769301999906],[46.24719485300011,-25.1916366129999],[46.25824880800013,-25.206845225],[46.3722147580001,-25.17888687599998],[46.50687027100014,-25.165619856000035],[46.51840021500004,-25.15517788599982],[46.481911059000026,-25.111091609000027],[46.49140000000011,-25.10643000099998],[46.50678681800008,-25.114896262999878],[46.51334967099996,-25.09643339799993],[46.53146589599993,-25.093409720999944],[46.5327472620001,-25.07782471199988],[46.56509610000023,-25.066726908999954],[46.56338319200006,-25.056029114999944],[46.532790599000236,-25.039111924999816],[46.52262005000006,-25.011433841999974],[46.50605637500013,-25.012672887],[46.53559748900011,-24.997442852999825],[46.535886017000166,-24.963731412999948],[46.549321111000154,-24.93694358399995],[46.54553499700006,-24.92108765499995],[46.55953046500025,-24.90404664299996],[46.547767255000224,-24.881540253000026],[46.55632797000021,-24.83077720199998],[46.56370000000015,-24.82282],[46.55392668500019,-24.818112394999957],[46.53429903600005,-24.78097752599996],[46.547825102000104,-24.723080550999953],[46.58311169100023,-24.682206764999876],[46.60407623599991,-24.688806009000018],[46.61456495900012,-24.67752291699992],[46.63827112700011,-24.676508890999855],[46.69542856000004,-24.65386845400002],[46.70698617900024,-24.61561854599995],[46.69955523200008,-24.595061990999966],[46.71841511600002,-24.566614280999943],[46.760089432000086,-24.57365162900004],[46.77522165800019,-24.567550178000033],[46.780613576000064,-24.55196614299996],[46.833240414000045,-24.508589971999868],[46.82804149600014,-24.486828910999975],[46.852081051000084,-24.4460950159999],[46.87120112700006,-24.429833581000025],[46.90009514600007,-24.322616648999883],[46.88703349800005,-24.295556861999955],[46.87914169800007,-24.244469749000018],[46.888498945000094,-24.224632606999933],[46.87375767399993,-24.212092561999953],[46.88278217200002,-24.161045445999832],[46.85397274400003,-24.116401982999946],[46.82756415600005,-24.103963745999863],[46.783016069000155,-24.119586229],[46.76668416800004,-24.109755837999842],[46.73489960400008,-24.108070880999946],[46.72476158000006,-24.04874226299995],[46.70607401000018,-24.029451196999958],[46.71808030700015,-24.000005146999854],[46.68744846800007,-23.987921823999898],[46.68438435900009,-23.97687588599996],[46.66925664599995,-23.98309653399997],[46.66716159599997,-23.973335776],[46.65203472800022,-23.964677606999828],[46.638202458000194,-23.968743390999975],[46.61465091500014,-23.944482324999967],[46.587328471000035,-23.94053114499991],[46.583199224000055,-23.925980520999815],[46.57483245700013,-23.934322513999916],[46.53103261700005,-23.937909018000028],[46.52464042800011,-23.922841480999978],[46.50346864400018,-23.921326349000026],[46.502403313999935,-23.89991524399983],[46.474609707999946,-23.867966262999857],[46.439818004000244,-23.858639563],[46.44041952000009,-23.843908384999963],[46.42704694800011,-23.83003353999993],[46.39617722600019,-23.8292732189999]]]}},{"type":"Feature","properties":{"shapeName":"Manja","shapeISO":"","shapeID":"10022922B70385192089273","shapeGroup":"MDG","shapeType":"ADM2"},"geometry":{"type":"Polygon","coordinates":[[[44.763551957000175,-21.208167818999982],[44.688718326000185,-21.170343095999954],[44.6563988530001,-21.176261824999926],[44.63552706400003,-21.195797781999943],[44.62025978800017,-21.190255076999904],[44.59672120000016,-21.198796816000026],[44.58414206799995,-21.171857750999948],[44.58480446200025,-21.12630265499996],[44.570207416000244,-21.121747120999885],[44.564412563000076,-21.10886471599997],[44.52237900100016,-21.10308169800004],[44.47744192100015,-21.084036543999957],[44.45390474599998,-21.04631280299992],[44.43371619500016,-21.036460380999983],[44.39654974600012,-20.99469913500002],[44.38789505300019,-20.975955633000012],[44.391140640999936,-20.962230792999947],[44.37878694800003,-20.94091194500004],[44.356683569999916,-20.92824001699995],[44.333930195000164,-20.944259489],[44.325076659,-20.93952401999985],[44.29353400600007,-20.95088908499997],[44.285881279999955,-20.933134715999927],[44.25690647700003,-20.93473015299986],[44.22742586000021,-20.90599255099994],[44.169909347000214,-20.93336326000002],[44.137534758000186,-20.91736302099997],[44.10162130200018,-20.925526720999983],[44.06330699900019,-20.994482712999854],[43.95902092200009,-20.96214147300003],[43.948371192000025,-20.975393844],[43.92687776600013,-20.97558867500004],[43.90928547600009,-20.989851711999847],[43.88220864400006,-20.994695538999963],[43.87029929300013,-21.004682093999918],[43.85220799000007,-21.051226789999987],[43.844499895000126,-21.107627293999826],[43.81582999900013,-21.158100001999912],[43.804694958000084,-21.224117096999976],[43.78592999900013,-21.244380001999843],[43.722959556000035,-21.283496009999965],[43.68131530900007,-21.267730547999918],[43.63587316200011,-21.284293262999938],[43.569170131000135,-21.281486589999986],[43.54115764500017,-21.297859980999988],[43.59724281300009,-21.366368515999966],[43.59543964900013,-21.40015429599987],[43.60633991699996,-21.424232926999878],[43.59979382200004,-21.433507828999893],[43.63897511900018,-21.45076182600002],[43.64093808300004,-21.46770318999984],[43.73627411000018,-21.57433048300004],[43.732310735000056,-21.583996820999857],[43.758551072000046,-21.636500078999916],[43.773196723000126,-21.70903401199996],[43.806493936000095,-21.738806933000035],[43.86901981900013,-21.823141991999876],[43.88065113199997,-21.866927645000032],[43.89235174800018,-21.876368002999982],[43.93835639300016,-21.881708226999876],[43.954449330000045,-21.9017081799999],[44.0156239170002,-21.905963074999875],[44.05147561500024,-21.892799142999877],[44.06387945000006,-21.863955972999918],[44.087243238000156,-21.837902513999836],[44.122712946000036,-21.838260317999868],[44.162864830000046,-21.803152151999882],[44.22166963900008,-21.812791823999987],[44.240092219000076,-21.85386172999995],[44.25292422000018,-21.861233013999936],[44.26857551300009,-21.849753446000022],[44.27995040300016,-21.81630553299982],[44.307803708000165,-21.83534475299996],[44.30868783500006,-21.854280280999944],[44.317251050000095,-21.859859931999836],[44.351668491000225,-21.835505713999964],[44.385584480000034,-21.84339857899994],[44.4338515660001,-21.837032974999943],[44.52643815900012,-21.79625671199983],[44.56515640700019,-21.796517810999944],[44.59892953200011,-21.754562142999873],[44.61415738400012,-21.748629534999907],[44.693933975000164,-21.745928454999955],[44.747272032000126,-21.73529673099995],[44.75139999900017,-21.654670000999886],[44.72478849900011,-21.609824268999944],[44.69738307500006,-21.587798615999816],[44.699224045000165,-21.573359573],[44.68095495199998,-21.55509313899995],[44.69473807700007,-21.54257667199994],[44.680126282000174,-21.521680491999916],[44.67978862199993,-21.465383491999944],[44.695499944000176,-21.441478032999953],[44.70124372700013,-21.410554079999883],[44.68216128399996,-21.328944372999842],[44.691368054000236,-21.289403289999882],[44.716105467000034,-21.274852540999973],[44.712540904000036,-21.250730915999952],[44.74405334700015,-21.242671289999862],[44.763551957000175,-21.208167818999982]]]}},{"type":"Feature","properties":{"shapeName":"Morondava","shapeISO":"","shapeID":"10022922B91714644312966","shapeGroup":"MDG","shapeType":"ADM2"},"geometry":{"type":"Polygon","coordinates":[[[44.564599712000245,-21.108524515],[44.54100111900016,-21.055468839999946],[44.557744388,-21.007149781999885],[44.643946718000166,-20.94975753499989],[44.67728462800005,-20.9556553569999],[44.68802854599994,-20.9497426989999],[44.69530572100018,-20.92466459699989],[44.693853069000056,-20.871183481999935],[44.717343620000065,-20.84659546099988],[44.70620881200017,-20.828279933999852],[44.70827824199995,-20.810983927999985],[44.69444523800013,-20.802708784],[44.70594827800011,-20.724194116999968],[44.656619004000106,-20.70396851999982],[44.65797351500021,-20.693530477000024],[44.636890496000035,-20.678213392000032],[44.634724927000036,-20.66771089899987],[44.5868400440001,-20.636358138999924],[44.547593796,-20.635188275999838],[44.52999663600008,-20.622954395999955],[44.59560186500022,-20.539460882000014],[44.559907083000155,-20.4610235319999],[44.561302651000176,-20.400525547999962],[44.58152639100018,-20.379552472999876],[44.59099997900012,-20.295738861000018],[44.56074999900011,-20.284630002999847],[44.592126528000165,-20.255891286999827],[44.59571557500021,-20.222767656999906],[44.62271493100019,-20.1783608959999],[44.67446447799995,-20.169551121999973],[44.691779568000186,-20.156394062999823],[44.72130867800024,-20.149332424999955],[44.73504750400008,-20.132789747],[44.719824099999926,-20.09839559200003],[44.75188135900021,-20.080138830999886],[44.77213767600011,-20.105695191999928],[44.794508718000145,-20.107330666],[44.819881959000156,-20.098565573999963],[44.823542765000184,-20.074689787999944],[44.78481638900013,-20.03356530399992],[44.754835032000074,-20.026622522999844],[44.75008021900021,-20.017358573000024],[44.64804058600015,-19.993373877999886],[44.52880496100016,-19.94128344799998],[44.50850403700019,-19.946512320999886],[44.475232425000115,-19.91918556999991],[44.48462025600014,-19.95765643199985],[44.47584318800011,-19.978237438],[44.46684999900003,-19.96982000299988],[44.44129653900012,-20.041638228999886],[44.42901710399991,-20.047278677999827],[44.433978189000186,-20.048575803999938],[44.420081855000035,-20.076075390000028],[44.38272996000012,-20.113209181999935],[44.350043929000094,-20.168682045000025],[44.33174983200013,-20.185330062999924],[44.312886912000124,-20.229481906],[44.29681466400007,-20.245292653999968],[44.29247620100023,-20.26575839599991],[44.2609131910001,-20.309072500999946],[44.246534632000134,-20.368044167],[44.19627595500009,-20.430214382999907],[44.159443321000026,-20.443217503000028],[44.13906753300006,-20.48658307099987],[44.1130633690002,-20.4883953719999],[44.100253778000194,-20.542348118999882],[44.08614496600006,-20.568094481999935],[44.08417343500008,-20.60906185899995],[44.04981498600006,-20.697241328999837],[44.02412905500012,-20.718679123999834],[43.959383575000174,-20.743182559],[43.96737888500019,-20.755686287],[43.906440392000036,-20.84109936799996],[43.88331507800012,-20.903609480999933],[43.87118330599998,-20.95172255199992],[43.870554314000174,-21.002025333999825],[43.91273747900016,-20.98790206099983],[43.92391217800008,-20.97671404499988],[43.94677742500005,-20.975321013999917],[43.95754355499997,-20.963511996999898],[44.06064127000019,-20.9949167609999],[44.07334599000012,-20.983903720999933],[44.100332561000016,-20.926513211999975],[44.13877377600022,-20.918698675999906],[44.162180791000026,-20.926488961999837],[44.16768219200003,-20.93574173799982],[44.22742586000021,-20.90599255099994],[44.23899657900017,-20.925136446999943],[44.24981284400013,-20.92433443999994],[44.254221812000026,-20.933323368],[44.28826300800023,-20.93473559399996],[44.29072686100005,-20.948030041000038],[44.309454526000195,-20.949070361999873],[44.3601250320001,-20.9286225649999],[44.391742026999964,-20.961546705999922],[44.38789505300019,-20.975955633000012],[44.39592749800016,-20.993893253999943],[44.41871575200008,-21.013812182000038],[44.41981588600015,-21.02429335200003],[44.454369444000065,-21.046912807000012],[44.479550573000154,-21.08475399499997],[44.49898484300002,-21.09612028899994],[44.564599712000245,-21.108524515]]]}},{"type":"Feature","properties":{"shapeName":"Mahabo","shapeISO":"","shapeID":"10022922B70120442307447","shapeGroup":"MDG","shapeType":"ADM2"},"geometry":{"type":"Polygon","coordinates":[[[45.79807068700006,-20.22715903599999],[45.775274531000036,-20.225931219000017],[45.715554966000184,-20.203877570999964],[45.683924698,-20.162393324999982],[45.67680873500018,-20.16954180999994],[45.640998708000154,-20.14289063599989],[45.61085457900009,-20.145557806999932],[45.59712308600018,-20.13428968300002],[45.568023587000084,-20.141895589999876],[45.54649999900016,-20.174930002999986],[45.51739999900013,-20.17743000299987],[45.465572618000124,-20.14696074999995],[45.42466999900023,-20.176220002999855],[45.402433773000155,-20.175043894999988],[45.35525077400018,-20.157478792999882],[45.349034893000066,-20.14913115599984],[45.366093016000036,-20.134884685999964],[45.358989314999974,-20.114832222000018],[45.34000206899998,-20.089445845],[45.31014456299994,-20.081425740999975],[45.301403299000015,-20.093599181],[45.27899424799995,-20.094012168999882],[45.25368270900009,-20.11061840799988],[45.223047201000156,-20.091742220999834],[45.2183852930001,-20.077666111999918],[45.20247807800013,-20.081981090999818],[45.17070466500007,-20.10614381899984],[45.15860071000003,-20.12477605099997],[45.16414043500015,-20.132807413999956],[45.153325445000064,-20.13441204399993],[45.152656143000115,-20.155413082999928],[45.135818991,-20.168157760999975],[45.10923834300024,-20.159079500999894],[45.09759997000015,-20.127663215999917],[45.08559569400006,-20.127934124999967],[45.07258453800017,-20.10348288399996],[45.062951715999986,-20.098319598999865],[45.0490707470002,-20.106664280000018],[45.03045815700011,-20.089236882000023],[45.02590767400005,-20.11531930299998],[45.01793020000014,-20.121490940999934],[45.00338643900017,-20.11385689699995],[44.98790051200024,-20.11823168699982],[44.970830681000166,-20.09935126299996],[44.9271814720002,-20.121352808999973],[44.87796306300004,-20.091634369999895],[44.874419597000156,-20.111093187999813],[44.844898866000165,-20.102937564999934],[44.830587121000235,-20.124758149],[44.819881959000156,-20.098565573999963],[44.77318455000005,-20.105878441000016],[44.75188135900021,-20.080138830999886],[44.719824099999926,-20.09839559200003],[44.73504750400008,-20.132789747],[44.72130867800024,-20.149332424999955],[44.702423501000055,-20.158770033999872],[44.69346946900009,-20.155521857999872],[44.675625486000115,-20.169075914000018],[44.62414102800017,-20.17769958399998],[44.59723126600011,-20.219528333999847],[44.59376149499997,-20.25253353599993],[44.56074999900011,-20.284630002999847],[44.58929171500017,-20.29155463500001],[44.59114133200018,-20.298288633999846],[44.582409051000184,-20.38370347999995],[44.560493581,-20.407057600999963],[44.559271483000146,-20.467681217999825],[44.5766895870002,-20.489400121999893],[44.59567512600012,-20.540963316999978],[44.55914631100012,-20.593557990999955],[44.532898326,-20.612967142999878],[44.53057208300021,-20.62405629299991],[44.542624563000174,-20.63477225299988],[44.58309381700019,-20.634036154],[44.61522973300009,-20.661082836],[44.63556972300012,-20.668270274999884],[44.63387647600007,-20.67790772999996],[44.65646467500005,-20.69183151999988],[44.656649998000205,-20.702259892999848],[44.70429774500002,-20.722729093999817],[44.694176347000166,-20.802017649999925],[44.70720136000023,-20.809670883999956],[44.71746380700017,-20.85044152599994],[44.69434513600015,-20.868649845],[44.69530572100018,-20.92466459699989],[44.68802854599994,-20.9497426989999],[44.678608508000195,-20.955655804999935],[44.643946718000166,-20.94975753499989],[44.63922863900018,-20.958989155999973],[44.56865065000022,-20.997076709999817],[44.54460506200019,-21.030254975999924],[44.54128985500006,-21.058440274999896],[44.55529315100017,-21.07550347800003],[44.56498843800006,-21.11648930799987],[44.58935699200015,-21.13457636899983],[44.58453097900008,-21.17427676299991],[44.59637113000019,-21.186981500999934],[44.596108292999986,-21.198128393999866],[44.62025978800017,-21.190255076999904],[44.63552706400003,-21.195797781999943],[44.66104182700002,-21.17426187399991],[44.690633544000036,-21.17022918600003],[44.70380880800019,-21.182950165999898],[44.7623335200002,-21.208543444999975],[44.77301069100014,-21.197171789000038],[44.79467857700007,-21.19612844299985],[44.83459481700015,-21.210020020999934],[44.882653922000145,-21.213948592999827],[44.914089434000175,-21.23399877599985],[44.9402793970001,-21.287199389999955],[45.02031187799997,-21.296930754999835],[45.03912265300005,-21.287258286999872],[45.086320945000125,-21.290816247999828],[45.09671117700003,-21.2883437349999],[45.09812259600022,-21.26845373899988],[45.11918238400011,-21.22928961799994],[45.15836886700009,-21.201908197999956],[45.17894088900016,-21.19926413399986],[45.22860698500011,-21.146258372999966],[45.31230367500007,-21.141563131999987],[45.31670362700015,-21.155043810999814],[45.33704387800009,-21.16621491999996],[45.33202288100006,-21.175398412],[45.34647070699998,-21.17691300099989],[45.351425052000195,-21.153504612999825],[45.37112825300022,-21.14936658499994],[45.37093470000008,-21.13650302499991],[45.39413825500014,-21.112266936000026],[45.44678755800015,-21.080666592999933],[45.438414759999944,-21.067608424999946],[45.45220113800025,-21.05107142399993],[45.48252400800004,-21.043430056999966],[45.50271672300005,-21.022011346999875],[45.49884654800019,-20.986863054000025],[45.50576219500016,-20.97854399499994],[45.53094094200003,-20.98607612500001],[45.55049258300011,-20.979336370999874],[45.5680453180002,-20.990133875000026],[45.61169010400005,-20.97139799999985],[45.62913926900006,-20.991381297000032],[45.64941532800003,-20.982621111999947],[45.66298910300003,-20.96543902299993],[45.65933715400013,-20.949164414999927],[45.666301665,-20.927383889999817],[45.68265719900023,-20.91121634199999],[45.76891414600021,-20.91299708699995],[45.779607309000085,-20.921049225],[45.7674832080001,-20.89675839099982],[45.7777818240001,-20.877269132999857],[45.7654929050002,-20.83865350100001],[45.7747977300001,-20.82387894099986],[45.77904079000018,-20.766547761000027],[45.79149974600023,-20.758438259999878],[45.784314294999945,-20.735203851999927],[45.7927511150001,-20.722623818999978],[45.841502921000085,-20.714736854999956],[45.84219158900004,-20.69390616499993],[45.82298887800005,-20.643319988999963],[45.830615284000146,-20.62749715899986],[45.819720528000175,-20.562993723999966],[45.784465331000035,-20.53500085199994],[45.78995888900016,-20.525017648000016],[45.81178941000013,-20.519958197999813],[45.8228905740001,-20.49966310899987],[45.81690166100009,-20.47383153099986],[45.83026190800018,-20.45942491999989],[45.83146887300012,-20.43870610499988],[45.82998969200003,-20.409500129999913],[45.81685800500003,-20.38819349599993],[45.834434306000105,-20.33398540399986],[45.810058712000114,-20.305479110999897],[45.80864545700018,-20.247993653999913],[45.79807068700006,-20.22715903599999]]]}},{"type":"Feature","properties":{"shapeName":"Belo Sur Tsiribihina","shapeISO":"","shapeID":"10022922B50417492685621","shapeGroup":"MDG","shapeType":"ADM2"},"geometry":{"type":"MultiPolygon","coordinates":[[[[44.416536364000024,-19.71982375399989],[44.40778884600013,-19.720376995999914],[44.395099099000106,-19.749195375999875],[44.416536364000024,-19.71982375399989]]],[[[44.409315365000054,-19.643761305999988],[44.400652932000185,-19.64726030199995],[44.40982823200011,-19.651151187999915],[44.409315365000054,-19.643761305999988]]],[[[44.415023279000195,-19.619308961999877],[44.405755180000085,-19.629695860999902],[44.41092437400005,-19.632232555999906],[44.415023279000195,-19.619308961999877]]],[[[44.42391854200014,-19.601781703999904],[44.40844135399993,-19.607928384],[44.39967381400015,-19.63769269099987],[44.41242524800009,-19.60862414399992],[44.42391854200014,-19.601781703999904]]],[[[44.272907555000074,-19.150865692999844],[44.27297229599998,-19.163230766999845],[44.359309729000074,-19.27950140999991],[44.36702315900004,-19.314787218999925],[44.39928949100005,-19.33453394999998],[44.436926695999944,-19.388183700999946],[44.458737756,-19.437472485999876],[44.46287829100004,-19.47465802299996],[44.454769999000064,-19.510920002999853],[44.478068336000206,-19.537856745],[44.46339997500024,-19.55487694099986],[44.45725667600004,-19.53756849599995],[44.45147031800019,-19.53855588799985],[44.45514402600003,-19.544208112999968],[44.42180604600014,-19.609115968000026],[44.420591274000174,-19.638028088],[44.426484826000035,-19.639049529999966],[44.40986917200013,-19.6476838129999],[44.42007870700013,-19.72341934000002],[44.38560383299995,-19.764724297999976],[44.38203616499999,-19.779870124999945],[44.38013371000005,-19.77338001399994],[44.387530392000144,-19.808312191000027],[44.4100672520002,-19.847727929999905],[44.42019332600012,-19.835849564999933],[44.438935363000155,-19.831688030999942],[44.44328903200005,-19.836237794999818],[44.43272345800017,-19.845418944999892],[44.44551626900005,-19.85043377099987],[44.44006004400006,-19.86609459799996],[44.448510884000086,-19.869278630999816],[44.44692010700021,-19.87681949199998],[44.46457714799999,-19.86639373299994],[44.472900702000175,-19.875402839999822],[44.46449275000015,-19.884692654999924],[44.475232425000115,-19.91918556999991],[44.51492516700017,-19.950718935999873],[44.52490773200003,-19.94004302000002],[44.64397938900015,-19.99195343999986],[44.74936546700002,-20.016781695999896],[44.753885795000144,-20.026301179999905],[44.7839389020001,-20.03230105899985],[44.79162481100019,-20.047908998000025],[44.821955444000025,-20.071357239999827],[44.827949416000195,-20.122650118000024],[44.844725781000136,-20.103396866000026],[44.874419597000156,-20.111093187999813],[44.875792589999946,-20.092728979999947],[44.892135271000086,-20.09642042699994],[44.923916972000086,-20.12235113299988],[44.967130927000085,-20.100026014999912],[44.98920723000015,-20.119480410999927],[44.999770420000175,-20.11415855499996],[45.020597719000136,-20.12093789699992],[45.03301401400006,-20.089628784999945],[45.046086573000196,-20.10491767199983],[45.06103358300021,-20.098474727],[45.07460333800003,-20.105790387000013],[45.083057487000076,-20.12701332099988],[45.09887690099998,-20.12880303899982],[45.10629119300012,-20.1564818679999],[45.141706554000166,-20.16666631199996],[45.15398575800009,-20.154193117999966],[45.15334515899991,-20.13330910999997],[45.16306258099996,-20.130235993999918],[45.15916722400016,-20.12082306000002],[45.169113918000164,-20.108719871999824],[45.18638352700009,-20.0904215139999],[45.21691486200018,-20.077448171000015],[45.22584254900016,-20.03842487799983],[45.24881536700008,-20.003563641000028],[45.243884946000094,-19.986215489999836],[45.253087211000036,-19.96493559599986],[45.261689566000086,-19.971733131999883],[45.29327416800004,-19.969010488999857],[45.30700226800013,-19.9616191099999],[45.3105230390002,-19.94467844499985],[45.305561972000135,-19.88195837],[45.27990761500013,-19.839487889999873],[45.235485864000225,-19.805395196999882],[45.24745820399994,-19.804093070999897],[45.239563142000065,-19.791081042999906],[45.24922668300019,-19.78722440799993],[45.24101433000004,-19.78212469799996],[45.25187776800004,-19.78202749499991],[45.24910021000011,-19.767798037000034],[45.26078383500004,-19.756232339],[45.27213522400018,-19.76013829799996],[45.277016784000125,-19.732522090999908],[45.27865760700007,-19.687678895999852],[45.259302297000204,-19.661784851999926],[45.26580892300012,-19.63413317099986],[45.2540338660001,-19.62151457600004],[45.25624609900012,-19.60441362299997],[45.24619410100007,-19.576961589],[45.24991462700007,-19.54692022999984],[45.27106779000013,-19.53315779999997],[45.27054072500016,-19.488900815999898],[45.25181448300009,-19.455583090999824],[45.234850452000046,-19.39635131900002],[45.22603917999999,-19.320212780999952],[45.17051679100018,-19.224518432000025],[45.15975623400004,-19.21904856899988],[45.14374546100004,-19.224981274999948],[45.13752268400003,-19.243622826999854],[45.12255916900017,-19.237606087999836],[45.08669323900017,-19.257320516999982],[45.06751772400014,-19.25379819999995],[45.05195673900005,-19.261067265999827],[45.03889765100007,-19.25145694399987],[45.03551135300023,-19.262658584999883],[45.021754213000065,-19.27038449199989],[44.99978626800009,-19.26409158799987],[44.9813574100001,-19.271017016999906],[44.96680062500013,-19.264353041999925],[44.92215753500011,-19.27115950299998],[44.9101187440001,-19.282686847999855],[44.890637135000134,-19.283446139999967],[44.88218931800003,-19.309203516999958],[44.84530922800019,-19.314522118999832],[44.82492613900007,-19.304685606999897],[44.82171542699996,-19.287795399999936],[44.806288171000176,-19.28045148199982],[44.780278704000125,-19.246737644],[44.778715168000076,-19.228496425],[44.76034403700015,-19.21581692599983],[44.75068292200007,-19.222843653999917],[44.72727079400005,-19.20694624699985],[44.73087740900013,-19.188312905999908],[44.678461258000084,-19.19736202999991],[44.61788699600015,-19.17009167999987],[44.55464551900002,-19.17198945799987],[44.51607485400018,-19.157053518999874],[44.49626150000023,-19.171772898999905],[44.41464922300014,-19.16511373399993],[44.39953843300009,-19.176888640999948],[44.349864654999976,-19.164292026999988],[44.324579389000064,-19.172245822000036],[44.28949229999995,-19.164586721999854],[44.272907555000074,-19.150865692999844]]]]}},{"type":"Feature","properties":{"shapeName":"Miandrivazo","shapeISO":"","shapeID":"10022922B2580716977723","shapeGroup":"MDG","shapeType":"ADM2"},"geometry":{"type":"Polygon","coordinates":[[[45.80435422400012,-19.440675741999883],[45.81560697700007,-19.431890039999928],[45.82275354200016,-19.43643165200001],[45.8188008300001,-19.369497599999818],[45.82872184300004,-19.358125489999907],[45.81800038400013,-19.354878029999895],[45.83135684000018,-19.339753013999882],[45.802546296000116,-19.244893706999846],[45.802392132000136,-19.208445107999978],[45.7926607170001,-19.214883897],[45.77337783100012,-19.312232863999895],[45.71393170500011,-19.32140660499988],[45.682466923000106,-19.312733653999828],[45.669961802000046,-19.29217267799993],[45.657297605,-19.305791408999823],[45.610647101000154,-19.27567732999995],[45.56132999900012,-19.279980003],[45.54732098400018,-19.271194728999888],[45.552840499999945,-19.200608814999953],[45.59906320700003,-19.164776372999825],[45.57493936100013,-19.134862657999918],[45.561818481000216,-19.129513015999976],[45.55433545400001,-19.110250302999816],[45.56506310599997,-19.077314678999926],[45.59130733200004,-19.07776689900004],[45.592790262000165,-19.067030969999905],[45.58751017499998,-19.034498141999848],[45.56143321100012,-19.03320414199999],[45.54346499300004,-19.017304641999942],[45.54794670000007,-18.974491689],[45.523861841999974,-18.96036897599987],[45.499033252,-18.92843992899992],[45.488179613,-18.932680167999933],[45.47896462900019,-18.919403933999945],[45.4832095700001,-18.89337664100003],[45.50346423399998,-18.882879345999925],[45.5127109770001,-18.831181064999953],[45.49038796800005,-18.80893898599993],[45.466072621000194,-18.7156104849999],[45.4753859920001,-18.70292852199998],[45.50343067300014,-18.696078320999845],[45.50736305300012,-18.685505568999815],[45.49957677700013,-18.68028046099994],[45.51476642600005,-18.676636637],[45.511272373000054,-18.666701870999816],[45.529208507000135,-18.665955234999956],[45.532150730000126,-18.64997854899991],[45.542443744000025,-18.65060494099987],[45.543407457000114,-18.630281414999956],[45.555867303000014,-18.619114287999878],[45.56374939000017,-18.624543622999852],[45.57565120500004,-18.60454626099994],[45.59027793500002,-18.599078942999824],[45.597208341000055,-18.5709389779999],[45.60453411999998,-18.574046908000014],[45.596793858000126,-18.557397463999905],[45.57976179499997,-18.562519468999938],[45.59360843900009,-18.542222294999817],[45.59833953800012,-18.503183584999874],[45.58578428400011,-18.47975232799996],[45.590639022000175,-18.45200294299991],[45.5638932710001,-18.430753794999816],[45.588696189000075,-18.403927817999943],[45.58387486900011,-18.362800771999957],[45.55597673199992,-18.377804634999904],[45.53188986299995,-18.362789861999943],[45.500366698999926,-18.327547301999857],[45.47456246399997,-18.351931931999957],[45.44481491000016,-18.360430076999933],[45.41779771400013,-18.332407901999943],[45.36852963200005,-18.323484124999936],[45.364649769000096,-18.303938517999825],[45.3332310780001,-18.278837500999884],[45.31403407700009,-18.281579389],[45.29517017000006,-18.263309305999826],[45.25641513700003,-18.251420485999972],[45.23663964800011,-18.223676227999988],[45.19329580700003,-18.210372366999934],[45.175159142000155,-18.207199277999848],[45.167230775000064,-18.223645763999855],[45.155298337999966,-18.22406253299988],[45.14090379600003,-18.240869441999962],[45.12841513400019,-18.236972266],[45.11262902699991,-18.244505501],[45.10449023700011,-18.261521267999854],[45.0983208250002,-18.260113718999833],[45.07763857900011,-18.240530979000027],[45.06929955000015,-18.210718065999856],[45.055112282000096,-18.204949191999845],[45.041700899000034,-18.21591915399995],[45.04523518700006,-18.199339186999907],[45.01715756800013,-18.18621443399985],[45.00075888200007,-18.211122637999836],[44.978920772000095,-18.2142094969999],[44.96727258100009,-18.23276604699987],[44.943228450000106,-18.245288430999835],[44.91493214400009,-18.284344883000017],[44.91644048500012,-18.300766308999982],[44.88938928199997,-18.296608626999898],[44.88035889300005,-18.312876669999866],[44.827332599000044,-18.32502750099991],[44.801640490000125,-18.364965891999873],[44.80419265000006,-18.374843959999964],[44.849242754000045,-18.446548251999957],[44.85187625100008,-18.467023814999834],[44.87968542800019,-18.51719561199991],[44.89270738900018,-18.587336234999896],[44.90108138800019,-18.595590215999835],[44.90320063600018,-18.639767803999973],[44.915034666000054,-18.646112738999875],[44.916378534000046,-18.666246712999907],[44.95420823100005,-18.70189884499996],[44.97025266200018,-18.703206981999926],[44.94489799200022,-18.743772749000016],[44.95660034700006,-18.764698922999855],[44.97076169800022,-18.75798524800001],[44.980005437000045,-18.762077388999842],[44.98015948099999,-18.778140103999988],[45.00641052599997,-18.817685538000035],[45.01367701400011,-18.853320587999917],[44.99906870900014,-18.86946812499997],[44.99697577499995,-18.88493504699983],[44.97659545900018,-18.892035303999876],[44.97198024900024,-18.907696381999926],[44.98074659700006,-18.94954266399992],[44.99496253400008,-18.955282580000016],[45.01312198500011,-18.942646995999837],[45.03113892500011,-18.966806323999947],[45.04276867400017,-18.98899191999999],[45.043732080000154,-19.032580672999813],[45.05665415600015,-19.047716590999926],[45.061740773999986,-19.090720954999824],[45.04818182700018,-19.11009564999989],[45.023885316000076,-19.124042111999927],[45.035065465000116,-19.15412797999994],[45.03261327300004,-19.176722703],[45.05985121900005,-19.18972598399995],[45.078065321000054,-19.18733991099998],[45.10999852900005,-19.23151194699983],[45.13118465400021,-19.2440343319999],[45.14248150200018,-19.22511009799996],[45.169497433,-19.221849317999897],[45.22521478400017,-19.31837609599995],[45.234850452000046,-19.39635131900002],[45.253341790000036,-19.459231752999813],[45.27054072500016,-19.488900815999898],[45.27106779000013,-19.53315779999997],[45.25020048000022,-19.546044365999933],[45.24619410100007,-19.576961589],[45.26579635700017,-19.639929949999896],[45.259302297000204,-19.661784851999926],[45.27865760700007,-19.687678895999852],[45.27065129200014,-19.75239465899989],[45.27555459700022,-19.757001723999963],[45.25080652099996,-19.765667520999955],[45.254346586000054,-19.77016493199983],[45.2448535100001,-19.773882373999925],[45.252404824000166,-19.781195038999954],[45.24095869800004,-19.781343170999946],[45.2511836880002,-19.785919640999907],[45.240085756000155,-19.78969732699983],[45.24745820399994,-19.804093070999897],[45.23687387900003,-19.808394698999905],[45.277638637000166,-19.838145283999893],[45.304183875000035,-19.878762870999935],[45.310621376000086,-19.9549058529999],[45.29327416800004,-19.969010488999857],[45.251325126000154,-19.969204679999848],[45.24385134300002,-19.985158482999964],[45.24966523100005,-20.00117728600003],[45.21809948199996,-20.064832612999908],[45.22373620900015,-20.09244956099991],[45.25588919900025,-20.11020438899982],[45.284028207000176,-20.092348715000014],[45.30624245799993,-20.092433143],[45.309250036000094,-20.08212328099995],[45.34000206899998,-20.089445845],[45.36603535299997,-20.134080025],[45.349114709000105,-20.14756594699992],[45.35501904400002,-20.15637653699997],[45.41564707100008,-20.17679756899986],[45.465572618000124,-20.14696074999995],[45.51739999900013,-20.17743000299987],[45.54649999900016,-20.174930002999986],[45.57131651900005,-20.13794134599982],[45.58315312200017,-20.134699650000016],[45.620128223,-20.147740021999937],[45.643938414,-20.14449201899987],[45.67582154800016,-20.16844973499991],[45.6867175120002,-20.163857814999915],[45.715554966000184,-20.203877570999964],[45.775274531000036,-20.225931219000017],[45.79807068700006,-20.22715903599999],[45.79488517900012,-20.192057586000033],[45.77366601900019,-20.15879380799987],[45.77276045700023,-20.131809048000036],[45.75792406700009,-20.10840348200003],[45.768715562000125,-20.09129130199983],[45.76735800400024,-20.075334995999867],[45.751708952,-20.04299837399998],[45.76694231500022,-20.051976457999956],[45.779017395000096,-20.04137931899993],[45.79186932899995,-20.043800500999907],[45.78306674499993,-20.014087020999966],[45.79296431500018,-20.00853296299988],[45.77215006300014,-19.99849950199996],[45.76640481300012,-19.98308203800002],[45.75305111000006,-19.975151512000025],[45.74686366900016,-19.944173433],[45.76437434700017,-19.916337677],[45.75981699800013,-19.894511549999834],[45.77641513300006,-19.864965123999866],[45.79787358599998,-19.855145051999955],[45.804619473000116,-19.808537987999955],[45.82926731500004,-19.786016316999905],[45.80309343400006,-19.718757294999932],[45.83998953100013,-19.677732927999898],[45.83545143500015,-19.64133245200003],[45.81803285500007,-19.606373893999887],[45.83074161899998,-19.583907914999827],[45.820254894000186,-19.565858591999984],[45.79885761700018,-19.56434925699989],[45.78088738700012,-19.536045471999955],[45.79684906200015,-19.49524014900004],[45.78174404900011,-19.471408432999965],[45.78280597500003,-19.459505266999884],[45.80435422400012,-19.440675741999883]]]}},{"type":"Feature","properties":{"shapeName":"Antsiranana II","shapeISO":"","shapeID":"10022922B22775533170221","shapeGroup":"MDG","shapeType":"ADM2"},"geometry":{"type":"MultiPolygon","coordinates":[[[[48.69047280900003,-12.732773650000013],[48.677780409000036,-12.733382567999854],[48.673911557000054,-12.755974765999895],[48.689922802000126,-12.747039094999934],[48.69047280900003,-12.732773650000013]]],[[[49.658188258000166,-12.67344498299991],[49.640580647000206,-12.683589617999871],[49.649509387000194,-12.687160681999842],[49.65554669300019,-12.674226242999907],[49.66195238200004,-12.705201303999957],[49.658188258000166,-12.67344498299991]]],[[[49.576337156000136,-12.616126441999882],[49.57157227700014,-12.614578605999895],[49.58602402799994,-12.634750324999914],[49.59863107100011,-12.627199953999934],[49.576337156000136,-12.616126441999882]]],[[[49.59949145000013,-12.596158473999822],[49.597977103000176,-12.604257046999862],[49.574314483000194,-12.600106548999918],[49.57541376400013,-12.613923400999852],[49.59944604500021,-12.616063303999908],[49.59949145000013,-12.596158473999822]]],[[[48.85080356600014,-12.561566932999938],[48.848779463000085,-12.571070131999932],[48.85573237900019,-12.565944829999978],[48.85080356600014,-12.561566932999938]]],[[[48.67039542100008,-12.446137872999884],[48.66417439800006,-12.449059273999922],[48.668454252000174,-12.458353417999945],[48.6753763600002,-12.450234208999973],[48.67039542100008,-12.446137872999884]]],[[[49.54528307100014,-12.397082687000022],[49.539469503000134,-12.40378232199987],[49.55281383000016,-12.420121262999942],[49.55953819500007,-12.413331517000017],[49.54528307100014,-12.397082687000022]]],[[[48.70309107400004,-12.3780060119999],[48.70130510600006,-12.392200442999922],[48.71155686300017,-12.391784069999915],[48.71105504000013,-12.380611372999908],[48.70309107400004,-12.3780060119999]]],[[[48.98291919899998,-12.260665703999962],[48.97498260800012,-12.262210102999859],[48.97962741700013,-12.264891864999981],[48.98291919899998,-12.260665703999962]]],[[[49.01270497200005,-12.22896749499995],[49.00537639500004,-12.25573337599991],[49.01563686800017,-12.244993412999975],[49.01270497200005,-12.22896749499995]]],[[[49.38039969200014,-12.166157355999928],[49.3741134280001,-12.171590311999864],[49.39483809900008,-12.19208910999987],[49.39252568500007,-12.17182776899989],[49.38039969200014,-12.166157355999928]]],[[[49.3679924920001,-12.127437926999846],[49.35702220199994,-12.133250143999987],[49.370780186,-12.14285522699987],[49.3679924920001,-12.127437926999846]]],[[[49.04979400500008,-12.110965991999933],[49.0466577950001,-12.124352420999912],[49.05336849400015,-12.113483060000021],[49.04979400500008,-12.110965991999933]]],[[[49.223822112000164,-12.23591653599982],[49.219490594000035,-12.238972221999973],[49.21680718100015,-12.229143380999858],[49.24243039900017,-12.198597161999942],[49.23816134900005,-12.189566071999934],[49.22761400600018,-12.19490224299983],[49.22266686600017,-12.18082107499987],[49.25377929400008,-12.14731937700003],[49.25949305600017,-12.181035991999977],[49.26918373199993,-12.181358889999956],[49.27499995100004,-12.195209112999919],[49.28924585600009,-12.19098034699988],[49.29242885200017,-12.210276662999888],[49.30143053399996,-12.214459824999949],[49.31304837200008,-12.184256162999873],[49.30119854600014,-12.17692655999997],[49.314828535000174,-12.164522404000024],[49.331364945000075,-12.171759534999921],[49.364694655000164,-12.219677518000026],[49.37069037100014,-12.211842],[49.35658003700024,-12.186352058000011],[49.35206860500017,-12.152163874999928],[49.34191705900008,-12.14209171899995],[49.34216863500012,-12.121667706999972],[49.3575732920001,-12.109443399999918],[49.34208389800011,-12.088290901999812],[49.340018879999946,-12.063473822999981],[49.315646726000125,-12.059821364999948],[49.31086667500011,-12.05100020499998],[49.30947260900024,-12.058019923999836],[49.299304565,-12.05601185199987],[49.3111220990001,-12.04983273799985],[49.32125677500022,-12.056335666999928],[49.3258184120001,-12.048007703999929],[49.31872426700011,-12.034432497999887],[49.308596022000074,-12.03680867599985],[49.312541982000084,-12.009260282000014],[49.299223430000154,-12.0015053219999],[49.30499735700016,-11.993332367999813],[49.29443533700021,-11.970184053999958],[49.26726991800007,-11.97125368699983],[49.27639655700017,-11.967427457999975],[49.27481828500015,-11.957533546999969],[49.24807436200024,-11.951817461999894],[49.20673829800006,-11.988600124999948],[49.215211603000114,-11.996877720999976],[49.22310091700007,-11.991461303999813],[49.23413548700023,-12.00370133599995],[49.22123324900008,-12.019578811999963],[49.19689330500006,-11.997217962999969],[49.190495452000164,-12.010463491],[49.19666440300011,-12.017746653999893],[49.204642383000134,-12.01442043499992],[49.21079489100009,-12.02820190999995],[49.18588635900005,-12.026565949999963],[49.18468590500004,-12.01250527399992],[49.178056507000065,-12.035913810999887],[49.16314699000003,-12.04333164499991],[49.19918204199996,-12.04517272899983],[49.19391543900002,-12.066338029999827],[49.204361620999975,-12.08694629799993],[49.213582685000176,-12.085196676999942],[49.21630641700011,-12.11596326599988],[49.20233365400014,-12.097881167999901],[49.19079687400023,-12.116757157999928],[49.18358919100007,-12.096342652999965],[49.17572431100018,-12.097275410999885],[49.17674007200014,-12.086581119999835],[49.168867716000136,-12.084235035999882],[49.17055919300003,-12.074058245999822],[49.14979091700013,-12.060191623000037],[49.14139518400009,-12.065281696999932],[49.14342812899997,-12.084955093999952],[49.10741784900017,-12.085356752999871],[49.084386763000055,-12.106989522999925],[49.11800703700021,-12.112813703999961],[49.14075035400003,-12.101744306999876],[49.1507386240001,-12.118131113999937],[49.160630800000035,-12.120602572999871],[49.14885893100012,-12.134511158999942],[49.15270203900013,-12.143984843],[49.17070183700014,-12.125143915000024],[49.192395896000164,-12.14459251799991],[49.18533459400015,-12.175775926999961],[49.17628922900002,-12.171816430999911],[49.17223658200021,-12.156904801999985],[49.15730978300013,-12.176789277999887],[49.15489833300012,-12.197612336999896],[49.146224263999954,-12.199802289999923],[49.143619075000174,-12.218686157999969],[49.155751889000044,-12.22801878499996],[49.14736578100019,-12.259313699999836],[49.13850013900009,-12.274619344999962],[49.116441440000074,-12.26427978299995],[49.115229027000225,-12.254071984999939],[49.09692766299992,-12.264039981999929],[49.08922948100019,-12.257738282999867],[49.08409515500006,-12.266352409999854],[49.09050254900018,-12.28882034999998],[49.07925147900005,-12.309163236999893],[49.061159571000246,-12.31228205199983],[49.05382272700018,-12.292461679999917],[49.03866195600011,-12.309667507999961],[49.02094092300018,-12.305204252999886],[49.01380525199994,-12.312231386],[49.01148325600025,-12.337637645999905],[48.99809291500014,-12.328209818],[48.969524352000064,-12.345162345999881],[48.97114961200009,-12.35744438799992],[48.95336463300015,-12.37334263699995],[48.96814339600019,-12.375382919999936],[48.963492560000134,-12.377892732999953],[48.97428824300016,-12.385421757000017],[48.96809145700007,-12.38305220899997],[48.965881629000194,-12.398237187999882],[48.95443322800003,-12.408371466999881],[48.938280059000135,-12.492742527999951],[48.925719935000245,-12.500522610999838],[48.91375606200023,-12.494340887999954],[48.9042619870001,-12.511400917999822],[48.894328128000154,-12.51219804699997],[48.89986217800009,-12.500653437999915],[48.888436965000096,-12.474943722999967],[48.86327499399994,-12.450114724999878],[48.85476812400009,-12.418732641999895],[48.80268904399992,-12.407666310999957],[48.78288446700009,-12.410981417999892],[48.76152197900018,-12.396057754999958],[48.74372531400019,-12.40540837299983],[48.74363348400004,-12.428966398999933],[48.719930341000236,-12.446510538999917],[48.7379186280001,-12.447260546999871],[48.75849354500008,-12.467009313],[48.76385691700011,-12.438747572000011],[48.77534592500018,-12.443897164999953],[48.77567605099995,-12.463819896999894],[48.78056231200003,-12.46219238699996],[48.7747349870001,-12.481144664999931],[48.803424999000185,-12.500867],[48.816945155999974,-12.528219616],[48.826812854000195,-12.528324003000023],[48.82437849500013,-12.568423646999918],[48.83436444100022,-12.570137788999887],[48.83434963000013,-12.560177051999972],[48.859846179000044,-12.547026317999894],[48.87164650400018,-12.553145127999812],[48.874938426000085,-12.54543502599995],[48.8878170750001,-12.54448907199992],[48.88267042700005,-12.544630584],[48.88482663900015,-12.56425005299991],[48.864638680000155,-12.580175067999846],[48.85623617700014,-12.606179707999956],[48.85422510899997,-12.617923521999899],[48.87008969700008,-12.61848029499987],[48.85230385900019,-12.64395647799995],[48.85464365200005,-12.666487329999882],[48.88277218600007,-12.667151659999945],[48.898305129000164,-12.685645406999981],[48.88875336600006,-12.69760954499992],[48.89777659400022,-12.713842541999952],[48.90069190400021,-12.764792549999925],[48.93306042200015,-12.792798849],[48.931330332000186,-12.807081240999821],[48.94581501399995,-12.823973839999894],[48.938010272999975,-12.875596464000012],[48.94765063000017,-12.888636782999924],[48.9580198000001,-12.884593060999919],[48.96587695299996,-12.891783466999868],[48.97827174400015,-12.884466583999938],[48.986954993000154,-12.89840729299982],[49.01808270900011,-12.873655829999848],[49.04986048300009,-12.861732322999956],[49.06483487800011,-12.864358878999951],[49.0896161980001,-12.845855951999965],[49.10428635599993,-12.856240343999957],[49.13471691200016,-12.85422618099983],[49.17368426700017,-12.887281624999957],[49.16958676800016,-12.916706555999838],[49.19591506,-12.930110033999881],[49.193008468000244,-12.950453925000033],[49.211583278000035,-12.989232067999922],[49.21128923400005,-13.004839612999888],[49.260933808000175,-13.011302680999961],[49.27430349200006,-13.035265538999965],[49.288583643000095,-13.031166088999896],[49.327061997000044,-13.043885240999941],[49.34291820899995,-13.03103105199989],[49.40787495700016,-13.010294488999932],[49.429182278000155,-12.992994772000031],[49.48393053100011,-12.988411013000018],[49.494280477000075,-12.966032851000023],[49.475053953000156,-12.95293715399987],[49.477671588000135,-12.943057016999887],[49.52299690000012,-12.890473286999907],[49.51488607400012,-12.86976302],[49.52481354100024,-12.84785171599998],[49.54964346200023,-12.853349848999983],[49.57415491900014,-12.8106565839999],[49.613281483000094,-12.797483181999894],[49.63612465500012,-12.816843063999897],[49.66313359900016,-12.773981231999812],[49.639487516999964,-12.70760363599993],[49.60283162100018,-12.662990562999823],[49.57354351700019,-12.658335466999858],[49.56531024100019,-12.67031923699983],[49.5564445170001,-12.65024231000001],[49.54398246000005,-12.654415958000016],[49.56095934000018,-12.583630249],[49.55599161600003,-12.559296729999971],[49.53916622100007,-12.547101634],[49.54697367000011,-12.537354800999822],[49.544031917000154,-12.489890536999951],[49.55246957100019,-12.490146348],[49.56083325600025,-12.545188147999852],[49.584894986000165,-12.544255054000018],[49.587204510000106,-12.534317718999887],[49.555861613,-12.427609217999816],[49.54811438900009,-12.439077317999931],[49.56141585400013,-12.4699279969999],[49.54621063100012,-12.450196669999968],[49.531591929000115,-12.446486381999932],[49.52840148900009,-12.45782775299989],[49.545384002999924,-12.467763668999964],[49.52998006500013,-12.475343842999848],[49.516277282000146,-12.465064170999824],[49.52131528900014,-12.436933381000017],[49.51270563400021,-12.424240712999904],[49.48631118400016,-12.436756633999948],[49.47705241700015,-12.427076355999873],[49.50179583800008,-12.400440745999958],[49.52651247900013,-12.428578886999844],[49.53395888699998,-12.423059146999833],[49.52906240000016,-12.410805654999933],[49.53813353700008,-12.392944140999987],[49.51236434600003,-12.356573535999814],[49.47590476500022,-12.351944524999965],[49.44080338000015,-12.3817458769999],[49.442965972000025,-12.356763152999974],[49.41238254000018,-12.334853054999883],[49.42349607700015,-12.327018235999901],[49.409911720000196,-12.321634957000015],[49.40843243600017,-12.299032650999948],[49.3963617130002,-12.289939310999841],[49.401867316000164,-12.284579571999927],[49.39106851400021,-12.267813159999832],[49.39556474500017,-12.255736919999833],[49.3542920270001,-12.229132720999871],[49.33781250300012,-12.251704401999973],[49.34313769900018,-12.27086891],[49.35480233300024,-12.279533311999842],[49.34630422000009,-12.303913277999925],[49.32764230100008,-12.313100549999888],[49.30660304300011,-12.309507564999876],[49.302916666000215,-12.331816671999832],[49.282265568000184,-12.335269973999914],[49.27676051599997,-12.348734173999901],[49.243269064000174,-12.349977968999895],[49.235948884000095,-12.336725213999898],[49.24491920500003,-12.300732664999828],[49.23003899300022,-12.300168630999963],[49.22118025699996,-12.319203806999838],[49.21089233200007,-12.319784395999932],[49.20795060000023,-12.315195552999853],[49.21702913300004,-12.310725058999878],[49.20877547200007,-12.304962092999915],[49.191748885999914,-12.307011787999954],[49.194083805000105,-12.290884902000016],[49.20656745400015,-12.276973317999875],[49.20003001000015,-12.269335413000022],[49.20827829200016,-12.269506260999947],[49.20900462100013,-12.25537302899994],[49.223822112000164,-12.23591653599982]]]]}},{"type":"Feature","properties":{"shapeName":"Antsiranana I","shapeISO":"","shapeID":"10022922B77517626674469","shapeGroup":"MDG","shapeType":"ADM2"},"geometry":{"type":"MultiPolygon","coordinates":[[[[49.30660304300011,-12.309507564999876],[49.30396773600012,-12.296777210999835],[49.31293616600021,-12.284693289000018],[49.298539227000106,-12.267982504999907],[49.288190753000094,-12.267286881999894],[49.267726233000076,-12.2954016139999],[49.24577761600011,-12.298737814999981],[49.23689847200012,-12.343332748000023],[49.244309465000185,-12.350400260000015],[49.25294150900015,-12.345141352999917],[49.27317824500017,-12.350087303999885],[49.27882899300016,-12.337463603999879],[49.29922239600006,-12.330062884000029],[49.30660304300011,-12.309507564999876]]],[[[49.21535478600015,-12.250443317999895],[49.251250013000174,-12.29349772799992],[49.282593671000086,-12.253762964000032],[49.27820057500003,-12.240607010999952],[49.24391160400006,-12.231203230999938],[49.236806099000034,-12.238426177],[49.225151243000084,-12.235658498999896],[49.21535478600015,-12.250443317999895]]]]}},{"type":"Feature","properties":{"shapeName":"Ambilobe","shapeISO":"","shapeID":"10022922B52521872200932","shapeGroup":"MDG","shapeType":"ADM2"},"geometry":{"type":"MultiPolygon","coordinates":[[[[48.60332780600015,-12.96444253499999],[48.603626509000094,-12.957764931999918],[48.59882537300018,-12.958952975999978],[48.60332780600015,-12.96444253499999]]],[[[49.10845716600005,-14.198469792000026],[49.122593884000025,-14.205416926999817],[49.15076490100006,-14.189764090999915],[49.14991140600006,-14.152235865999899],[49.16395466000006,-14.123056204999898],[49.18912031900015,-14.112617958999977],[49.19902782600019,-14.062640163999902],[49.21692194500008,-14.040197733999833],[49.21265579300024,-14.025691215999927],[49.22376135000013,-14.007684372999961],[49.26253819200025,-13.997313026999905],[49.2750419140001,-13.98655162499989],[49.32044683900017,-13.988025258999869],[49.34476330500024,-13.949698344999831],[49.332298111,-13.937866087999964],[49.33848259699994,-13.891520544999935],[49.36628298000005,-13.862007447999872],[49.38520155000003,-13.826057213999945],[49.38245153500014,-13.802663941],[49.397333749000154,-13.777189773999964],[49.39638617200018,-13.748557337999955],[49.41148694100002,-13.680844620999835],[49.37896468700012,-13.668209569999874],[49.35733586000015,-13.630763795999826],[49.36033333900008,-13.619474318999835],[49.38231726000015,-13.609638349999841],[49.36396582900011,-13.544813050999892],[49.34694613900018,-13.535061415999849],[49.35781865500002,-13.5044665879999],[49.34693168100023,-13.500746304999836],[49.33434465900007,-13.470777965999957],[49.342599491000044,-13.456888144999937],[49.32562908400024,-13.402829962999817],[49.33019100899992,-13.392348819999825],[49.34866287300008,-13.388720128999978],[49.355275566000046,-13.372240089999934],[49.37611329400022,-13.367763657000012],[49.39902393900019,-13.343363654999962],[49.41522418400007,-13.34839982099993],[49.42398672500008,-13.337841079999919],[49.40659264400017,-13.288256048999813],[49.438196536000135,-13.255410277999886],[49.43773535599996,-13.232720590999861],[49.446521140000016,-13.229640606999851],[49.45297701800024,-13.195930953999948],[49.44781644800008,-13.197037644000034],[49.44499617900004,-13.181160696999882],[49.424902402999976,-13.169619609999927],[49.41272616900005,-13.147285954999916],[49.41922101600022,-13.130820446999905],[49.41174602100017,-13.124243079999985],[49.414433141000075,-13.113120499999923],[49.43063973800014,-13.109674225],[49.44722999900017,-13.082430003999889],[49.46469570100004,-13.083100968999986],[49.47414743200022,-13.04890587999995],[49.46728146300012,-13.019309731999954],[49.47656320400006,-12.996442178999985],[49.425870001000135,-12.993200005999938],[49.40710125700008,-13.011083544999849],[49.34222053000025,-13.031277463999857],[49.32635062900016,-13.044103528],[49.287940651000156,-13.030801219999887],[49.273570808000045,-13.035136904999888],[49.25988332900005,-13.01093496599998],[49.21146660700009,-13.003399451999826],[49.19294594400003,-12.948995245999868],[49.19256644899997,-12.925033662999965],[49.16985384700013,-12.917769333999843],[49.17072831500019,-12.884005525999896],[49.13579472199996,-12.854450524000015],[49.10535713200011,-12.856548551999879],[49.08984883200014,-12.845569414999886],[49.06829244800002,-12.866064499999936],[49.05380973000007,-12.86093390499991],[49.01696936400009,-12.873588565999967],[48.99105518100009,-12.897063146999812],[48.975024249000114,-12.884689413999979],[48.96495645400012,-12.89576440399992],[48.940350066000065,-12.887942730999953],[48.93426994100014,-12.894532213999923],[48.92386917800013,-12.92337436299988],[48.94478253799997,-12.937552929999924],[48.92068515800014,-12.933304666999959],[48.93046989500016,-12.949084232999951],[48.914087697000014,-12.941537021999864],[48.90713311099995,-12.961042170999917],[48.91261782100008,-12.96950888899994],[48.93849104200007,-12.975474062999865],[48.91370814199996,-12.97283384299999],[48.90741691000011,-12.985268044999941],[48.91477005700017,-12.995721402999948],[48.90913293400013,-12.995549880999874],[48.906801926000185,-12.973707612999988],[48.90045363200022,-12.972612365999964],[48.888979,-12.986650892999876],[48.90406994699998,-13.005030817999966],[48.89092345500012,-13.007891691],[48.90191632100016,-13.011729553999828],[48.88853465200009,-13.011852611999984],[48.8862421350002,-12.997145510999815],[48.87745780500006,-13.007119759999966],[48.88679353300017,-13.035802617],[48.87382515999997,-13.019966635999879],[48.86910363400011,-13.02722730399995],[48.88137349500005,-13.041687576999834],[48.870776836000175,-13.036306982999974],[48.87049236000007,-13.048383921000038],[48.861385263000216,-13.041792557],[48.84960843800019,-13.04765688099991],[48.828360887000144,-13.083759415000031],[48.84054979100023,-13.091113826999958],[48.83483278700004,-13.097046307999904],[48.840022843000156,-13.099069296999858],[48.82306768900003,-13.094507443999987],[48.8255080940001,-13.103000144999953],[48.81529666600022,-13.115402652999933],[48.816542986000115,-13.122759876999908],[48.82468375100018,-13.11485679599997],[48.827085087000114,-13.119904136999878],[48.811377547,-13.122119887],[48.804074190000165,-13.131505697999955],[48.827363472000116,-13.147512278999898],[48.80449713599995,-13.15254638599987],[48.81022455500022,-13.166049898999916],[48.82370306900003,-13.169637694000016],[48.80128094300005,-13.170072349999828],[48.80964431800004,-13.184035545999905],[48.80038364700005,-13.186198376999982],[48.798495082000215,-13.208539257999973],[48.81272311000009,-13.210473448999892],[48.80200365100018,-13.218395135999856],[48.80281971699998,-13.230125210999972],[48.825398882000115,-13.232456044999822],[48.80550859100009,-13.240921446999835],[48.808162457000094,-13.247802032999914],[48.81668240200008,-13.25416630799998],[48.824369810000235,-13.247425857999872],[48.828814891000036,-13.26878382000001],[48.86961822700016,-13.262432506000039],[48.84981094400007,-13.274421768000025],[48.815673727000046,-13.27016683099987],[48.81580613600005,-13.283405531000028],[48.802668001000086,-13.285131519999936],[48.79268563699992,-13.29730441799984],[48.79966368700019,-13.31415863199993],[48.7956330450001,-13.31051255999995],[48.781233213000064,-13.327444737999826],[48.79028051100005,-13.341057206999835],[48.77783639300003,-13.347296323999842],[48.79309513700008,-13.362894480000023],[48.79518961000008,-13.348835847999965],[48.810302270000136,-13.379076324999971],[48.80563741900011,-13.370942651999883],[48.783829315000105,-13.376668988999825],[48.759896018000234,-13.404727149999928],[48.7617032550001,-13.421746109999901],[48.74864933300023,-13.411006277999888],[48.73586184500016,-13.423351540999931],[48.74136935500002,-13.433430928],[48.72962937500017,-13.43537349899998],[48.72391252400013,-13.423867160999976],[48.69970000700005,-13.440129633999845],[48.66075220000005,-13.444948486999863],[48.66364182000024,-13.450715630999923],[48.65877570800012,-13.448450739999828],[48.64345462000006,-13.475034237999864],[48.663348425999914,-13.472315038999852],[48.67399141900006,-13.501841872],[48.68851877900022,-13.512096852999832],[48.67033291400014,-13.554692534000026],[48.66950640800019,-13.576405753999893],[48.65978030999992,-13.588536717999943],[48.64317390800011,-13.568584701999896],[48.614119078000044,-13.576618254999971],[48.60973107600006,-13.601082770999824],[48.585594424000135,-13.601331984999945],[48.576543025000035,-13.618469898999876],[48.58386179400014,-13.633093495999958],[48.59975086700024,-13.636487632999945],[48.60911397800015,-13.657143303999874],[48.63312327900013,-13.671097047999865],[48.66630392800005,-13.655681956000024],[48.68294600900009,-13.669049235999978],[48.718269679000116,-13.679892391999829],[48.72212063100005,-13.69661700699993],[48.741804562000084,-13.697943634999831],[48.75220741400017,-13.710035334999873],[48.76169717500011,-13.758178674999954],[48.79104277000016,-13.757111801999883],[48.807050373000095,-13.771258379999836],[48.80747768400022,-13.796041290999938],[48.87054804500019,-13.831242093999947],[48.88894955500001,-13.83181071699994],[48.89615944800016,-13.84789385],[48.92663867500005,-13.866562581999915],[48.95658757600012,-13.86855937699994],[48.98525636300013,-13.893855282999937],[48.98854981000022,-13.933936684999821],[48.97317869400007,-13.967758741999887],[48.98063608300009,-14.000721013999964],[48.96752152100015,-14.018435944000032],[48.98726866699997,-14.04707793699987],[48.98538407400008,-14.107630423999865],[48.974680735000106,-14.139126595999869],[48.978020501999936,-14.162754255999857],[48.98697452900018,-14.156082286999833],[49.03053736600009,-14.185070933999839],[49.05663869300008,-14.188154147000034],[49.082580934000134,-14.207127200999935],[49.10845716600005,-14.198469792000026]]],[[[48.58229635200013,-12.842639069999905],[48.57508188000003,-12.835792481999988],[48.57361050400016,-12.841441749999944],[48.58229635200013,-12.842639069999905]]],[[[48.62704862700019,-12.851583446999939],[48.62934075500016,-12.833037449999836],[48.617500362000044,-12.820251890999884],[48.61143789800008,-12.823062884999842],[48.609005606000096,-12.865197510999963],[48.59198383200015,-12.876159124999845],[48.581472175000044,-12.90777468899995],[48.56153965800007,-12.881935492999844],[48.53929303600023,-12.885339409999858],[48.56122740799998,-12.89989132199986],[48.585005293000165,-12.935369209999976],[48.6126759550001,-12.908210733999965],[48.60975989900004,-12.87117714399983],[48.62704862700019,-12.851583446999939]]]]}},{"type":"Feature","properties":{"shapeName":"Nosy-Be","shapeISO":"","shapeID":"10022922B66036521727834","shapeGroup":"MDG","shapeType":"ADM2"},"geometry":{"type":"MultiPolygon","coordinates":[[[[48.34902027200013,-13.442426485999817],[48.330464128000074,-13.448825364999834],[48.32416261700013,-13.46225997699986],[48.33219489900023,-13.490900095999905],[48.344403147000094,-13.499359190999826],[48.36730746000012,-13.490622192999979],[48.37280496400024,-13.47662312499989],[48.36109389500018,-13.44934636399995],[48.34902027200013,-13.442426485999817]]],[[[48.34774495700003,-13.437474981000037],[48.348177290000194,-13.436325200999931],[48.34769795700004,-13.436624221999978],[48.34774495700003,-13.437474981000037]]],[[[48.36811790400003,-13.432212462],[48.363975198000105,-13.429382125999837],[48.37169445000018,-13.440091337999888],[48.36811790400003,-13.432212462]]],[[[48.186081874000195,-13.35842922299986],[48.17707544500007,-13.367558006999957],[48.18519651200012,-13.37334352800002],[48.186081874000195,-13.35842922299986]]],[[[48.17568777000014,-13.29428874399997],[48.1563106430001,-13.291689197999915],[48.14858488300018,-13.304346970999973],[48.1502973850001,-13.321028435999892],[48.1728849110001,-13.305769323999982],[48.17568777000014,-13.29428874399997]]],[[[48.18782004900004,-13.284933026000033],[48.18505024600012,-13.286024707999843],[48.190305889,-13.287204359999919],[48.18782004900004,-13.284933026000033]]],[[[48.28127028600011,-13.200531887999944],[48.267893145000244,-13.198732098999983],[48.24609239600005,-13.217754716999877],[48.26215284799997,-13.264492044],[48.2576414080001,-13.27324934500001],[48.23853420100005,-13.27815551699996],[48.231209800000215,-13.261875874999987],[48.21673054900009,-13.276420039999891],[48.198818971000094,-13.251000658999885],[48.1716008410001,-13.253219961999832],[48.18540501100006,-13.278792560999818],[48.19954914599998,-13.277505395],[48.18276416000015,-13.301471976999949],[48.17307518400014,-13.33645299],[48.183389845000136,-13.33727839799991],[48.18857575100003,-13.389571831000012],[48.19807392300004,-13.396575607999864],[48.229707714000085,-13.393909538999822],[48.260168148000105,-13.415917594999826],[48.26847250700018,-13.403720835],[48.29187747200007,-13.407338032999974],[48.29913828800005,-13.400835596999912],[48.310419375000095,-13.42319966399998],[48.320190318000186,-13.42412113699993],[48.34363545600007,-13.406609271999969],[48.35674772900012,-13.411093219999884],[48.349227960000064,-13.382894169999929],[48.337513079000246,-13.385535453999978],[48.31408374400013,-13.360689273],[48.324123682999925,-13.338397758999974],[48.343926872000054,-13.349103703999901],[48.34650049800018,-13.324819585999876],[48.339520761000074,-13.311860861999946],[48.32435009300019,-13.310231979999912],[48.33180325100011,-13.282028936999893],[48.325505119000184,-13.263692816999878],[48.30972964400013,-13.277395598999874],[48.313154836000194,-13.257940010999846],[48.302801556000134,-13.266497289999904],[48.29588792500016,-13.259537966999915],[48.2966195410001,-13.244585908999909],[48.311667544000045,-13.226242529999979],[48.30464677200018,-13.204708584999935],[48.28708854500002,-13.208460925],[48.28127028600011,-13.200531887999944]]]]}},{"type":"Feature","properties":{"shapeName":"Ambanja","shapeISO":"","shapeID":"10022922B10293113814705","shapeGroup":"MDG","shapeType":"ADM2"},"geometry":{"type":"MultiPolygon","coordinates":[[[[47.82531667000006,-14.043366053999875],[47.79079623200005,-13.973429027999828],[47.77843228300014,-13.998064416999966],[47.78680872300009,-14.037173026999938],[47.793239943000174,-14.04733894799989],[47.82830939700017,-14.054929410999875],[47.82531667000006,-14.043366053999875]]],[[[47.98153181100014,-13.948455464999938],[47.980344168000045,-13.936491259999912],[47.97610503500022,-13.941334339999969],[47.98153181100014,-13.948455464999938]]],[[[47.971627428000204,-13.94180223099994],[47.97656670000015,-13.936501774999954],[47.96820278700005,-13.934909988999891],[47.971627428000204,-13.94180223099994]]],[[[47.77039956200014,-13.956755769999972],[47.77640168100015,-13.942626416999929],[47.76392713700011,-13.933530587999883],[47.76322420000008,-13.955519700000025],[47.77039956200014,-13.956755769999972]]],[[[48.32726171800016,-13.766700020999906],[48.33865816600019,-13.759633641],[48.32735025400018,-13.75646199799985],[48.32726171800016,-13.766700020999906]]],[[[48.339581111000086,-13.755492408999828],[48.34166677600007,-13.744214359999887],[48.33166597200005,-13.745172983999964],[48.328273300000205,-13.752311764000012],[48.339581111000086,-13.755492408999828]]],[[[48.33083773300018,-13.741716796999924],[48.328576926000096,-13.736437684999828],[48.312700941,-13.739257119999877],[48.33083773300018,-13.741716796999924]]],[[[48.19215024500022,-13.725628731999905],[48.18858992400004,-13.71528595899997],[48.18318866400011,-13.718523862999916],[48.19215024500022,-13.725628731999905]]],[[[48.327308389,-13.642070700000033],[48.32608355500008,-13.637695592999876],[48.31843210200003,-13.640215174],[48.327308389,-13.642070700000033]]],[[[47.82496751600013,-13.593862117999947],[47.816752675000146,-13.584225047999894],[47.808521148999944,-13.593922179999879],[47.82047086800003,-13.599388724999812],[47.82496751600013,-13.593862117999947]]],[[[48.097599006000166,-13.570907172000034],[48.09841348500015,-13.56741441399987],[48.095601125000144,-13.567528896999931],[48.097599006000166,-13.570907172000034]]],[[[48.45103060400015,-13.550226860999828],[48.44503286600019,-13.551305731999832],[48.45016297300003,-13.559667646999912],[48.45103060400015,-13.550226860999828]]],[[[48.43452017600009,-13.531364402999941],[48.439220132000116,-13.539305561999925],[48.444295319,-13.534699495999917],[48.43452017600009,-13.531364402999941]]],[[[48.514773790000106,-13.535568055999931],[48.51503635400013,-13.525056736999943],[48.50965876599997,-13.529766661],[48.514773790000106,-13.535568055999931]]],[[[48.53205924800017,-13.53113920099986],[48.54589273000005,-13.523659401999964],[48.5292891040001,-13.530506221999985],[48.53205924800017,-13.53113920099986]]],[[[48.48729870300008,-14.191015847999836],[48.498523086000034,-14.193541942999957],[48.519818172000214,-14.217617411999868],[48.55424999900009,-14.227620004999892],[48.640657097000144,-14.23032178699998],[48.684237050000036,-14.239691482999831],[48.72510334700013,-14.207947443999842],[48.75892777000024,-14.209397736999847],[48.77649695800011,-14.225990797999827],[48.78277656300003,-14.251053323999884],[48.79915385800018,-14.263606360999972],[48.814792651000175,-14.263799412999958],[48.83968917100003,-14.236570728],[48.878833408000105,-14.220199855000033],[48.896125543000096,-14.198410235999972],[48.91145229,-14.193497336],[48.92498789500007,-14.170089307999888],[48.97186149200019,-14.146320082999978],[48.979322809000166,-14.133811850999962],[48.98723912999992,-14.045191748999855],[48.96621494100009,-14.022016206999979],[48.98164004700004,-13.999517907999973],[48.97371727700016,-13.969306709999898],[48.98902926500017,-13.935050130999855],[48.98312018400003,-13.926158817999863],[48.98525636300013,-13.893855282999937],[48.95831438500005,-13.869613272999914],[48.92663867500005,-13.866562581999915],[48.89615944800016,-13.84789385],[48.88894955500001,-13.83181071699994],[48.8723266830001,-13.832479157999899],[48.810215106000044,-13.797020767],[48.80724832000004,-13.77203167599987],[48.79104277000016,-13.757111801999883],[48.76198286300013,-13.759363669999857],[48.7518383380002,-13.708002263999958],[48.74087790000016,-13.696649008999827],[48.72459777200015,-13.70027562499996],[48.71552476800014,-13.677608938999981],[48.683647212000096,-13.669479397999964],[48.66746288000019,-13.655264108999916],[48.63312327900013,-13.671097047999865],[48.60993871,-13.658282339999971],[48.59612169800005,-13.633007447999944],[48.58451838100018,-13.633594474999825],[48.57729247100008,-13.608244269999886],[48.60972671900015,-13.601544038999975],[48.614119078000044,-13.576618254999971],[48.63914571200024,-13.568481344999952],[48.66144173200007,-13.58775196299996],[48.67508357999992,-13.564682717999972],[48.67009586700016,-13.555209348999881],[48.68851877900022,-13.512096852999832],[48.675690656000086,-13.505986751000023],[48.67010949599995,-13.482265403999918],[48.661935278000044,-13.48264851],[48.65967347500009,-13.47257912899994],[48.639711920000195,-13.475018378999891],[48.65105934500019,-13.456081820999827],[48.6470038220001,-13.450136605999887],[48.60723265300021,-13.447250451999821],[48.591553155000156,-13.455204406999883],[48.59446596800018,-13.465077965999967],[48.57809608500014,-13.449560503999919],[48.53088906100004,-13.428775749999943],[48.52348195399992,-13.414568273999919],[48.5064694080001,-13.40503031999998],[48.5070848160002,-13.394669189999888],[48.49052895200009,-13.37250054499998],[48.469762243999924,-13.373215853000033],[48.47609644400018,-13.427363572],[48.50319843000017,-13.465875223999944],[48.52334917700006,-13.522696456999938],[48.54203242300014,-13.521273813999926],[48.54605637800012,-13.514442267999925],[48.55165092700014,-13.516512181999929],[48.546559451000064,-13.527360719999876],[48.52402577000015,-13.531010019999826],[48.53436841600006,-13.543578675999981],[48.51850371400013,-13.532429646999958],[48.51973632500011,-13.551752962999899],[48.51329089300003,-13.555256520999876],[48.517418068999916,-13.549225309999827],[48.510003278000056,-13.536374233999936],[48.49960802300018,-13.538528183999915],[48.50316525500017,-13.549318932999938],[48.491984445000185,-13.55246595299991],[48.49425523200023,-13.566778185999908],[48.48636639400013,-13.552682993000019],[48.50505990500005,-13.513785987999881],[48.503433378999944,-13.519264182999905],[48.480938021000156,-13.51568333900002],[48.48099689999992,-13.534412250999878],[48.48210510700005,-13.526045218999911],[48.46044657900018,-13.522997104999945],[48.46132307399995,-13.544159996999952],[48.456625267999925,-13.52444435699988],[48.43568149900017,-13.519786562999968],[48.448308173000044,-13.532970260999946],[48.442828121000105,-13.54802568699995],[48.45549440800016,-13.551993125999957],[48.44207695000006,-13.577677907999885],[48.438724977000106,-13.541580209000017],[48.41228008200005,-13.530271059999905],[48.392366678000144,-13.546074894999833],[48.40546311500009,-13.549697212999888],[48.409502484000086,-13.563894240000025],[48.40051574300003,-13.559953581999935],[48.40213988200003,-13.553011023999886],[48.381442346000085,-13.556784148999895],[48.395717660000116,-13.578971748000015],[48.384735592000084,-13.570436784999913],[48.37667945700008,-13.589218986999924],[48.39332930900014,-13.591957959999888],[48.38217901500019,-13.588419928999883],[48.385777587000234,-13.591936314999941],[48.371908779999956,-13.595703059999948],[48.36621721100005,-13.595842336000032],[48.378288099000144,-13.570793585999866],[48.35311874600012,-13.533538290999957],[48.34354055800003,-13.546206272999882],[48.32617650200007,-13.550377513999933],[48.326661270000216,-13.578068161000033],[48.358206882000104,-13.603803922999816],[48.361749487000054,-13.609094839999898],[48.34601976600021,-13.599603390999903],[48.34295201200001,-13.604241221999871],[48.35508216200003,-13.623783769999989],[48.361909477000154,-13.623469318],[48.34230469500022,-13.619834878999825],[48.342450006000036,-13.629797344],[48.33466522400005,-13.620118830999957],[48.32461597200006,-13.626187271999981],[48.3224521150002,-13.632076021999865],[48.34352300200021,-13.640558522999982],[48.3244709010001,-13.645171059999882],[48.31742355100016,-13.656113779999885],[48.33057962800024,-13.655552310999951],[48.31450030900004,-13.69057330599992],[48.32047013400006,-13.690827252999895],[48.3194120130002,-13.701268469999945],[48.32906549300009,-13.70192321099995],[48.31709594300003,-13.713696965999873],[48.32419271800006,-13.724720591],[48.331832887000076,-13.721703572000024],[48.32890581500021,-13.728150867999943],[48.317594200000144,-13.722437581999827],[48.31220802700011,-13.733048642999904],[48.34119214000009,-13.740990130999933],[48.344511912000144,-13.75155900599998],[48.33113550100012,-13.76541710399988],[48.33530205500006,-13.768680351999876],[48.314930305000075,-13.776749545999962],[48.3184943870001,-13.787786807999964],[48.32800575100015,-13.780846358999838],[48.32366873900014,-13.787993555999947],[48.31025238000018,-13.788041468999893],[48.26277569500013,-13.820420682999952],[48.25238471500012,-13.809415019999904],[48.227426423000054,-13.811329022999814],[48.19013075900011,-13.768195278999883],[48.170802942999956,-13.759739427999875],[48.16792674900023,-13.737661302999925],[48.18113799000025,-13.744630029],[48.185338201000036,-13.7325502569999],[48.16130154700005,-13.72157403499989],[48.164132556000084,-13.682428343999959],[48.15946566999992,-13.671180985999968],[48.144118363000075,-13.664263479999875],[48.15188735700002,-13.631307893999917],[48.14129243900004,-13.630455104999953],[48.14413051000014,-13.599367154999982],[48.11637364800015,-13.60023733099996],[48.10629048500016,-13.587604248],[48.09611124500009,-13.607256839999877],[48.073184526000205,-13.618672997999965],[48.074501297000154,-13.631305241999883],[48.07085126800001,-13.61939700899984],[48.087497542000165,-13.604360019000012],[48.092541220000214,-13.584089091999942],[48.07794167600014,-13.588285046999829],[48.07080871500017,-13.576594574999945],[48.087706672000024,-13.570960704999834],[48.0706403600002,-13.551970481999945],[48.06576259399998,-13.525647550999963],[48.038931323000156,-13.523390927999856],[48.01665148300003,-13.532970182999918],[48.042952027000126,-13.544774279999956],[48.053799050000066,-13.56657390199996],[48.029520410000146,-13.559358221999958],[48.026507815,-13.566272859999913],[48.016695059000085,-13.55885221099993],[48.01143682700024,-13.564753129999929],[48.028679387000125,-13.575236058999906],[48.01251408100018,-13.58592451699991],[48.00517005900002,-13.577453327999876],[47.991596559000186,-13.588690117999874],[48.00270912400009,-13.557703360999824],[47.98554680500018,-13.568551493999905],[47.97172388700011,-13.55302063199997],[47.978313407000144,-13.541250309999896],[48.00229060800012,-13.530983218000017],[47.9750262550001,-13.503256754],[47.943019715000105,-13.57160372299984],[47.954335330000106,-13.575217732999818],[47.955112580000105,-13.592973081999844],[47.970775340000216,-13.589662620999945],[47.962944281000205,-13.60366670399992],[47.97246837200015,-13.61665333399992],[47.93964502300008,-13.596470993999901],[47.95010411100003,-13.594457589999934],[47.89748594800017,-13.590270236000038],[47.877783683000075,-13.705696299999943],[47.91485766400007,-13.708384327999852],[47.92600050600009,-13.67626196399982],[47.92520582600008,-13.697320618999981],[47.91581283600004,-13.721960311999851],[47.87873962900011,-13.717201464999846],[47.858882717000085,-13.771078013000022],[47.870922582,-13.804877083999884],[47.88999540700007,-13.812435861999916],[47.873748767000166,-13.817752456],[47.87305929300015,-13.829486385],[47.891483637000135,-13.89664423499994],[47.95347176100017,-13.930110005999836],[47.9434837240002,-13.922018403000038],[47.950637633000156,-13.922869472999935],[47.95724660399992,-13.933319246],[48.008828693000055,-13.921008701999881],[47.987870998000176,-13.928304236999907],[47.983886428,-13.947641795000038],[47.9975609120001,-13.953252888999884],[48.01522340200006,-13.94469789599998],[48.01923272000016,-13.948139501000014],[48.002984911000055,-13.95300334399991],[48.01076271300002,-13.955285746999948],[48.014318900000035,-13.969085409999877],[48.02633662800014,-13.972275060000015],[48.018326845000104,-13.973449451000022],[48.02022279900012,-13.98000015599996],[48.00018633900015,-13.975786556999935],[48.007050203000176,-13.997862606999888],[47.98992115100009,-13.979825874000028],[47.97653291400019,-14.00115179799991],[47.93448807200019,-14.00133029199992],[47.92138920400015,-14.006906797999932],[47.925164156,-14.014837050999972],[47.95052171700013,-14.026523119999922],[47.99058303000004,-14.061100831999909],[48.022672011000054,-14.06678408700003],[48.035023897000144,-14.050677557999904],[48.02766222000025,-14.028343934999953],[48.07236905500014,-14.015986505999876],[48.07475001500012,-13.999086114999955],[48.08549542600002,-13.99929419699987],[48.07028459100013,-13.979252519999932],[48.07585082300005,-13.977326092999874],[48.07286647200016,-13.967663411999922],[48.09557092100016,-13.967118790999962],[48.16225557700011,-13.910880567999868],[48.178326285000026,-13.909274379999943],[48.23345517399997,-13.875860681999825],[48.263067195000076,-13.87875072599985],[48.313514193000174,-13.918805623999845],[48.31774430799993,-13.932332632999987],[48.325336715000105,-13.970640768999885],[48.311986984000214,-14.002901242999883],[48.31652159100014,-14.094930839999904],[48.34089112000004,-14.122668236000038],[48.36543078500017,-14.112881444000038],[48.37754639800016,-14.167039172999921],[48.461781408000036,-14.167964330000018],[48.48729870300008,-14.191015847999836]]],[[[48.47246449100015,-13.30447485399992],[48.45639795100004,-13.307386841999971],[48.45851241800011,-13.321294223999871],[48.49154254100023,-13.37004012299991],[48.505218043000184,-13.377532591999966],[48.514147517000026,-13.368843622999918],[48.49219054200012,-13.357743056999936],[48.48170561000012,-13.34102269199991],[48.49692376400003,-13.321594228999913],[48.48346926200003,-13.305137782999964],[48.47246449100015,-13.30447485399992]]]]}},{"type":"Feature","properties":{"shapeName":"Antalaha","shapeISO":"","shapeID":"10022922B15279482214677","shapeGroup":"MDG","shapeType":"ADM2"},"geometry":{"type":"Polygon","coordinates":[[[50.01246186500009,-15.831652799999972],[50.02350380700011,-15.882111928999905],[50.065130398000235,-15.90476460899987],[50.08919994299998,-15.92928127399989],[50.14310610900014,-15.94257388699998],[50.14583782700004,-15.968741586999897],[50.15954801500004,-15.993703571999902],[50.175117791000105,-15.986497527999916],[50.22220755199993,-15.98791077099986],[50.231698468000104,-15.96562467900003],[50.22133766400009,-15.949121029999901],[50.248456548000036,-15.926815461999979],[50.24396396200012,-15.91440110699989],[50.264941675000046,-15.888772466999967],[50.28084721600004,-15.889365465000026],[50.292973287000166,-15.876606399000025],[50.30352514800006,-15.855492733999938],[50.294522254000185,-15.854402230999938],[50.300973161999934,-15.837712171999954],[50.340042315,-15.81358843699985],[50.33304443600019,-15.80678500799985],[50.33086360400006,-15.816075275999822],[50.32150733000003,-15.810960571999942],[50.324926813000104,-15.782538613999918],[50.36313327300013,-15.687867211999901],[50.40012248800019,-15.621241975999851],[50.405351855000106,-15.58481998699989],[50.42214334100015,-15.564863309999964],[50.43814224400006,-15.477513567999893],[50.46064664500017,-15.458001284999966],[50.450748138000165,-15.435140248999915],[50.46616457200014,-15.401191162999908],[50.46353119100013,-15.366927913999916],[50.47512344799992,-15.356903000999921],[50.4808178290001,-15.33021418099986],[50.47048868100006,-15.288838307],[50.48485161599996,-15.265233126],[50.46093680000013,-15.236362029999952],[50.46981824000011,-15.212261526999896],[50.43728313600019,-15.193635195000013],[50.43116598100005,-15.149682541999823],[50.33712921800014,-15.035089150999909],[50.31782062100012,-14.953793975999929],[50.29967350299995,-14.943894348000015],[50.295281783000235,-14.918031360999976],[50.26686373700011,-14.873306365000019],[50.25245732700023,-14.805364532999931],[50.22374010800013,-14.766908422999961],[50.21775,-14.676820003999978],[50.20629373200006,-14.636748151999882],[50.19262181300013,-14.62285139699992],[50.18346493200016,-14.561110938000013],[50.174073750000105,-14.555454213999951],[50.13657000100005,-14.564620003999835],[50.095260922000136,-14.554018011999972],[50.08417000100019,-14.528970004999962],[50.05309683500013,-14.520304847000034],[50.01895319099998,-14.524080680999987],[50.01140788300012,-14.534682848999864],[49.988865017999956,-14.531048235999947],[49.94263652900014,-14.57312479799998],[49.92453077700003,-14.578504424999949],[49.926128902000016,-14.605916350999962],[49.91007622199999,-14.622605804999921],[49.89000819400013,-14.61510605899997],[49.84471116200018,-14.660812985],[49.84345304500005,-14.68840089899993],[49.86416878500006,-14.705663982999909],[49.88852768800018,-14.744959150999932],[49.87881060500007,-14.781589526999937],[49.8851055990001,-14.789927831],[49.87812,-14.80168000399982],[49.882835360000115,-14.81957098099997],[49.87217004900009,-14.837323580999964],[49.87993134400017,-14.859400289999883],[49.87441778500005,-14.874349447999919],[49.86426165300014,-14.870011176999867],[49.848208697000075,-14.89109283599987],[49.85231256100019,-14.904689955000038],[49.840434930000185,-14.914690368999857],[49.8285165260001,-14.958067410999945],[49.834891019000054,-14.97274232299992],[49.82647279800011,-14.998952446999908],[49.79463032800015,-15.024889354999914],[49.78907032400019,-15.03965682799992],[49.798808116000146,-15.058063435],[49.80082815200012,-15.088591528999928],[49.81502805900004,-15.096280860000036],[49.821174054000096,-15.116926411999941],[49.806432745000166,-15.160169158999906],[49.83582988300009,-15.201862966999897],[49.86603940400005,-15.212438224999971],[49.86672001000005,-15.233603257999846],[49.88097768800009,-15.241880419999916],[49.89454926700006,-15.266204829999822],[49.93803110500011,-15.279370839000023],[49.963317873000165,-15.249351794999939],[49.989974582000116,-15.245479141999965],[50.03222784000013,-15.294702873999825],[49.98490708300017,-15.344645229999912],[50.02395723400025,-15.358018706999871],[50.03340372500014,-15.377381885999966],[50.051666238000166,-15.39058310099989],[50.0526445870002,-15.451300246000017],[50.04574962700008,-15.47286537899987],[50.024040545000105,-15.472671221999974],[50.01846889500007,-15.482042817999911],[50.01771493199993,-15.522669813999926],[50.01127660500009,-15.531891284999972],[50.0188919470001,-15.547508345999915],[50.005836844000214,-15.592846384999973],[50.015510610000206,-15.604658367999946],[50.01191991400009,-15.617058102999977],[49.99636562400008,-15.623750707999875],[50.00638810700008,-15.635284517999821],[49.98300579100004,-15.666214739],[49.98664705800013,-15.680806314999813],[49.979657766999935,-15.687932271999841],[49.98603734500006,-15.700780142999918],[50.00519046500011,-15.705988011999864],[50.011016371999915,-15.698367361999942],[50.030659866000065,-15.713365162999821],[50.042103379000196,-15.73454182099988],[50.03856500700016,-15.748524527999962],[50.055603329,-15.762671324999928],[50.06883670400009,-15.80685637],[50.0506789210001,-15.832407274999866],[50.01246186500009,-15.831652799999972]]]}},{"type":"Feature","properties":{"shapeName":"Sambava","shapeISO":"","shapeID":"10022922B78580830473532","shapeGroup":"MDG","shapeType":"ADM2"},"geometry":{"type":"Polygon","coordinates":[[[49.1524333750001,-14.182148933],[49.16195307000021,-14.19781842999987],[49.183898943000145,-14.207507536999856],[49.18535005700011,-14.22692528899995],[49.226597827000035,-14.223242834000018],[49.28041463600016,-14.200957067999923],[49.323516293000125,-14.218749557999843],[49.345115130000124,-14.21367214399993],[49.35197591000002,-14.193685179999818],[49.3625513290001,-14.188598173999821],[49.35381524500008,-14.168775681999819],[49.364280577000216,-14.15649060099986],[49.39928443400015,-14.16074251799995],[49.41655107800011,-14.140684503999978],[49.45488269100008,-14.13554596099982],[49.49550234500009,-14.158150036999928],[49.53133948800007,-14.137172535999923],[49.574233733000085,-14.138839287],[49.58103000000011,-14.143770004999851],[49.56381230600016,-14.15472210899992],[49.56929270699999,-14.178508539999882],[49.55283,-14.210980004999954],[49.55997090200009,-14.236297009999817],[49.6070963790001,-14.256792003999976],[49.62366550100023,-14.272683069000038],[49.64580592699997,-14.277536632999897],[49.71965304200006,-14.36277953399997],[49.70984363000025,-14.38838190599995],[49.64427133599992,-14.474702230999924],[49.67073422600015,-14.509756913999922],[49.71457275299991,-14.508860763999849],[49.730499999000244,-14.528120004999892],[49.76474027299997,-14.532663756999966],[49.770240717000206,-14.547162244],[49.790812809000045,-14.556649584000013],[49.79883251900014,-14.56519816599996],[49.78682313499996,-14.607429177999904],[49.804543441000135,-14.619955555999923],[49.80642539900009,-14.640698471999883],[49.819397852000236,-14.653755531999934],[49.84574294700019,-14.660134957999844],[49.88680899200011,-14.618246142999908],[49.91423063800022,-14.61837481699996],[49.926128902000016,-14.605916350999962],[49.92835220500024,-14.576046762999908],[49.943878946000154,-14.572283769999956],[49.963016979000145,-14.547831041],[49.98055469000019,-14.544479227999943],[49.99084029400018,-14.530289092999851],[50.01140788300012,-14.534682848999864],[50.015078364000146,-14.523336668999889],[50.05731999900013,-14.519970003999845],[50.07966480600004,-14.526945596999951],[50.095260922000136,-14.554018011999972],[50.128593649999914,-14.563219104999916],[50.18335181200024,-14.552144810999948],[50.18732662100001,-14.516189002999909],[50.175781794000045,-14.44973046199982],[50.200786656999924,-14.30751992199987],[50.18570455700012,-14.271562386999847],[50.15086543100017,-14.25312920999994],[50.14209129500023,-14.226524974999961],[50.1650767980002,-14.054314805999923],[50.15041961200018,-14.04566850999987],[50.1366389220002,-14.00834603699991],[50.139706668000144,-13.830102715999828],[50.08387876900008,-13.845983689999855],[50.04608891200019,-13.834379120999813],[50.017195531000084,-13.844606560999864],[50.03267000000011,-13.889120004999825],[49.987884620000045,-13.876981000999876],[50.0207439400001,-13.910483534999969],[50.048958793000054,-13.924200783999936],[50.05722156700017,-13.956895468999903],[50.07745000000011,-13.975920003999875],[50.03945792900015,-13.99509693999994],[50.03217000000012,-14.01360000399984],[50.045387663000156,-14.016833136999935],[50.021805812000025,-14.03160937999985],[50.00920117000004,-14.05533828699987],[50.01215636799992,-14.124788255999931],[49.97619569700004,-14.137232274999917],[49.94514854600004,-14.16791656099997],[49.92104008500007,-14.127629521999836],[49.924128298000085,-14.118352811999841],[49.8933926310001,-14.128045194999856],[49.87995435100004,-14.116762562999895],[49.86947318800014,-14.07724484800002],[49.877430000000174,-14.051750004999974],[49.84273871200003,-14.041827464999926],[49.833941799,-14.04860204799985],[49.809462871999926,-14.03698527399996],[49.796509232000176,-13.985506833999864],[49.76417621600012,-13.989116193999905],[49.747051936000105,-13.976918782999917],[49.71596415099992,-13.987857329999827],[49.682823630000144,-13.951695758999904],[49.684025552000094,-13.91996149899984],[49.66355530799996,-13.911772787999894],[49.639165761000186,-13.922949772999914],[49.628693092000105,-13.942479671999877],[49.607601357000135,-13.950974609000014],[49.58395135900014,-13.92061272399991],[49.54975290900012,-13.927323224999839],[49.53488874400011,-13.946666314999959],[49.49628834900011,-13.930378341999926],[49.48672654400025,-13.933815380999818],[49.48851752500019,-13.952282512999886],[49.477846335000095,-13.97908175099991],[49.43511157000012,-13.960328846000039],[49.41307115300003,-13.959689803999822],[49.397670654000024,-13.926908325999875],[49.361323196,-13.953040703999989],[49.346298326000124,-13.948640598],[49.31983078200011,-13.989866589999906],[49.27265752500006,-13.986895361999814],[49.26655330200009,-13.995566134999876],[49.22518800200021,-14.006196933999888],[49.21265579300024,-14.025691215999927],[49.21692194500008,-14.040197733999833],[49.20005669400024,-14.060805207999863],[49.18912031900015,-14.112617958999977],[49.16395466000006,-14.123056204999898],[49.14991140600006,-14.152235865999899],[49.1524333750001,-14.182148933]]]}},{"type":"Feature","properties":{"shapeName":"Andapa","shapeISO":"","shapeID":"10022922B40357207342555","shapeGroup":"MDG","shapeType":"ADM2"},"geometry":{"type":"Polygon","coordinates":[[[49.79098352200003,-15.050108872999886],[49.79463032800015,-15.024889354999914],[49.82826326500003,-14.994085697999822],[49.834770062000075,-14.974189243999831],[49.82829137200014,-14.96135192600002],[49.84123187000006,-14.912449971999933],[49.84949745200004,-14.906179895000037],[49.848208697000075,-14.89109283599987],[49.85945504000006,-14.873107217999973],[49.87372877700005,-14.872724214999892],[49.87925896500025,-14.863522270999965],[49.87237840000017,-14.836223251999968],[49.88215834200025,-14.823055835999924],[49.88503183300003,-14.789469134999877],[49.87871137500002,-14.78092332999995],[49.887526444000116,-14.743630258999929],[49.863067898000224,-14.703439359999948],[49.845627186000115,-14.692254225999989],[49.84373244900007,-14.66489911899987],[49.81027273000018,-14.647991115999957],[49.808284793999974,-14.626352752999878],[49.78874736400013,-14.609047488999863],[49.79848085200007,-14.568452122999815],[49.791676806000225,-14.55812126599983],[49.76876747600005,-14.545044247999897],[49.76855243800003,-14.534518368000022],[49.73372000000012,-14.52960000399986],[49.71174704300006,-14.507882196999958],[49.672431206,-14.51013323999996],[49.64523520400013,-14.477137054999844],[49.64980574499998,-14.461174331],[49.71208083000005,-14.38448304099984],[49.71780144000019,-14.359321829999885],[49.64259999900014,-14.273480004999897],[49.625470000000234,-14.274830003999853],[49.55597481600006,-14.228558960999862],[49.55283,-14.210980004999954],[49.56929270699999,-14.178508539999882],[49.56409784100009,-14.15880655299992],[49.58103000000011,-14.143770004999851],[49.5671200000001,-14.134780003999936],[49.54112886100012,-14.135523841999941],[49.49750029400013,-14.15734942499995],[49.46936537700003,-14.148326210999983],[49.46068764400013,-14.135730143999865],[49.41655107800011,-14.140684503999978],[49.39928443400015,-14.16074251799995],[49.35717170900017,-14.161205128999939],[49.3625513290001,-14.188598173999821],[49.35197591000002,-14.193685179999818],[49.345115130000124,-14.21367214399993],[49.323516293000125,-14.218749557999843],[49.27741554400018,-14.20072570699989],[49.24767441199998,-14.217485412999963],[49.18575771200017,-14.228447150999841],[49.18156708000021,-14.205159821999871],[49.16080559100021,-14.1970697779999],[49.154590239000186,-14.185852217999923],[49.122593884000025,-14.205416926999817],[49.109043332000056,-14.197692567999923],[49.106662939000046,-14.260118661999968],[49.140530077,-14.293281964999892],[49.15101454500012,-14.318550935999951],[49.16902296900014,-14.325945382999919],[49.203641260000154,-14.359257494999895],[49.24357756500024,-14.371080486999972],[49.25293606900004,-14.40074235499992],[49.24810217300012,-14.410957143999894],[49.29025979200014,-14.457888382999897],[49.31263299500006,-14.457882642999948],[49.32781344500023,-14.464585851999914],[49.32685632100009,-14.475165525999955],[49.364621902000124,-14.481710660999909],[49.372781063000104,-14.495387068999946],[49.41188014700009,-14.516829923999921],[49.40720391799994,-14.526259783999876],[49.39082297800013,-14.522949456999982],[49.370217776000175,-14.542970878999938],[49.35344507600013,-14.545532129999856],[49.31291402800014,-14.586360044999878],[49.30926838200014,-14.605449860000022],[49.380942982000136,-14.615961669999876],[49.40075821100015,-14.634602960999871],[49.422953410000105,-14.673309557000039],[49.42475504000015,-14.69515767299987],[49.43758924200017,-14.704789755999968],[49.42674972300006,-14.723417295999866],[49.42756794600018,-14.73836820899993],[49.44464286500016,-14.754030237999984],[49.45747372599993,-14.790987640000026],[49.46888392699998,-14.808047794999823],[49.48596355800015,-14.808312707999903],[49.49587690699997,-14.843702967999945],[49.51126704799998,-14.846812279999824],[49.54233144200009,-14.88969527099988],[49.56168550600023,-14.897475695999901],[49.60094466700019,-14.966220123000028],[49.64798514900019,-14.98780452799997],[49.66202997299996,-15.041465234999976],[49.68791370200012,-15.057696646999943],[49.68381840299992,-15.081699695999816],[49.712311668000154,-15.091719735999845],[49.72881416500019,-15.078548967999893],[49.75879269600023,-15.070608068999945],[49.771061096000096,-15.05314244699997],[49.79098352200003,-15.050108872999886]]]}},{"type":"Feature","properties":{"shapeName":"Vohemar","shapeISO":"","shapeID":"10022922B16213196407560","shapeGroup":"MDG","shapeType":"ADM2"},"geometry":{"type":"MultiPolygon","coordinates":[[[[49.8389587100001,-12.859258902999954],[49.84222470800012,-12.850793520999844],[49.835977949000096,-12.839662658999828],[49.8389587100001,-12.859258902999954]]],[[[49.840752512000165,-12.824686760999896],[49.84659043800002,-12.809169005],[49.83677717200004,-12.79844134799987],[49.8346083670001,-12.820217926],[49.840752512000165,-12.824686760999896]]],[[[49.780904547000205,-12.767719758],[49.77269394900014,-12.758686019999857],[49.764400444000046,-12.772311808999973],[49.78244196900005,-12.774711462000027],[49.780904547000205,-12.767719758]]],[[[49.47673759900022,-12.994319169999926],[49.46728146300012,-13.019309731999954],[49.47414743200022,-13.04890587999995],[49.46469570100004,-13.083100968999986],[49.44722999900017,-13.082430003999889],[49.41219180799999,-13.122566444999904],[49.41922101600022,-13.130820446999905],[49.41331220600017,-13.145657205999953],[49.42326088500005,-13.158745594000038],[49.42030170800007,-13.169125727999926],[49.4421789700001,-13.178773364999984],[49.45297701800024,-13.195930953999948],[49.435765734000086,-13.257155209999837],[49.40547081000011,-13.292567461999852],[49.42482933200006,-13.337420680000037],[49.41522418400007,-13.34839982099993],[49.39902393900019,-13.343363654999962],[49.37611329400022,-13.367763657000012],[49.355275566000046,-13.372240089999934],[49.35008622900011,-13.387214018999885],[49.3280234570002,-13.395103355999822],[49.32562438000019,-13.40577579499984],[49.342416374000095,-13.457649002999915],[49.33392783700003,-13.471724970999901],[49.35770867300016,-13.509184992999963],[49.34661288600023,-13.538032932999954],[49.368039006999936,-13.55265393399992],[49.381592301000126,-13.605211376999932],[49.356669393000175,-13.62813433599996],[49.37852113200012,-13.667562099999941],[49.40938533700006,-13.68507058099982],[49.39608648900014,-13.751203951999912],[49.40005014500019,-13.76186758],[49.38245153500014,-13.802663941],[49.38520155000003,-13.826057213999945],[49.3402385,-13.890057572999865],[49.332298111,-13.937866087999964],[49.359081479000054,-13.952994549999914],[49.395121589999974,-13.927621594999835],[49.41307115300003,-13.959689803999822],[49.43511157000012,-13.960328846000039],[49.477846335000095,-13.97908175099991],[49.492937562000066,-13.93116123999988],[49.53589110500019,-13.947436755999945],[49.55201146700011,-13.925775876999978],[49.58603378700013,-13.921182405999957],[49.608519284000124,-13.950915251999902],[49.62971446600005,-13.941564348999975],[49.632387098999914,-13.928112730999885],[49.64618378400007,-13.918440497999939],[49.67827263800018,-13.914254864999918],[49.68689081200023,-13.934012],[49.681637668000064,-13.949798442999963],[49.71432905400013,-13.987304868999956],[49.74932999700019,-13.976469293000036],[49.766885319999915,-13.990481896999825],[49.79795749500022,-13.98664579899986],[49.810025518000145,-14.032583044999853],[49.83292970400004,-14.048140458000034],[49.84273871200003,-14.041827464999926],[49.857616578000204,-14.050607073999913],[49.87234538000007,-14.046987854999884],[49.877430000000174,-14.051750004999974],[49.86947318800014,-14.07724484800002],[49.878022017000035,-14.084547584999939],[49.87097940000024,-14.089362886],[49.87995435100004,-14.116762562999895],[49.890838006000195,-14.126991755999825],[49.91982417100019,-14.11683862599989],[49.93344794400025,-14.15337731399984],[49.94787866800016,-14.16653375199985],[49.97803534200011,-14.136336641999947],[50.01083422000016,-14.128029647],[50.00920117000004,-14.05533828699987],[50.021380546000216,-14.033839949999845],[50.045387663000156,-14.016833136999935],[50.03217000000012,-14.01360000399984],[50.03945792900015,-13.99509693999994],[50.07745000000011,-13.975920003999875],[50.057909109000036,-13.958673269999906],[50.0508200000001,-13.925670003999926],[50.0207439400001,-13.910483534999969],[49.987884620000045,-13.876981000999876],[50.03353,-13.892980004999913],[50.017195531000084,-13.844606560999864],[50.04608891200019,-13.834379120999813],[50.068556859000125,-13.84577525100002],[50.08712216500004,-13.84562930200002],[50.13959831300019,-13.829205004999892],[50.139843635000034,-13.823503607999953],[50.125526211999954,-13.752524863999952],[50.11062756300015,-13.742753050999852],[50.10508866899994,-13.715861434999908],[50.08455685500007,-13.685129729999915],[50.08469686900008,-13.630973808999897],[50.07725570600019,-13.614444084999832],[50.05986971600015,-13.60825824799997],[50.0552617150002,-13.555477790999873],[50.023876576000134,-13.517331829],[50.02310180800015,-13.466326438999886],[50.00783805500015,-13.429044926999836],[50.02200599800011,-13.39081016299997],[50.01650474600018,-13.354836977999923],[50.00582957000012,-13.353957615999889],[49.99736375200007,-13.369218626999952],[49.97760962300015,-13.360604819999935],[49.97366522700008,-13.314896358999931],[49.96565838700019,-13.308735614999932],[49.97520497300013,-13.303089224999837],[49.97507683499998,-13.291547349999917],[49.94987151400022,-13.265475880999873],[49.940896522000116,-13.225258297999915],[49.918451912999956,-13.192759161999959],[49.931980942000166,-13.08936758599998],[49.92318441800012,-13.06270666],[49.927948158000106,-13.043188234999832],[49.90634051000018,-13.02849853299989],[49.88865394900006,-13.002116256999955],[49.87064910700019,-12.943583100999888],[49.860131102000025,-12.958850729999881],[49.841197968000074,-12.94991802699991],[49.834767907000185,-12.92358021699988],[49.856207380000114,-12.91347450499984],[49.85698460500004,-12.898668096999813],[49.84220726000012,-12.88596701099982],[49.82022343700004,-12.89763713799988],[49.80086932399996,-12.889505262999933],[49.78116181499996,-12.849576553999952],[49.77890262,-12.824053995999861],[49.787046430999965,-12.810352007999825],[49.74900293900015,-12.77947781599994],[49.75253554300019,-12.76956091399984],[49.732042033000084,-12.777421050999862],[49.718595670000184,-12.769102627999928],[49.726677673000154,-12.753247436999914],[49.722695394000084,-12.74315109499986],[49.71238274300009,-12.741179852999835],[49.69386259700019,-12.748643822999952],[49.687965574000145,-12.786420858999861],[49.67461080100014,-12.795651884999984],[49.67564312000002,-12.812201125999877],[49.65829404100015,-12.806685145999836],[49.643794562000096,-12.817626459999985],[49.63063802900018,-12.816403134999916],[49.61487628700024,-12.797369452999988],[49.575281437000115,-12.809806831999936],[49.55313882099995,-12.852571786],[49.528123711000205,-12.84562388399985],[49.51511912300015,-12.870890295999914],[49.524949205999974,-12.88670279299987],[49.47398,-12.950150004999841],[49.49440506800016,-12.967848886000013],[49.47673759900022,-12.994319169999926]]]]}}]}